id,sentence
0,the half-ling book one in the fall of igneeria series kaylee soderburg copyright 2013 kaylee soderburg all rights reserved .
1,"isbn : 1492913731 isbn-13 : 978-1492913733 for my family , who encouraged me to never stop fighting for my dreams chapter 1 summer vacations supposed to be fun , right ?"
2,i wish i had a better answer to that question .
3,"starlings , new york is not the place youd expect much to happen ."
4,"its a small quiet town , the kind where everyone knows your name ."
5,its a place where your parents wouldnt even care if you stayed out late biking with your friends .
6,"only because everyone felt so safe , so comfy ."
7,they dont know the half of it .
8,but i do .
9,i know it all and starlings is not the place where you want to be after dark .
10,"the only reason why no one knows this is because jason , emily , seth and i have kept it that way ."
11,"i walked along the empty road alone , occasionally waving to passing kids on bikes ."
12,"my backpack was slung over my shoulder , filled with my writing books and sketchpads ."
13,"i kept my eyes on the shadowed road , watching my every step ."
14,"usually i was more aware of my surroundings , but today i was tired and didnt care if i rammed into a tree ."
15,i kicked a rock into the grass .
16,"the sun was starting to set , painting the sky in brilliant oranges and reds ."
17,"it slipped down the sky , allowing the first stars to peek out from behind the bright curtain ."
18,"the remaining light cast shadows over everything , creating the illusion that there was double of everything ."
19,"the world prepared to go into its hours of unreal silence that made it seem magical , and it really was ."
20,my phone buzzed and i awoke from my trance .
21,i thumbed the keypad and opened the message seth had sent me .
22,it read : whatcha doing ?
23,i flipped open the pad and wrote : walking home .
24,i shoved it back in my pocket and continued walking .
25,the sun was almost gone and shadows were starting to appear behind everything .
26,"i looked at my own shadow , that danced behind me ."
27,the phone buzzed again as seth sent me a reply .
28,see anything ?
29,do you want me to meet you ?
30,i glanced at the nearby woods .
31,"my ears heard nothing and i didnt see any movement but my hands shook slightly as i typed , nothing , im fine ."
32,i didnt open his reply because i knew what it would say .
33,i already knew that it was strangely quiet .
34,maybe i could stay home and sleep one night .
35,or maybe i could finish a painting tonight and watch mom do origami .
36,"i turned the corner , and my house came into view ."
37,i started to climb the hill when i froze .
38,out of my left eye i saw the outline of a creature .
39,it was heading through the woods in the direction of my house .
40,i swore under my breath and took off for the woods .
41,my feet crunched on the fallen branches and leaves .
42,i could see the creature ahead of me .
43,i didnt have much time .
44,i placed my bag on the ground and crossed my legs .
45,i started to grab my phone but stopped .
46,"i didnt need to tell the others , it was just one ."
47,"and if i was lucky , it would be an easy take down ."
48,i closed my eyes and began my mental countdown .
49,"the wind picked up around me , as if a wind current had just appeared out of nowhere ."
50,"5 my body started to feel hot , like i was being hugged by the sun ."
51,i hated this part .
52,4 power surged through me as i was freed from my human self .
53,shivers ran down my spine .
54,"3 i felt cold , like being dipped in ice water ."
55,the breeze picked up even harder .
56,2 i was hollow and could probably see my own body if i opened my eyes .
57,but i could never get the courage to do that .
58,1 the wind died .
59,my body felt normal except it was different .
60,i opened my eyes and looked over to where i just had been or still was .
61,my human body slightly glowed as it sat in meditation under the tree .
62,it didnt move .
63,i could see the monster clearly now that i had stepped into its world .
64,"it was hunched over , occasionally touching the ground with one of its curled front paws ."
65,dark saliva dripped out of its mouth .
66,the beady black eyes made it no less scary .
67,i knew exactly what it is .
68,a thrasher !
69,a shiver ran down my spine .
70,thrashers were probably one of the most feral and nasty monsters ive ever encountered .
71,they sometimes travel alone or hunt in packs .
72,"theyre awful in packs , extremely hard to take out without their knowledge of your presence ."
73,"i placed an arrow in my bow , and aimed for the head ."
74,i couldnt let the creature reach my house .
75,"i pulled back the string , and then stopped ."
76,"i couldnt take out one of these like , this unless i set it on fire ."
77,but emily wasnt here .
78,i could take it out with a few arrows but its best to kill thrashers before they realize youre there .
79,"instead i lowered my bow and slowly crept up to it , until i could see the hideous claws on its hands and the hatred in its eyes ."
80,thrashers hate everything and sometimes i wonder how they tolerate each other .
81,i aimed for the head again and released the arrow .
82,it whizzed silently into the thrasher and it howled in pain as the arrow dug into its fur .
83,"it whirled around , facing me ."
84,a low growl sounded in its throat and it charged .
85,i ducked as it slashed my side and i winced .
86,my shirt slowly turned blue from the trickling wound .
87,"yes , blue , my blood is blue ."
88,it turned back around and threw its self at me .
89,this time i was prepared .
90,i pulled out my hunting knife out just as he landed on me .
91,he yelped and went limp .
92,"i pushed him off and grabbed my fallen bow , the familiar feeling of the wood boosting my confidence ."
93,"i turned back around and started back where i left off , but then a body slammed into me ."
94,"i just had enough time to see the thrasher , before the fur and dirt filled my vision ."
95,i spit out the clump of wiry hair that had somehow found its way into my gasping mouth .
96,i felt a searing pain as the thrasher raked my left leg .
97,"i closed my eyes against the pain , trying to focus myself against the dull throb in my shin ."
98,then the thrasher went limp against me .
99,it was hauled off of my body and i found myself looking up into the face of a very unhappy dark blue haired boy .
100,"his sword was gripped tightly in his clenched fingers and a look of amusement , or many it was anger , shone on his face ."
101,"i swallowed and collected my weapons from the ground , not daring to look at my leg ."
102,"hi seth , this is unexpected ."
103,seth glared at me and pulled me up .
104,he was definitely angry at me .
105,i tried to place weight on my leg but winced as pain shot up it .
106,he kicked the dead thrasher one more time before sheathing his sword .
107,you know better jazell then to take on a monster by yourself .
108,"you never know what kind it is until you have already changed , he scolded me and i could feel a lecture coming ."
109,i looked down at leg .
110,claw marks ran up my shin and my blue blood was soaking my pants .
111,i had to seth ; it was heading for my house .
112,that made me panic a bit .
113,i dont care jazell ; if i hadnt been here i would have found you shredded to small pieces .
114,all you had to do was send me a quick text and i would have showed up to help .
115,but you didnt .
116,"i sighed in annoyance , not in the mood for this right now ."
117,"seth was like this sometimes , strict and serious , but he was normally a jokester ."
118,"hes strict on the fact that we attack in groups , mostly for the reason that he didnt want anything to happen to our group ."
119,i started to slowly limp back to my body but seth just disappeared from my side .
120,"he has this annoying skill to be able to just return to his body without having to be near it , which wasnt fair when he wasnt the one injured ."
121,"i , however , had to stiffly make my way to my dormant human body ."
122,"once i was near it , i closed my eyes and the wind picked back up ."
123,my body felt hot and cold simultaneously as i returned .
124,"i reopened my eyes and stood up , stretched , and grabbed my bag ."
125,my back sent a chorus of cracks cascading upwards as i straightened myself .
126,"i raised the side of my shirt to find the thin , red scratch marks ."
127,"any injuries i get in my hunter form i have when i become human again , just not as severe ."
128,"i quickly ran my fingers over the darker , thicker marks on my shin , the skin sore and purple ."
129,"i quickly checked myself for any other injures i might have acquired from my tangle with the thrasher , but all i found was a bunch of bruises ."
130,"seth seemed to have disappeared , so i trudged down the road to my house ."
131,its cozy familiar blue paint and white shutters helped to relax me as i pushed open the door .
132,my house wasnt very big and fancy ; it was actually pretty plain but thats why i loved it .
133,"it had two floors , with a fair sized kitchen and a mini living room ."
134,"my room was just up the stairs , and it beckoned to me even though i was more interested in dinner ."
135,my mom was cooking in the kitchen and my dad was sitting at the kitchen table going through his usual paper work .
136,"he looked up as i entered , pushing his glasses back up his face ."
137,"hi sweetheart , finally home ?"
138,he asked giving me a warm smile .
139,i kissed his cheek and my moms before heading toward the stairs .
140,yup .
141,"dinners ready in a few minutes , jazell !"
142,"my mom called as i climbed the stairs , eager to collapse on my bed for a few minutes ."
143,got it !
144,i called back .
145,"my room was painted a light green , with a bed shoved in the corner and a bookshelf overflowing with books ."
146,i had a small desk to the left of my bed that was piled up high with homework and random drawings .
147,i threw my bag on my bed and took off my shoes .
148,then i headed back down stairs to help set the table .
149,my mom handed me some dishes and utensils .
150,i set a plate down in front of my dad .
151,he frowned and pointed to my scratched shin .
152,what happened ?
153,"he asked , and studied my leg ."
154,i tripped on a crack and scraped my leg .
155,"i said flatly , the lie rolling off my tongue easily ."
156,i placed my last dish down and sat in my chair .
157,dad chuckled .
158,youre so clumsy .
159,i wouldnt be surprised if you tripped on your own feet .
160,"yup , thats me , clumsy ."
161,i pulled my leg close to my body .
162,my parents had believed for a long time that i was a klutz .
163,that was the only way to explain the million of cuts and bruises i gained from fighting creatures .
164,"the truth is that i have really great balance , which i had gained from so much fighting ."
165,"i was a little klutzy when i was small , so it was easy for my parents to believe i still was ."
166,mom placed the food on the table .
167,dinner !
168,after dinner i went straight up stairs to go to sleep .
169,and hopefully my phone wouldnt stop me like it did most nights .
170,monsters loved to come out at night and cause trouble .
171,"they never seem to rest , much to my annoyance ."
172,"i sighed and rolled over , burying my face in my pillow ."
173,i managed to think about something other than creatures that go bump in the night as i drifted off to sleep .
174,"in the morning i changed and ran down stairs and left a note saying i was going out to eat with jason , emily and seth ."
175,it took me minutes to speed down to the small breakfast restaurant in town .
176,i chained up my bike and walked over to the plastic blue table my friends had occupied .
177,"i slid in next to emily , who was talking about some book she had read recently ."
178,"jason , who sat next to her , was pretending to be fascinated by her rant ."
179,emily stopped in mid-sentence when she noticed me sitting beside her .
180,"jazell , youre here !"
181,she exclaimed .
182,"is it true , did you take on a monster by yourself yesterday ?"
183,"i sighed , shooting a look at seth ."
184,yes it is .
185,thanks tattle-tale seth .
186,well you did and i thought the group had a right to know that .
187,seth said sharply .
188,how could you jazell ?
189,you could have gotten seriously hurt .
190,plus i bet all of us want a shot at them too .
191,she huffed and shook her head .
192,the light brown curls that framed her pretty face bounced around playfully .
193,"im fine emily , seriously ."
194,jason was silent .
195,"he never talked much like emily , who was easily the most talkative , friendly person i knew ."
196,"jason was more of the silent , watching type , who said little but noticed much ."
197,"i traced in a puddle on the table , avoiding everyones eye contact as they stared at me ."
198,emily patted my arm .
199,its okay .
200,we arent mad at you or anything .
201,right seth ?
202,she glared at him .
203,he shrugged .
204,i guess .
205,emily perked up .
206,"you see , everyone makes mistakes ."
207,seth grunted to himself .
208,emily rolled her eyes .
209,"hey seth , its not like you havent done something stupid ."
210,we all remember the swamp troll .
211,seth frowned and jason snickered .
212,seth punched his arm .
213,hey dont make me nag you about the time you almost took off my head with your throwing knifes .
214,jason stopped dead and narrowed his eyes .
215,it was an accident .
216,i didnt know youd run that way .
217,"alright , we understand that weve all done stupid , foolish things ."
218,"so lets just add this accident to my list , okay ?"
219,i said quickly before the two started something .
220,they nodded but shot each other smirks .
221,"i sighed , wondering why those two buffoons had been granted this power along , with emily and me ."
222,its not like they werent foolish enough already .
223,the day when it all changed was still a mystery to us .
224,a lot of things happened that didnt quite make sense .
225,the four of us were already best friends .
226,"we were walking through the woods , rambling on about how halloween was almost here and that ms."
227,stecher was still giving us too much homework .
228,then all of a sudden an invisible object slammed into me .
229,i shrieked and couldnt move .
230,it had me pinned to the ground .
231,seth ran forward and grabbed a branch to protect me .
232,it should have gone right through the air but it collided into something and snapped in half .
233,seth dropped it in amazement .
234,emily ran over to me but was plowed to the ground .
235,"she screamed , spitting out dirt , twigs and leaves ."
236,"seth stood watching , terrified ."
237,he didnt have a clue as what to do to fight these invisible creatures .
238,"none of us did , at that time , because we didnt know what was going on ."
239,the world was still a normal place to us at the time .
240,something grabbed seths legs and pulled him against a tree .
241,he kicked and punched but couldnt find the right place to hit his attacker .
242,hold on !
243,jason yelled .
244,i opened my mouth to say that we already were when he vanished .
245,dragged away was my guess .
246,my legs shot with pain .
247,i heard emily yell the first curse words ive heard her say in a while .
248,i spotted her red arm just before my body felt like fire .
249,i closed my eyes and blacked out .
250,i didnt really black out but thats what i thought at the time .
251,i opened my eyes to find i was sitting on the ground next to my sleeping body .
252,"i saw emily sitting there , saying nothing for once ."
253,something fell off my back and i picked it up .
254,"it was a wooden bow , and when i reached behind my back i felt a quiver full of feathered arrows strapped there ."
255,"i ran a finger over the smooth , dark wood and turned to see seth crashing out of the woods ."
256,i smirked at him and pointed at his head .
257,you have dark blue hair .
258,"i giggled , not knowing why i was giggling after what had just happened to us a few minutes ago ."
259,he frowned and pulled a piece or two out of his head .
260,"his eyes widened , and i laughed at the shock on his face ."
261,"if we were dead , which was my best guess , why not poke fun at him ?"
262,seth smiled at me .
263,"well , yes but you have green hair ."
264,"its bright green , like neon green ."
265,i shoved my hair in front of my face .
266,it was bright green all right .
267,i stood up and examined myself .
268,i was wearing light brown hunting boots and tight black pants made out of some sort of light cloth .
269,a thick woven jacket was shielding me from the october cold .
270,"when i looked back at seth , i realized he had also made an outfit change ."
271,he was wearing black leather boots and dark blue pants .
272,"his top was a short , brown cloak with a hood and leather belt ."
273,a beautiful steel sword with an ornamental hilt was swinging at his side from a woven sheath .
274,"oh well , i guess i have green hair ."
275,its not that bad .
276,i like green .
277,i rambled as i examined the short hunting knife that was resting in a small sheath on my hip .
278,i ran a finger over the blade before putting it back .
279,how seth and i had acquired such dangerous weapons was anyones guess .
280,i certainly had no clue .
281,i heard footsteps and turned to see emily running over .
282,"she was wearing a close fitting , long robe ."
283,it was a stunning deep blue with a trim of gold embroidery .
284,she had no weapons dangling from her body were visible from where i was standing .
285,i have pink hair !
286,isnt it cool ?
287,she spun around so we could take in all of its bubblegum pink color .
288,she looked at the bow slung over my shoulder and seths gleaming sword .
289,"hey , i dont have anything cool and deadly ."
290,why do you both get something like that and i didnt ?
291,its not like you can trust jazell with something sharp or dangerous .
292,hey !
293,we cant trust you either .
294,"i pointed out , crossing my arms ."
295,arming you is as scary as giving a kindergartener a knife .
296,she gasped .
297,"yeah , well , im ignoring you now ."
298,she huffed and turned around .
299,there you are !
300,"jason exclaimed as he crashed out of the trees , panting ."
301,his wavy hair was a deep red that framed his eyes but he didnt seem to have noticed its color change or to care .
302,he was wearing an all black layered tunic and pants with boots that looked as light as mine .
303,"if i didnt know it was jason , i would have taken a huge step backwards at his assassin-like appearance ."
304,whats going on ?
305,"he demanded , eyes flickering from each of us as he took in all of our strange appearances ."
306,"dont know jason , were as stumped as you ."
307,i said .
308,he bit his lip and then smirked .
309,"oh , i almost forgot ."
310,look at this .
311,"he gestured at his belt , grinning mischievously ."
312,"hanging there were a multitude of thin , dangerous looking knives ."
313,he pulled up his sleeve so i could see another one strapped there .
314,"cool , huh ?"
315,emily had turned to see jason appear .
316,"she spotted his knives and groaned , stomping her foot ."
317,aw come on !
318,jason whispered behind his hand to seth and i.
319,whats up with her ?
320,seth shrugged .
321,i dont know .
322,girl issues ?
323,i heard that !
324,emily said angrily .
325,thats when suddenly a hideous creature appeared in front of us .
326,"it was hunched over , with thick furry skin and wicked claws that shot out of its curled paws ."
327,"we would soon know them as thrashers , beasts we would get used to seeing ."
328,"i dont know who screeched louder in fear , but im pretty sure it might have been me ."
329,seth pulled his sword out but his hand shook like mad .
330,i clumsily pulled an arrow out of the quiver on my back and struggled to attach it to my bow .
331,how the heck did those people in movies make this look so easy ?
332,"i exchanged a look with seth , but he looked as clueless as i did ."
333,none of this felt real .
334,"i swear , the creature laughed at us ."
335,or maybe my fear was making me see and hear things .
336,"jason moved silently to stand beside us , one of his throwing knives in his hand ."
337,what do we do ?
338,were dead so it cant hurt us right ?
339,i asked .
340,i dont feel dead .
341,jason whispered .
342,i didnt either .
343,"in fact , i realized that my whole body was aching from the strange attack i had experienced ."
344,"and if i was dead , i wouldnt need to breathe so heavily ."
345,my heart was racing so fast that it might explode right out of my chest .
346,jason threw the knife he had been holding and it stuck into a tree .
347,he grinned at me and i guess it hit exactly where he wanted .
348,"on the count of three , we attack with everything weve got ."
349,okay ?
350,seth looked at jason and i .
351,we nodded at him .
352,"one , two three !"
353,"when seth hit three , he charged with his sword ."
354,i pulled back and released my arrow .
355,it hit the thrashers front paw .
356,"before i could think , i had notched another one on the bow and drew back the string ."
357,it was like i had been an archer my whole life .
358,"jason threw knife after knife , hitting its mark every time ."
359,"when the creature went down , seth stood and took a breath ."
360,then another tackled him to the ground .
361,i didnt know what to do and jason didnt either .
362,emily ran forward and pointed to seth who was clawing toward his weapon .
363,do something !
364,she screamed .
365,"before i could reply , fire shot from her finger ."
366,the thrasher yelped and jumped off seth and ran toward emily .
367,"she smiled wickedly and held both hands out , pelting the creature with fire ."
368,i pulled seth up in time to see the thrasher buried entangled by roots shooting from the dirt .
369,jason threw a knife in the pile to make sure it was really dead .
370,you okay ?
371,"i asked seth , and congratulated emily on her new found talent ."
372,im fine .
373,he said and limped over .
374,i gasped and pointed to his leg .
375,"seth , youre bleeding blue !"
376,"he just blinked at him , glancing down at his leg ."
377,he didnt answer as he tugged at me to start walking back towards where we had last seen ourselves .
378,"we could still see our bodies sleeping peacefully , but this time i noticed that we were all faintly glowing blue ."
379,i could see the rise and fall of my chest as i breathed .
380,"so i really was alive , which made this situation even creepier and stranger ."
381,i had two bodies !
382,how was this even possible ?
383,what do we do ?
384,"seth , do you any ideas ?"
385,she frowned when he didnt answer .
386,seth ?
387,emily spun in a circle but seth was nowhere to be found .
388,seth walked out from behind a tree .
389,but he was normal seth .
390,he had his dirty blonde hair back and was wearing his dirty jeans and shirt from school .
391,"no dark red hair , no glimmering sword , no bleeding wound ."
392,his warrior self was nowhere to be seen .
393,seth howd you do that ?
394,i asked .
395,he whirled around .
396,whos there ?
397,"me , you idiot !"
398,i snorted .
399,"he stared at the place where i was standing , but his eyes werent focused on me ."
400,jazell ?
401,"obviously , are you blind ?"
402,i can hear you but cant see you .
403,arent you back ?
404,where are you ?
405,no .
406,"i said frustrated , now tell us how you got back ."
407,he closed his eyes and sat down .
408,"i imagined myself in my body , and what is was like to be back ."
409,and then i was back to normal .
410,wait .
411,"the wind picked up around him and then suddenly he was back , blue hair and all , standing beside his sitting , normal body ."
412,wow how did you do that ?
413,emily gasped .
414,i imagined what it was like to fight that creature .
415,and then my body took over .
416,"he explained , but i dont think he even understood ."
417,then he was gone again and the real seth stood up .
418,try it .
419,i closed my eyes and thought of school and all of ms.
420,stechers homework that i needed to do .
421,then my body was doing the rest .
422,"i felt hot and cold , as the winds seemed to pick up ."
423,i shivered and opened my eyes .
424,i was lying on the ground .
425,"my hair brown hair flopped in my face as i sat up , seeing emily dash over to me ."
426,"seconds later jason walked through the trees , rubbing his face ."
427,seth grinned at all of us ; we were back .
428,thats how it all started .
429,"i dont know how we got the gift to become these different people , but we did ."
430,thats the mystery and hopefully well solve it one day .
431,"we were chosen for some unknown reason , but that reason doesnt matter ."
432,all that matters is that we protect this town .
433,jasons eyes flashed .
434,i stood up and leaned over to him .
435,what jason ?
436,"monsters , a whole bunch of them ."
437,i saw the movement near the pond .
438,he pointed to the pond that was just nestled in the woods .
439,"and with that , we were off ."
440,"running towards the pond to do what we do best , destroy monsters ."
441,only this time it was different .
442,"chapter 2 we ran and ducked behind a large boulder , huddling together ."
443,"we all sat down , closed our eyes , and concentrated ."
444,i felt a shiver run through my body as i left it and entered my hunter form .
445,"i followed emily , jason , and seth as we crept silently over to the monsters , splitting up to surround them ."
446,"i counted two thrashers , which surprised me ."
447,i swear we saw more before .
448,the thrasher turned before we could execute a surprise attack .
449,"seth marched over , swinging his sword ."
450,jason threw knives calmly at the other monster while emily casted fire by his side .
451,"i , however , was jumped on by something entirely new ."
452,"they were small and stubby , the size of dwarfs or gnomes ."
453,"their skin was shriveled and grey , and hung off their bodies like cold clothing ."
454,their eyes were a bright yellow that matching their teeth and their fingers looked like gnarly old trees .
455,and the smell ; it was awful .
456,"they grabbed my feet , back and tugged at my hair ."
457,why does everything always happen to me ?
458,i complained .
459,no one heard me .
460,"the ugly creatures continued tugging at me like annoying two year old , which made me get really annoyed ."
461,get off me ugly looking toad dwarfs .
462,"hey , thats what ill call you , toad dwarfs ."
463,i smiled at my quick thinking .
464,i could be clever sometimes .
465,take that seth .
466,"silly girl , were already called toad dwarfs ."
467,the one on my leg croaked .
468,"aw darn , never mind then ."
469,so much for being clever .
470,the one on my back grabbed my hair .
471,he yanked it back .
472,ow !
473,it may be green but i still value it !
474,"i grumbled , trying to pull my head free ."
475,i also had no desire to be bald at 16 .
476,"hes rising , hes rising !"
477,the dwarf said excitedly .
478,his voice cracked at the last word .
479,who the heck is rising and why does it require pulling my hair out !
480,i snapped .
481,"hes rising , hes rising !"
482,"he repeated , full of crazed excitement ."
483,i swear i could feel him shaking from exhilaration .
484,"whatever , youre now an official maniac ."
485,i pulled out my hunting knife .
486,maniacs get destroyed by me .
487,no maniacs are allowed to exist except for me and emily .
488,he jumped off as i stabbed the one on my arm .
489,i grabbed my bow and shot him with an arrow before he his little legs could he him very far .
490,"he fell to the ground , the arrow sticking straight up at the sky ."
491,now the forest was maniac free .
492,"i killed the others and looked up to find the thrashers dead too , probably courtesy of seth ."
493,a few dwarfs were also lying dead in front of emily .
494,i walked back to my body and closed my eyes .
495,"when i reopened them , i stood , stretching my legs ."
496,"the four of us headed back to the restaurant together , adrenaline still pumping through my veins ."
497,i told emily and the boys about the freaky dwarves .
498,crazy right ?
499,"i asked , running a hand through my hair ."
500,no one said anything and emily produced a pencil out of her bag .
501,"i need a piece of paper , jazell ."
502,i ripped one out of my notebook and handed it to her .
503,we sat at the table and emily titled the page : warnings .
504,i didnt know why .
505,"okay , jazell , what exactly did he say ?"
506,"emily asked , pencil poised in the air ready to write ."
507,"he said , hes rising , hes rising ."
508,i have no idea who he meant or if what he said means anything .
509,"emily scribbled down , toad dwarf said , hes rising , hes rising ."
510,whos coming and is he important ?
511,"i stared at the paper , the question swirling in my mind ."
512,who did he mean ?
513,"now what did the dwarf tell you , seth ?"
514,she asked .
515,"he said , you wont stop him , little warrior ."
516,he frowned at the last part .
517,"emily added , toad dwarf told seth , you wont stop him , little warrior ."
518,does this mean hes powerful ?
519,did you have to add the little warrior part ?
520,it makes me sound weak .
521,seth complained .
522,i did because we need all the facts .
523,its obvious the dwarf was trying to make you sound weak anyway .
524,"now what did he tell you , jason ?"
525,"he said , he will destroy all half-lings ."
526,"whats that supposed to mean , anyway ?"
527,jason said .
528,"she added the last bullet ; toad dwarf said to jason , he will destroy all half-ling ."
529,what does half-ling mean ?
530,did the dwarfs tell you anything ?
531,"i asked , taking the paper ."
532,none of what she wrote on the paper made any sense to me .
533,she shook her head .
534,"no and if they did , i was too busy trying to burn them to hear them ."
535,she took the paper back .
536,well i think the only thing weve established is that toad dwarves are crazy .
537,seth said .
538,"i noticed a thin , red line on his cheek where a thrasher must have scratched him ."
539,emily wagged her finger at him .
540,never dis facts .
541,they might save you later in life .
542,seth just snorted .
543,jason punched him in the side .
544,listen to emily .
545,shes actually right sometimes .
546,"thank you , jason ."
547,"she said cheerfully , huh wait , sometimes ?"
548,she raised an eyebrow at him .
549,jason scowled at her .
550,im admitting youre sometimes right so dont push it .
551,point taken .
552,she tucked the paper in her drawstring bag .
553,you guys want to go to the park ?
554,"they both half nodded , half shrugged , which she took for a yes ."
555,so we got up and mounted our bikes .
556,"i threw the bike lock in my bag , clipped on my helmet , and followed the others ."
557,"the three of them raced each other , but i kept my bike behind them ."
558,what the dwarf had said was still troubling me and i didnt know if anyone else was feeling the same way .
559,i saw seth slow his bike down and glide next to me .
560,"hey , he said ."
561,hey .
562,"then a question popped into my head , what were you doing alone in the woods yesterday ?"
563,"he was silent so i yelled to emily , hey , seths lost for words !"
564,emily appeared by me and chuckled .
565,"whats wrong , seth ?"
566,thrasher got your tongue ?
567,"before he could reply i said , i asked him what he was doing in the woods yesterday and he didnt have an answer ."
568,we all know what this means .
569,"yup , hes hiding something ."
570,"seth , why were you yelling at jazell for being out alone in the woods when you were doing the same ?"
571,i wasnt hunting down monsters alone .
572,"jazell was doing that , he grumbled , clearly annoyed ."
573,but you were still out alone and you yelled at me for doing the same thing .
574,the same thing could have happened to you .
575,do you think youre stronger than the rest of us ?
576,my voice rose slightly at the end of my question .
577,no .
578,he went quiet and tried to avoid our eye contact .
579,now whos keeping secrets ?
580,youre breaking your own rules .
581,why were you out ?
582,"emily can be very demanding sometimes , i actually felt a little bad about involving her in my interrogation ."
583,just a little .
584,he mumbled something under his breath .
585,i cant hear you .
586,emily snapped .
587,i was out scouting !
588,"he shouted , now can you hear me ?"
589,"yes , and now youve made me deaf !"
590,emily yelled back .
591,why were you out scouting in the first place ?
592,"i asked calmly , trying not to shout it out like emily ."
593,seth gripped the handlebars and i knew he was losing his temper .
594,"i was being cautious so we didnt have to worry last night , he said through gritted teeth ."
595,he was lying and both of us knew that .
596,"i glared at him , nice story seth , now what really happened ?"
597,"he didnt say anything and he rode ahead to get beside jason , who was in the lead ."
598,the park slowly came in view .
599,it was a huge grass circle with a small play set in the middle covered in kids .
600,the woods surrounded it except for the side that faced the street .
601,a fountain was near the entrance along with a bike rack .
602,thats where we parked our bikes .
603,i clicked the lock together and grabbed my bag .
604,"emily was fumbling with her bike lock , which was old and rusted and usually refused to work without a fight ."
605,i walked over and tried to help her .
606,why do you think seth wont tell us what he was doing ?
607,"i asked , watching her because she had refused to let me help ."
608,pride purposes ?
609,he was yelling at you when he broke his own rules .
610,he just doesnt want to admit he did she said through her wild hair .
611,her lock finally clicked and she stood up .
612,the boys were walking side by side towards the play set .
613,it wasnt actually that small but it looked that way from the street .
614,there were six swings and a tower with four slides attached to it .
615,i ran after them with emily right behind me .
616,i slowed down next to jason and put my arm on his shoulder .
617,"hey jason , do you know seths a liar ?"
618,i asked and seth shot me a bad look .
619,"jason frowned at me , what are you talking about , jazell ?"
620,he broke his own rules .
621,he was out scouting without telling us .
622,i smiled and jason stiffened .
623,what ?
624,he growled .
625,are you two trying to create trouble ?
626,seth cut in .
627,emily put her arm around my shoulders .
628,"no , we just want the truth , emily said sweetly ."
629,"yeah okay , whatever ."
630,"seth shoved his hands in his pockets , and glared at the ground ."
631,i sat on one of the swings next to emily .
632,i traced the sticky metal rings and sighed .
633,emily was on her phone .
634,i saw seth and jason arguing off to the side .
635,everything was back to normal .
636,there was even a dwarf climbing the slide .
637,"wait , hold on ."
638,a dwarf ?
639,"i elbowed emily in the arm , uh emily , is a dwarf using a slide a normal thing ?"
640,i nodded in the direction of the dwarf and her eyes widened in surprise .
641,she jumped off the swing and grabbed me by the arm .
642,"she ran over to jason and gripped his arm with her free hand , pulling us both after her ."
643,seth frowned but had no choice but to follow .
644,wheres the dwarf ?
645,she asked quickly .
646,climbing the slide .
647,weird huh ?
648,i almost tripped but i caught myself .
649,"she pushed us into the woods , we got to move fast before someone gets hurt ."
650,make sure no one is around .
651,"in a matter of seconds , i had an arrow in my bow , seth had his sword in his hand and jason had his hands full of knives ."
652,"the dwarf was sitting on the edge of the slide , looking like an ugly version of a toddler , and a few more came out of the woods to join him ."
653,we tried to sneak up without being spotted but one of the dwarves turned his head and saw us .
654,he immediately launched himself onto emily .
655,she screeched and i thought i saw one of the kids turn around .
656,he crawled up to her ear and whispered something that i couldnt hear .
657,"she froze , but i saw her place her hands on his wrinkled skin ."
658,"fire flared from her fingertips , scorching his skin ."
659,"he let out a screech and vaulted off her , running as fast as his legs could take him ."
660,i held an arrow out and emily set it ablaze .
661,"i drew back , launching the arrow , and watching it as it hit the dwarf in the back ."
662,the fire charred its dying body and i looked away to face my new attacker .
663,one jumped on my head and i swung with my knife .
664,"it yelled into my ear , the one will rise , the one will rise !"
665,he will destroy you !
666,"i stabbed at him again , who ?"
667,youre being too vague !
668,he jumped off me and ran into the woods .
669,he disappeared before i could notch an arrow and shoot him .
670,soon we were alone again .
671,emily made us all meet by the fountain .
672,i guess we all heard some weird dwarf talk .
673,okay ill start this time .
674,"he said , kill all the dwarfs you like , but kojas will rise ."
675,at least we have an idea of who they might be talking about .
676,"she added to her list ; toad dwarf said , kill all you like but kojas will rise ."
677,is kojas the person theyve been talking about ?
678,who is he ?
679,"he told me , the one will rise , the one rise !"
680,he will destroy you !
681,thats almost the same thing as last time .
682,i tapped the fountain .
683,"she scribbled , toad dwarf said , the one will rise , the one will rise !"
684,he will destroy you !
685,is kojas rising ?
686,"seth , do you have anything ?"
687,emily clicked her pencil .
688,"seth shook his head , but jason spoke up , he said , the king will rise ."
689,then he left .
690,"emily added one last bullet ; toad dwarf said to jason , the king will rise ."
691,"her list was : toad dwarf said to jazell , hes rising , hes rising ."
692,whos coming and is he important ?
693,"toad dwarf told seth , you wont stop him , little warrior ."
694,does this mean hes powerful ?
695,"toad dwarf said to jason , he will destroy all half-ling ."
696,what does half-ling mean ?
697,"toad dwarf said to emily , kill all you like but kojas will rise ."
698,is kojas the person theyve been talking about ?
699,who is he ?
700,"toad dwarf said to jazell , the one will rise , the one will rise !"
701,he will destroy you !
702,is kojas rising ?
703,"toad dwarf said to jason , the king will rise ."
704,she placed her notes in the middle so we could read it .
705,what does this all mean ?
706,i asked her .
707,"she was silent , i guess the person theyre talking about is kojas , but we dont know who he is , or if hes important ."
708,"well , im thinking hes important because these weird dwarfs keep talking about him ."
709,maybe hes their idol or something .
710,i said .
711,"well , seth stated , maybe we should ask the dwarfs where he is ."
712,thatll be hard .
713,emily pointed out .
714,they hardly tell us anything as it is .
715,you try squeezing out information from one of these pests .
716,i did .
717,"whatever guys , were getting nowhere ."
718,hey emily you want to sleep over tonight ?
719,i asked .
720,"emily frowned , its my turn , jazell , and youre coming over my house ."
721,"honestly , em , just come over no , she said and crossed her arms stubbornly ."
722,"i sighed and ran a hand through my hair , knowing it was useless to argue with her when her mind was made up ."
723,"fine , ill call my parents ."
724,but next time youre coming to my house .
725,"she nodded , her curls bobbing ."
726,fair enough .
727,"okay then , see you two later ."
728,jason turned around with seth on his heels .
729,wait a minute you two .
730,"its only , i popped open my phone , 3pm ."
731,we still have the rest of the day .
732,i shoved the phone back in my pocket .
733,"hey , dont take this personally , but we want to hang out alone ."
734,sobye !
735,jason said and jumped on his bike .
736,seth unchained his bike and rode off with him .
737,"i realized then that seth had barely said anything the whole time , but he was already out of sight ."
738,id have to question him later .
739,"i sighed , well , at least we can hang out early ."
740,"well , while you were arguing with the boys i called home and they said you could come over now ."
741,emily flashed me one of her million-watt smiles .
742,great !
743,i piped .
744,ill call home quickly to check with my parents .
745,"i called home and my parents said i could go , which wasnt much of a surprise ."
746,"ive been to plenty of sleepovers at emilys , so my parents didnt mind ."
747,"plus , our parents were close and emilys family was practically an extension of our own ."
748,we rode over to her house and parked our bikes in the garage .
749,we knocked on the door and a woman answered .
750,"emilys mom was short , small and bony ."
751,her light brown hair was almost blonde without any gray in it .
752,"the woman definitely did not look her age at all , and she was still as beautiful as i imagined she was in her youth ."
753,"she smiled warmly at us , her smile a reflection of emilys ."
754,"hello girls , come in ."
755,"emily , dear , can you put your laundry away ?"
756,"after you do that , you can hang out in your room ."
757,emily nodded and disappeared inside .
758,her mom moved aside so i could walk in .
759,"i unlaced my sneakers and walked up the stairs , looking at the flower paintings hung along the wall that her mom had painted in her spare time ."
760,i pushed open emilys bedroom door to see her stuffing her clothes in the drawer and flopping onto the bed .
761,she pulled out my bag and threw it to me so i could set up my sleeping bag on her rug .
762,"her mom called us downstairs , hopefully for food ."
763,she held a box of pizza .
764,you two can eat upstairs or down here .
765,she already knew our answer and handed us paper plates .
766,i took three slices of pizza and ran upstairs .
767,"emily and i sat on the floor , eating pizza and doodling nonsense in her notebook ."
768,the time ticked by to one oclock in the morning .
769,"we sat side by side on her bed near the window , and i played with the fridge on the edge of one of her pillows ."
770,"i looked down at emilys pajamas , which were covered in sun-tanning penguins ."
771,typical emily .
772,nice pjs emily .
773,i chuckled .
774,"she stuck her tongue out , what do you have against sun-tanning penguins ?"
775,nothing !
776,i smiled to myself .
777,i shouldnt be talking ; i was wearing pajamas covered in little pigs .
778,emily leaned back to turn off her desk light .
779,it clicked off and i gazed outside one more time before turning around to go to bed .
780,night emily .
781,i yawned .
782,emily didnt reply because her face was pushed up against the window .
783,her body was ridged and she didnt move .
784,i crawled over to the window .
785,"what is it , em ?"
786,"i whispered , a nervous feeling creeping into my stomach ."
787,she backed away from the window so i could see .
788,i saw nothing at first but then i spotted movement .
789,"the recognizable lines of toad dwarfs marched around the trees , and i could tell they were up to no good again ."
790,they were really starting to get on my nerves .
791,looks like i wasnt sleeping after all .
792,"chapter 3 sneaking out after hours isnt easy , especially at emilys house ."
793,her parents arent sound sleepers .
794,"if we werent really careful , theyd wake up and then wed have some answering to do ."
795,and i dont think theyd understand our reason .
796,"i followed emily down the stairs , in our pajamas , to the door ."
797,we were careful not to make a sound but i listened closely to the sound of her dad snoring .
798,"when the snore rang clearly through the house , i breathed a sigh of relief ."
799,we threw on our sneakers and snuck out the door .
800,"the summer night air was cool but a little sticky and clammy , making our bodies feel damp ."
801,"i followed emily down to the back of the garage , where we sat down and entered the monsters world ."
802,i pushed my green hair back and hid behind a tree beside emily to watch the dwarfs .
803,there must have been more than ten of them gathered together .
804,"they were parading around a blazing camp fire , mumbling and talking about things i couldnt hear over the flames ."
805,"some more emerged from the woods and joined them , their shadows dancing behind them ."
806,"then all of them suddenly broke out into an ominous song : he will rise to the heavens , from the very pits of hell ."
807,"to take control of our world , and the gift- less ones as well ."
808,"he will rule with a flaming torch , and save those who are worthy ."
809,"and for those who arent , well , you better watch out !"
810,"they all broke out in crazed laughs , which gave me the impression that each and every one of them was mad ."
811,"hell , i knew they were already mad ."
812,they threw dirt at the fire and continued their wild laughs .
813,emily shuddered by me as they lifted their voices in another chorus .
814,"he will rise to the heavens , from the very pits of hell , to crush all half-lings and to take their very souls ."
815,"for the king will rule all , with his cruelty and rage ."
816,"i wouldnt want to be that half-ling , that he spears through the head !"
817,"this time they were rolling on the floor , howling in laughter ."
818,"well , i didnt think this was very funny at all ."
819,what was funny about getting speared through the head ?
820,"i had a feeling the king they were talking about was kojas , and i really didnt want to be around to meet him , especially if it meant my head was going to become well acquainted with a weapon ."
821,"that is , if i was even a half-ling like the dwarfs claimed i was ."
822,they laughed and sat in a tight circle mumbling things i didnt catch .
823,my hand slipped to my knife but emily grabbed my hand to keep me from drawing it from its leather case .
824,"no jazell not yet , maybe we can learn a little more from them ."
825,her voice was a hoarse whisper .
826,"but emily , its awful to listen to ."
827,cant we just destroy the camp ?
828,i went for my bow instead .
829,"no , she said a little more clearly ."
830,we have to wait and see what happens .
831,"plus , we cant just randomly attack them ."
832,i didnt really care .
833,"the song was repeating itself in my head , like a taunt ."
834,"without thinking , i aimed and shot the nearest dwarf ."
835,"as soon as he went down , the whole camp was facing our direction ."
836,i was standing up now where everyone could see me .
837,there was no point in hiding anymore .
838,"emily stayed hidden behind the tree , and i could feel her glare trying to burn me into ashes ."
839,youll wish you never shot one of his loyal servants .
840,a dwarf seemed to laugh at me .
841,"kojas will destroy you , half-ling ."
842,"that is it , im sick of your riddles !"
843,"give me a darn straight answer or ill shoot every single one of you , i spat angrily , leveling my bow ."
844,"kill all you like half-ling , but that wont help you in the end ."
845,"you will pay heavily in a terrible death worth all the loyal lives youve slayed , the dwarf proclaimed , and his friends bellowed out an agreement ."
846,i dont care what the heck you say about dying because nothing will stop me from killing all of you !
847,"youre making no apparent sense at all , and i dont care what stupid message youre trying to send me !"
848,i hissed so bad i think that i spit .
849,gross .
850,"oh but you will care , half-ling ."
851,the dwarf was now whispering and all the others had fallen silent so they could hear .
852,"you will care because in the end , he will destroy you once hes done using you ."
853,my arms were still tense and my muscles whined in protest as i held my arrow back in full draw .
854,use me to do what ?
855,"i spoke , using the same tone as him ."
856,the dwarfs eyes were twinkling in happiness .
857,he seemed happy to tell me the answer .
858,"to take over the gift-less ones world , why else half-ling ?"
859,youre the connection between igneeria and your world .
860,he needs you and he has made that clear .
861,the world had fallen to silence .
862,"i spoke in barely a whisper , igneeria , thats your world isnt it ?"
863,what does kojas want ?
864,"the dwarf seemed to be getting extremely excited now , he wants your world and all other worlds because he is a mighty king who wishes to expand his kingdom ."
865,so how would we help him do that ?
866,"i asked , stalling ."
867,we just exterminate the pests .
868,youre a half-ling !
869,youre the bridge to our world .
870,"now if you dont mind we would like to finish you now , and bring you to the king ."
871,"the dwarf said politely and snickered , approaching me ."
872,i backed up slowly .
873,"uh , i mind a lot actually ."
874,i said quickly but i guess they didnt really want my opinion .
875,emily jumped out from behind the trees and lifted a flame .
876,she twirled it around with the movement of her hands and shot it at the nearest dwarf .
877,that started what seemed like a war .
878,all the dwarfs scrambled towards us and i simply shot them and emily fried them .
879,then jason and seth dissolved from the shadows and entered the clearing .
880,what are you two doing here ?
881,"i yelled across to them , annoyed that they hadnt made their presence known earlier ."
882,"seth fought his way over to me , why do you need to know ?"
883,because you just randomly appeared and i would like to know what youre doing in emilys backyard in the middle of the night .
884,i pointed out and took down the last dwarf .
885,"we gathered around the barely burning embers , after we had re-entered our own world ."
886,emily and i quickly summed up what we had learned from the dwarfs .
887,"jason listened and didnt speak , like usual , and for once seth didnt interrupt ."
888,when we were finished nobody said a word as they soaked up everything that had happened .
889,it seemed like it was just too much for all of us to take in .
890,all of a sudden seth spoke up .
891,"why are you wearing sun-tanning penguin pajamas , emily ?"
892,"emily glared at him , what do you have against penguins ?"
893,and why cant i wear pajamas ?
894,its the middle of the night you know .
895,seth wasnt bothered by her glare .
896,so it wouldnt have been hard to change .
897,seth should have realized that he was pushing emilys limited patience too far and that he should shut up .
898,she reached down and grabbed a small stick .
899,then she smacked seth across the head with it .
900,live with it seth .
901,emily said every word apart and wacked him again .
902,"seth made a small , ow ."
903,every time she hit him .
904,"he grimaced and said , stop hitting me already !"
905,"alright , she made a motion to put the stick down and hit him again in the head ."
906,"he glared at her and she threw it on the floor , now im done ."
907,"so jason , i faced him and he looked up at me , since seth wont tell me ill ask you ."
908,how did you guys find us ?
909,we followed a dwarf that was running here .
910,"if we didnt get lost , we would have been here faster , jasons face turned the color of his red igneerian hair ."
911,"its okay , at least you answered me , i shot seth a look ."
912,"well if its okay with you boys , we would like to get to bed ."
913,"its almost 1:30 in the morning , and i would like to get home before my dad wakes himself up , emily said , and walked towards her house ."
914,i waved quickly and followed .
915,the rest of the night was quiet and didnt include singing dwarfs .
916,before we went to bed though there was a lot of furious writing as emily tried to write everything down .
917,"after that , was all sleep ."
918,"in the morning , we ate pancakes that emilys mom had made us and set off for the park ."
919,we happened to run into jason and seth half way and at the same time watched a pole freeze in the middle of july .
920,"you dont get to see that every day , which usually meant there was a monster involved ."
921,"jason , seth and emily saw it too because i was chasing after them as we all ran for the few trees ahead ."
922,in a few seconds i had a complete view of the culprit .
923,and strange enough it was a frost beast .
924,frost beasts are the cutest monsters youll ever see .
925,"theyre the size of medium dogs and their pelts are a light , icy blue ."
926,"they may be cute but if you dont watch out , they could easily be the most dangerous monsters around ."
927,"dont let them breath on you , or youll freeze to death ."
928,literally .
929,"the frost beast whimpered at me , showing me the cutest eyes imaginable ."
930,i wanted to melt and hug him but i knew better not to fall victim to its trick .
931,i drew a single arrow and aimed it at its throat .
932,"i didnt want to kill it , but i knew if i didnt , it would kill me without a second thought ."
933,frost beasts dont appear until the end of fall and into winter .
934,they love the cold and cant stand the heat .
935,"thats why i knew something was wrong right away , because it shouldnt have been here ."
936,"it was against its nature and when nature goes wrong , thats a big sign ."
937,i pulled back on the string but emily ran forward and shot fire .
938,the beast simply opened its mouth and breathed .
939,what was a shot of fire was now a single icicle that landed on the ground in front of it .
940,instead jason came forward and attacked with his knives .
941,the beast froze the first few into harmless ice cubes but finally went down when one got past its defenses .
942,behind his body appeared seven thrashers and many more frost beasts .
943,it was like a monster reunion .
944,ive never seen so many in one place before .
945,a thrasher pack had at least six or seven but there must have been more than ten monsters total .
946,it was scary .
947,"right then , right at that very moment , i knew something was terribly wrong ."
948,"they all stopped in front of us , all those pairs of angry eyes staring at us ."
949,"they made me confused , from the warm feeling the frost beasts gave me to the cold feeling the thrashers inflicted ."
950,"they exchanged some sort of signal , including grunts and yips , and slowly advanced on us ."
951,the dogs stalked toward the four of us looking like a animals about to attack their prey .
952,the cute look was gone and all that was left was hunger .
953,the dog nearest to me jumped at my chest and landed on my stomach .
954,i managed to push it down before it breathed on me .
955,my legs froze in place .
956,emily i need some defrost .
957,i called to her as the cold seeped through my pants and bit at my skin .
958,emily turned her head and was about to reply when the dog caught her robe .
959,"she spun around , shooting fire and completely forgetting my cry for help ."
960,"at the same time my dog attacker pushed me to the ground , freeing my legs for me ."
961,get off me mutt .
962,i growled at his face .
963,"he stared down at me , debating whether or not to freeze me right away ."
964,"that was his mistake because while he was waiting , i had brought my hunting dagger down on him ."
965,i stood up and shook the heavy body off .
966,i didnt even have time to breath before one of the thrashers decided that they would like to have a taste of me .
967,"i decided that i didnt want to be shredded like some old rug , so i moved out of his path ."
968,"that was the worst mistake i made , without even realizing it ."
969,"at the same time another thrasher was heading in my direction , and by moving out of the way from the first one , i had placed myself in the path of the second one ."
970,"it slammed into my side at such a great force i tasted blood in my mouth , when i hit the ground ."
971,"then i felt pain , saw blood , and then nothing at all ."
972,chapter 4 i heard muffled voices around me as i regained consciousness .
973,"my head throbbed slightly , and so did my side and my tongue ."
974,that explained why i had tasted blood ; i must have bitten it .
975,for a second i thought i had returned to my human self when i heard a blast of fire that probably came from emily .
976,seth when will she wake up ?
977,a voice said .
978,then i realized it was emily .
979,shes alive and shell wake up soon .
980,"stop nagging me , a different voice said that was obviously seths ."
981,he was really close to me because i could feel his breath on my face and his voice was very loud .
982,which wasnt helping my throbbing head at all .
983,but when ?
984,"i dont like just staying here , when more monsters might come ."
985,we cant do two things at once .
986,emily nagged anyway .
987,"i could just picture her bouncing up and down on her heels , full of tension ."
988,i felt rush of hot air near my left side .
989,"seth was probably sighing , we cant move her emily ."
990,"if we could , we would ."
991,i opened my eyes to see seth face hovering above me .
992,"emily was pacing in the background and jason was standing off to the side , looking very uninterested in the current situation ."
993,seth smiled at me and i felt myself blush .
994,it was kind of embarrassing to get knocked out when no one else did .
995,"welcome back , zombie hunter girl , seth teased ."
996,how long was i out ?
997,"i asked , blushing brighter ."
998,except i couldnt pin down the reason why .
999,"seth frowned , i dont know but it seemed like forever ."
1000,"you scared us , jazell ."
1001,"especially seth , emily piped up behind him ."
1002,he was the one going crazy to bandage you and was worrying more than the rest of us .
1003,"seths face reached a new undiscovered level of red , i didnt want to lose a friend ."
1004,"right emily trailed off and smirked at him , wiggling her eyebrows ."
1005,seth squirmed slightly and avoided her gaze .
1006,i started to laugh but in morphed into a cough instead .
1007,i clutched my midsection to find it was covered in bandages .
1008,what exactly happened ?
1009,i questioned .
1010,"seth glanced at emily and back at me , i dont really know ."
1011,we turned around to see you being mauled by a thrasher .
1012,"before either of us could do anything , some light appeared out of nowhere ."
1013,"when it died down , we found you lying on the ground unconscious ."
1014,thats basically it .
1015,we dont know what the light was .
1016,emily added .
1017,"but whatever it was , it saved your life ."
1018,"uh i have a feeling i should thank it , but i dont know how you thank light ."
1019,i muttered .
1020,"you thank it like you would thank anyone else , a voice said ."
1021,i almost jumped to the moon in surprise .
1022,"out of nowhere someone , or something , appeared beside jason ."
1023,i think jason was more scared because he actually jumped into the air .
1024,"as it came into view , it became obvious that it was a girl ."
1025,she in a yellow cloak and had dazzling red hair .
1026,she smiled warmly at us with her chocolate brown eyes and i realized she had pointed ears .
1027,so i basically made the conclusion that she wasnt human .
1028,uh okay i said slowly .
1029,"she giggled , wow i never thought id scare a bunch of half-lings but i guess i did ."
1030,"you didnt scare me , jason said quickly ."
1031,"yeah okay , jason , emily said sarcastically ."
1032,"i sat up and leaned on seth because i would fall if i didnt , and emily and jason were too busy giving each other looks to help me ."
1033,what and who are you ?
1034,i stared at her .
1035,"she rolled her eyes , a light pixie , duh ."
1036,"i blinked , a light pixie ?"
1037,"yes , a light pixie ."
1038,are you deaf ?
1039,she retorted .
1040,"uh , no , im not ."
1041,"i dont know what a light pixie is or why you saved my life , but thank you i said , trying not to snap back ."
1042,"well you are a half-ling and we need as many of them as we can get , she pointed out ."
1043,"plus im not evil , so why shouldnt i help you out ?"
1044,uh thanks i guess .
1045,this situation was extremely awkward to me .
1046,she winked and disappeared in a flash .
1047,i limped over to my body ignoring seths yells to tell me to sit down .
1048,i felt the wind pick up and was whisked back to my normal self .
1049,i felt fine except for the fact it hurt to stretch my left side .
1050,"i would probably be extremely stiff and sore tomorrow morning , but i was used to that feeling ."
1051,we began to walk back towards the park when jason stopped us .
1052,hey can seth and i catch you guys later ?
1053,we have something to do .
1054,jason grabbed seth and they took off .
1055,"emily raised an eyebrow , should we be concerned ?"
1056,"nah theyre boys , let them do what they have to do , i said with a quick sigh ."
1057,"while we were walking the boys appeared in front of us , holding something behind their backs ."
1058,they seemed to be fighting giggles which usually meant they were hiding something .
1059,or they were about to do something that fell under their category of funny .
1060,"hi guys , seth said still fighting a smirk ."
1061,"hi , i replied cautiously ."
1062,what are you guys hiding ?
1063,jasons face twisted up and a snort of laughter fought its way out of his nose .
1064,nothing .
1065,"right emily gave me a look that said , is this good or bad ?"
1066,"i didnt really have an answer for her but i knew that whatever was coming , it wasnt going to be good ."
1067,"so jason , we have a question for you ."
1068,i nodded towards emily .
1069,"jasons face grinned in a seriously weird way that screamed , weirdo !"
1070,"he shifted his hands and said , what ?"
1071,"emily stepped forward , we want to know what youre but she never finished ."
1072,she had triggered it all .
1073,"jason had been hiding two blue , full , water pistols behind his back and was now shooting them at emilys face ."
1074,she was holding up her hands and letting out some sort of squeal .
1075,seth had been hiding a full two-handed water gun behind his back and the end was pointed at no other than me .
1076,"you wouldnt , i said , my voice dark ."
1077,"seth gave me a maniacs grin , you already know the answer to that ."
1078,then he shot me right in the face .
1079,i blocked most of the spray from my face but water still leaked through my fingers .
1080,i felt the cold water seep through my clothes and onto my skin as seth continued to soak me .
1081,"crap jason , shut it off !"
1082,emily hollered but it didnt work because i heard her yell again as he sprayed her hair .
1083,i couldnt see anything because my eyes were half shut and i was afraid seth would wash my eyes out .
1084,"seth seriously , stop ."
1085,"you cant command boys to do anything and to prove that , seth shot my butt ."
1086,"eventually they stopped , only because three water guns can hold only so much water and emily and me looked like we could kill ."
1087,"we were both completely soaked to the bone and even though in was the middle of summer , we were shivering ."
1088,the boys looked completely satisfied with how we looked .
1089,"after emily and i gave them a look , they tore down the street and disappeared ."
1090,"emily squeezed the bottom of her shirt , i hate them so much right now ."
1091,water gushed onto the street .
1092,i wrung my hair out .
1093,"i agree and if we didnt need them , id be planning their funeral ."
1094,"emily smiled , id be helping you ."
1095,do you think they would like pink coffins ?
1096,"totally , i laughed and grabbed my dry bag ."
1097,lets go home .
1098,want to crash at my place ?
1099,"emily flipped open her phone , her fingers danced on the keys and paused ."
1100,then they clicked and she shoved it in her pocket .
1101,yup i can .
1102,youre always one step ahead .
1103,always .
1104,so what do you think we should do ?
1105,emily asked from my bed later on .
1106,i swallowed the bit of strawberry that had been in my mouth .
1107,"i dont know , ambush them back ?"
1108,"they might see that coming , she pointed out , and its really obvious ."
1109,"well , they think we wont do that because that is exactly what they would be expecting , so by actually doing it , we can trick them , i rambled on and grabbed another strawberry ."
1110,emily tapped her lip with her pencil and straightened her pink pajamas .
1111,i have no clue what you just said jazell .
1112,"i laughed , what i meant was that we should ambush them ."
1113,give them a piece of what they did to us .
1114,"emilys eyes lit up , you mean use water guns and water balloons i added ."
1115,and a trebuchet to launch the balloons !
1116,emily scribbled furiously on her paper .
1117,i can build one easily .
1118,"sweet , but when do we do it ?"
1119,all four of us hang out every day .
1120,i can solve that problem .
1121,"we just tell them we want a day to do girl things and theyll butt right out , she slid onto the floor and snatched a strawberry ."
1122,"i grinned , this is going to be some fun revenge !"
1123,you can say that again .
1124,"okay , i said , this is going to be some fun revenge ."
1125,"she wacked me in the head with my pillow , youre so weird ."
1126,"well thats the way i am , deal with it , i wacked her back with my own pillow ."
1127,"no i will not deal with it , she walloped me in the head one more time ."
1128,"i need you for team penguin , and i dont need a smarty pants ."
1129,how come you get to name the team ?
1130,i asked .
1131,because i was the one who got shot first .
1132,"early the next day , which wasnt that early because we got up around ten oclock , we gathered my old water gun and some water balloons ."
1133,emily brought down the trebuchet shed spent all night building and we took off on our bikes .
1134,emily led the way to jasons where she was pretty sure the boys would be .
1135,we hid our bikes in the trees and snuck up to their backyard .
1136,jason and seth appeared to be setting up some airplane that they built from scratch .
1137,they were muttering to each other and assembling a table they would use for a launch pad .
1138,"i grabbed my water gun and emily took out her trebuchet , with her balloons , and we snuck up on them ."
1139,"i held my hand up to stop emily , waiting until jason and seth were grabbing the airplane out of a box and lowered my hand ."
1140,revenge !
1141,"i yelled , and ran out from behind the trees , with emily following ."
1142,the looks on their faces were priceless .
1143,they spun around just in time as emily launched a balloon right at jasons face .
1144,"i aimed at seth , who i soaked in minutes ."
1145,their faces looked like they had seen a dinosaur come back to life .
1146,"jason scrambled away from emily but she nailed him so many times it didnt matter , he was already soaking wet ."
1147,the last of my water leaked out the back of the gun and we just stood there .
1148,jason smiled but you could see he was hiding the anger in his face .
1149,seth was emotionless ; he didnt give any sign on what he was feeling .
1150,so you felt like getting us back ?
1151,jason asked .
1152,"emily glared at him , you deserved it because you soaked us too ."
1153,"so , he rolled his eyes , you thought you could just ambush us ."
1154,have you learned nothing and that we might want revenge now .
1155,then you will and so on .
1156,youve started a really long war .
1157,"who says the penguins cant win a war , huh ?"
1158,"we just won right now , emily said ."
1159,the penguins ?
1160,does that really matter ?
1161,she hissed .
1162,youre on .
1163,"jason smirked , alright then , penguins , if you want a water war , you got one ."
1164,youre on too !
1165,"this whole time seth didnt say a word , which was strange ."
1166,usually seth did all the talking while jason stood watching but now jason was doing all the talking and seth was the one watching .
1167,he stood there and seemed unmoved from being soaked by my water gun .
1168,his face was blank and he was staring at nothing .
1169,it wasnt the seth i was friends with .
1170,"while emily and jason were bickering i said , seth ?"
1171,seth didnt answer .
1172,he acted like he didnt hear me .
1173,seth ?
1174,"hello earth to seth , i repeated ."
1175,no answer again .
1176,seth is there something wrong ?
1177,i whispered .
1178,he didnt answer me again .
1179,"he continued to stare at the woods as if he expected a flying deer to leap out , wearing pink socks ."
1180,"what the heck seth , are you deaf now ?"
1181,"i waited for a sign that he heard me to appear on his face , but it remained blank ."
1182,"emily huffed loudly , expect something from jazell and me soon jason ."
1183,were out of here .
1184,see you around .
1185,she grabbed my hand and pulled me away .
1186,seth turned to see me leave and the look gave me a dark feeling inside .
1187,"his face was masked with one emotion , one that made me vow to myself that i would find out what he was hiding , what he was keeping a secret ."
1188,"that emotion was not seth , not the one i knew ."
1189,it made me feel the same way and i didnt know why .
1190,fear .
1191,chapter 5 the water war continued with us getting them and them getting us .
1192,"we attacked them with a pool , and they threw water balloons at us while we were on bikes ."
1193,"it was pretty simple , but the whole time all i noticed was seth ."
1194,"he wasnt the same to me anymore ; he always had this mask on his face , hiding himself from the rest of us ."
1195,"i had to find out what was wrong , and soon ."
1196,"jazell , are you paying attention ?"
1197,emilys annoyed voice broke my day dreams .
1198,"i snapped back to attention , uh yes , i am emily ."
1199,"just for the record , what are we talking about ?"
1200,jazell youre hopeless !
1201,"were talking about what to do next , she scowled ."
1202,"wait , an idea jumped into my head , how about we meet under a truce ."
1203,emily stared at me .
1204,a truce ?
1205,seriously ?
1206,that is the complete opposite of what were doing .
1207,i know but trust me ; we need to meet under a truce .
1208,what about monster fighting and this whole puzzle with the dwarfs ?
1209,did we just forget all about it or are we not going to do our job anymore ?
1210,"were still fighting , jazell ."
1211,were all just having some fun because its summer and not school .
1212,well get back to it later .
1213,"listen , why dont we meet once and then go back to this water war ."
1214,at least we should think about this a little bit .
1215,i pushed the paper of warnings in front of her face .
1216,"fine , she snatched the paper out of my hands ."
1217,"well meet jazell , okay ?"
1218,are you happy now ?
1219,then well go back to soaking each other randomly .
1220,"yes , im happy ."
1221,i didnt call a truce for the warnings .
1222,i did it because thats when id talk to seth and get his secret out of him .
1223,then maybe i could help him and stop having to watch his miserable face .
1224,emily made a face and left the room to dial jasons number and tell him about the meeting .
1225,i waited patiently for her to come back in my room .
1226,"i cant wait long because i have a tendency to go crazy , so i walked up to my window sill and looked at the sky ."
1227,i stared it and turned around to see emily come back in .
1228,but not before my eyes caught a flash of blue .
1229,emily and i parked our bikes and headed into the woods and towards the clearing .
1230,"we stepped into it , and i took in the familiar feeling ."
1231,"out of all the places weve all been , this place felt the safest , as if it were surrounded by a good force , not bad for once ."
1232,we often met here when we werent all together .
1233,i sat down next to emily on a log .
1234,minutes later jason and seth emerged from the trees .
1235,"they werent smiling or doing anything suspicious so i figured we were safe , for now ."
1236,they sat down across from us .
1237,i noticed that seth was avoiding my eyes .
1238,so whose crazy idea was it to meet under a truce when were having so much fun wreaking havoc on each other ?
1239,jason asked .
1240,"emily sighed and pointed at me , this crazy person right here ."
1241,so what do you want ?
1242,he continued and eyed me .
1243,"i took a small , quiet breath and said what i had planned , i want to work on the dwarf problem ."
1244,"i nodded towards emily , signaling her to take out her paper ."
1245,she groaned and pulled the folded piece of paper out of her pocket .
1246,she unfolded it and placed it in front of us .
1247,"while we studied it , i tried to catch seths eye , but he didnt look at me ."
1248,i felt something boil deep within me-the anger at him .
1249,"we were his best friends , we told each other everything and now he was keeping something from us ."
1250,"i could see it was eating at him , so why didnt he tell us what it was ?"
1251,that was the question that was making me steam .
1252,seth out with it !
1253,i didnt know why i shouted .
1254,i startled him and he looked up at me .
1255,"what do you mean , jazell ?"
1256,i mean tell me what youre hiding !
1257,i yelled at him .
1258,"he stood up , im not hiding anything ."
1259,his voice was level but it shook slightly .
1260,i stepped towards him and gave him a hard shove .
1261,he stumbled back and fell on the ground .
1262,"he looked up at me , waiting for what i would do next ."
1263,why are you keeping a secret from me ?
1264,"i repeated , my voice as cold as an icicle ."
1265,"seth didnt answer me , instead he did the most cowardly and annoying thing you can do ."
1266,the idiot ran off .
1267,seth pushed himself up at a surprising speed and raced off into the woods .
1268,i did the crazy thing that people like me would do and followed him .
1269,"i looked over my shoulder to see if emily and jason were coming but both of them stared at me , baffled ."
1270,their faces disappeared as i was swallowed by the trees .
1271,i skidded to a halt and scanned the trees .
1272,i didnt see any trace of where seth could have ran .
1273,that shows how much i know about asking questions .
1274,i dont get the answers and boom ; i lose it and become a demanding person .
1275,"i walked more slowly , watching the trees ."
1276,"i sent a silent prayer that seth hadnt entered igneeria , because then i would never find him ."
1277,what bugged me the most was that seth didnt fight me when i pushed him down .
1278,he just sat on the ground not saying anything at all in his own defense .
1279,"now , i couldnt find him anywhere and i would never get my answer ."
1280,i heard a large snap to my right and i whirled around .
1281,i heard another crack and i slowly crept towards the noise .
1282,"another snap sounded , louder this time , to my left ."
1283,i changed direction and hid behind a tree .
1284,i peeked around it .
1285,seth grabbed another stick and slammed it into a tree .
1286,it hit the tree with a loud crack and broke in half .
1287,he picked up another and rammed it again .
1288,he went to grab another one but his fingers couldnt grasp it .
1289,they shook so hard he dropped it and he sunk to the ground .
1290,i saw him place his head under his arms and he curled himself in a tight bundle .
1291,he shook and i heard him do something that i thought seth never did .
1292,he cried .
1293,i stepped out from behind the tree and walked over to him .
1294,"he didnt hear me , or look up ."
1295,i wasnt mad at him anymore for not telling me what i wanted to know .
1296,now i felt bad that i had nagged him so hard that he was breaking .
1297,i walked over to him and wrapped my arms around his body .
1298,he stopped crying and i felt him squirm .
1299,"seth grunted and then mumbled , get off me ."
1300,"no , not until you tell me whats going on , i said ."
1301,he groaned .
1302,"seriously jazell , nothing is wrong ."
1303,now get off me .
1304,i rolled my eyes but he couldnt see that .
1305,youre a horrible liar seth .
1306,"i know , i felt him sigh ."
1307,"please jazell its nothing you need to worry about , okay ?"
1308,"just leave me be , i will deal with it ."
1309,i let my arms fall and seth lifted his head .
1310,his eyes were red from crying but something in his eyes showed he was still seth .
1311,the same darn stubborn and annoying seth i was friends with .
1312,that let me relax a little .
1313,"he faced me , you should go back to the others ."
1314,"i bet theyre probably wondering no way , i cut in ."
1315,im not leaving until i get my answer .
1316,seth traced the dirt with the end of a stick .
1317,"you say im stubborn i laughed and he continued , listen , i dont even know if its true or not ."
1318,theres no need for me to worry any of you .
1319,thats why i didnt say anything .
1320,"i still dont care , seth ."
1321,i said .
1322,"he made a face , jazell i really dont know if i should say anything i interrupted him again , seth just give up trying to talk me into not listening ."
1323,its a waste of breath .
1324,i took my own stick and threw it at him .
1325,"he ducked , of course , and it landed on the ground ."
1326,what if whatever youre not telling us happens and we never knew ?
1327,how would that help anyone ?
1328,"he looked down and mumbled something that sounded like , you couldnt help ."
1329,"when he looked back up he said , fine you win , ill tell you ."
1330,he didnt sound happy about it .
1331,im waiting .
1332,"you know , when emily asked for any warnings that we were given ?"
1333,yeah .
1334,i had a bad feeling where this was going .
1335,i lied .
1336,i blinked in amazement .
1337,you lied to emily ?
1338,shes going kill you .
1339,he smiled faintly .
1340,she doesnt need to know .
1341,so a dwarf told you something ?
1342,why didnt you tell us ?
1343,i asked .
1344,seth looked away .
1345,"it didnt actually include you or anyone else , so i did n't say anything ."
1346,he paused .
1347,they said that i would betray you all and be kojas ' servant .
1348,i would be the key to the downfall of igneeria .
1349,i do n't know what to do jazell ; i do n't even know if those things are true .
1350,"they wo n't attack me and i swear , if you gave them a minute , i bet they would help me ."
1351,he was talking so fast the words almost blurred together .
1352,"i do n't know what to say seth , i said ."
1353,"maybe you should n't worry , maybe they 're wrong ."
1354,you can control what happens .
1355,"if you say it wo n't happen , it wo n't ."
1356,"i hope you 're right , he said ."
1357,me too .
1358,the mood was perfect .
1359,i saw seth relax a little and the look on his face was more like himself .
1360,i was perfectly happy with the way everything was right now until i saw the small outline of a toad dwarf nearby .
1361,uh seth i do n't think this is the best time to mention this but i think we have company .
1362,i pointed to the shape .
1363,"he swore under his breath , and we both entered the dwarf 's world together ."
1364,"sure enough , it was a dwarf but there was something strangely different about this particular dwarf ."
1365,he just walked toward us as if he was n't afraid that i might put an arrow through his head .
1366,"just as i was about to release my arrow , the dwarf cried , please stop !"
1367,i dont know why i listened to him but i didnt pull the string .
1368,the dwarf was acting different than the others ; its pudgy eyes were filled with fear at the sight of my arrow .
1369,why ?
1370,seth growled .
1371,your kind has done nothing good to us except make us confused and our lives more complicated .
1372,the dwarf looked startled .
1373,oh youll have to excuse my brethren ; they have a tendency to be rather annoying .
1374,he took a long frightened look at seths sword .
1375,"good sir , before you try to slay me , i have a message to deliver from her majesty ."
1376,i lowered my bow because i had a feeling i wanted to know what this message was .
1377,"if it was a lie , seth and i could kill him anyway in a blink of an eye ."
1378,"seth , maybe we should hear what he has to say ."
1379,"ive had enough of listening to dwarfs , seth hissed ."
1380,all they bring me is bad news .
1381,the dwarf was trembling .
1382,"oh please , sir , listen to the good lady !"
1383,"i do not bring news that will cause you pain , but i bring news of the pain of others ."
1384,"you must listen , it is my task !"
1385,seth looked at me and i nodded .
1386,"he sighed and lowered his weapon to the ground , its tip digging into the dirt ."
1387,"the dwarf relaxed a little , but its body was still full of tension ."
1388,"thank you , sir !"
1389,he squeaked .
1390,her majesty requests that i tell you about youre real destiny .
1391,she believes youve been in the dark long enough .
1392,what do you mean ?
1393,i questioned .
1394,our real destiny ?
1395,"yes , he said , a little more relaxed , it must take place in igneeria , where you are truly needed ."
1396,my brow furrowed in confusion .
1397,"but wait , arent we in igneeria right now ?"
1398,"the dwarf gave a quick , half-hearted laugh ."
1399,"no miss , you are far from igneeria ."
1400,"youre in the half-way , the place between earth and igneeria ."
1401,"the half-way can act as a gate , or passage into earth ."
1402,"it seals off the two worlds and if a monster were to make it as far as the half-way , it would have a truly difficult time completing its journey because it wont find a way in or out of this place ."
1403,"so let me get this straight , i said slowly , were not in igneeria right now but some half-way ?"
1404,"the dwarf nodded , happily ."
1405,so wheres igneeria ?
1406,the dwarf rubbed his stubby chin .
1407,the entrance changes but its current location is in your town .
1408,thats how i got here .
1409,"but dont get the half-way confused with igneeria , miss , for they are quite different ."
1410,"especially now , with all the dark events that have been occurring because of his rising ."
1411,you mean kojas ?
1412,i asked .
1413,shh !
1414,"not here , not anywhere !"
1415,he said quickly .
1416,never say his name unless youre sure hes not around .
1417,his name can summon him or others .
1418,"you understand , do not say his name !"
1419,"alright , alright i get it !"
1420,i said .
1421,i dont have to be told a million times .
1422,now what else do you need to tell us about our destiny .
1423,i included air quotes around destiny .
1424,he stared at me happily .
1425,"oh you have to come to igneeria , miss ."
1426,"wow wait , hold it !"
1427,i held my hands out .
1428,"buddy , you just show up talking about some destiny that we dont know about and then you say that we have to come to some place thats not here , and you expect us to go ?"
1429,"what about our families and people whod ask questions , if we disappear ."
1430,"what do we say , oh sorry about that everyone , we just felt like leaving earth to go to this magical place called igneeria to do something that we dont know about ."
1431,"well of course , there will be some minor difficulties , he said ."
1432,minor ?
1433,i squeaked .
1434,"seriously , did you not hear a word i just said ?"
1435,he placed his pudgy hands on his small hips .
1436,miss dont you think that her majesty would have this all planned out ?
1437,you dont have to worry .
1438,seth twirled his sword .
1439,"why not , we have to tell our parents something ."
1440,"sir , dont worry about a thing ."
1441,all you need to do is go home .
1442,everything has been arranged .
1443,"what do you mean , arranged ?"
1444,seth asked sharply .
1445,the dwarf seemed to bounce up and down .
1446,"it has sir , but i dont know what her majesty did ."
1447,all i know is that all of you have to go home to get ready .
1448,my mind whirled with all this new information .
1449,"wait , why do we have to go ?"
1450,what is this destiny ?
1451,the dwarf gave a feeble smile .
1452,"all of you must free our world from darkness , from him ."
1453,"*** seth and i walked back to our clearing , both our brains not thinking ."
1454,it was too much to take in at once .
1455,destroy kojas ?
1456,"we could barely take on a mass of monsters without dying , so how were we suppose to take down an evil , powerful demon ?"
1457,"as the trees parted away to show the empty ground , i spotted emily and jason looking like they were about to go to war with a bunch of sticks ."
1458,"when they saw us appear , both dropped their weapons and smiled at us ."
1459,typical cover up .
1460,"hey seth , it looks like jazell didnt kill you after all , emily said and flashed me a grin ."
1461,"what was that all about anyway , jazell ?"
1462,i opened my mouth to spill the whole truth when seth glanced at me .
1463,"i sighed at his expression , knowing that i couldnt tell anyone if seth didnt want me to ."
1464,i didnt want to make it worse by revealing what i knew .
1465,"when i didnt reply , she covered her mouth with her hand to try to cover her chuckles ."
1466,"oh then , she giggled , i hope you two had a nice chat ."
1467,stop it emily !
1468,i snapped and felt my face burn .
1469,she snickered .
1470,"okay whatever you say , jazell ."
1471,"we have to tell you guys something , i told her and jason about how the dwarf had showed up and what he said about igneeria ."
1472,"emily listened quietly but when i got to the part that we were supposed to go there , her mouth fell open ."
1473,thats completely crazy !
1474,emily gasped .
1475,were supposed to just leave and go there ?
1476,what about our parents ?
1477,"he told me , and i quote , miss did you not think that her majesty would have this all planned out ?"
1478,you dont have to worry .
1479,"i personally think its all a little skeptical , dont you ?"
1480,"yes , she said , digging for a pencil and paper from my bag , i do ."
1481,we dont even know who this majesty is and if this information is reliable .
1482,"i understand the half-way part , that makes sense , but the destiny part doesnt ."
1483,i sighed and sat down on the log .
1484,the dwarf said to meet him tomorrow morning near the thorn that reaches the sky .
1485,what does that mean anyway ?
1486,"jason stepped over and spoke instead of emily , who was furiously writing everything down , as if shed forget in a couple of seconds , it could be a description of something in town , maybe a building or a landmark ."
1487,i suddenly got an idea and took another piece of paper out .
1488,hey jason maybe you could draw what you think it might be and that would help us .
1489,"ill try my best , jazell , he said ."
1490,i knew that his drawing would probably help us .
1491,"he was the best artist i knew , his artwork was almost real ."
1492,"hey guys , emily piped up from her paper , i think we should get home and speak to our parents ."
1493,i want to see what this dwarf was talking about when he said that everything was already arranged .
1494,i agree .
1495,i grabbed my backpack .
1496,"wait , are we going to go ?"
1497,"seth and jason grinned at me and said together , you bet ."
1498,"that is if we can find the place , emily reminded them ."
1499,i turned the door knob and walked into the kitchen .
1500,my mom and dad were sitting in the living room looking extremely excited .
1501,"before i even had a chance to say hi , my mom jumped up and rushed over to me ."
1502,you never told us that you applied for a summer camp !
1503,my mom squealed happily .
1504,you also didnt tell us that you were to be picked from the best .
1505,congratulations !
1506,she hugged me .
1507,"um , i choked out in surprise as i was squeezed , i wanted it to beuha surprise ."
1508,i managed to get the words out and seem intelligent .
1509,"my mom released me from her clamp-like hug , well i am surprised , and very proud !"
1510,thank you ?
1511,i said slowly .
1512,this must have been the dwarfs plan .
1513,"would have been nice if he had warned me , i thought bitterly ."
1514,my dad got up and glowed happily behind my mom .
1515,"we are very proud , jazell ."
1516,"youre supposed to leave tomorrow , so you better pack ."
1517,im going to go do that .
1518,"i said quickly , while i backed up towards the stairs ."
1519,"as soon as i reached them , i shot up so fast you would think i was running for my life ."
1520,"i closed the door , locking it behind me and then dialed emilys cell phone as fast as i could ."
1521,i sat on my bed as the phone rang three times before i heard it click .
1522,jazell you wouldnt believe what my parents just told me .
1523,"they say i signed up for some camp and- i know the same thing happened to me , i interrupted her quickly ."
1524,"i hear her breathe heavily , this is crazy , its just happening too fast ."
1525,we have to go or well be in big trouble with our parents .
1526,but the thing is we dont know where this meeting place is and- she was cut off by the ringing of my phone .
1527,"wait a minute emily , ill have to put you on hold ."
1528,"she huffed in reply so i pressed a button and said , hello ?"
1529,"its me , jazell , jasons voice said breathlessly ."
1530,i know where the meeting place is .
1531,"great jason , where is it ?"
1532,i asked .
1533,a shuffle of paper sounded as jason moved around .
1534,"its at the art statue , the one we call the rising hill ."
1535,"its in the park , remember ?"
1536,"of course , when we were younger , we used to try to climb it ."
1537,i replied .
1538,i heard jason chuckle .
1539,who could forget ?
1540,so i guess ill see you there ?
1541,"of course , jason , ill tell emily ."
1542,ill tell seth then .
1543,see ya .
1544,emilys voice came back .
1545,"well , who was it ?"
1546,"it was jason , he found the meeting place , i said ."
1547,its the public art piece we use to climb .
1548,that makes sense .
1549,she paused .
1550,"i have to go , dinner ."
1551,"bye emily , i whispered ."
1552,see you tomorrow .
1553,bye .
1554,she clicked off .
1555,"after dinner i was laying in bed , my mind spinning ."
1556,i still couldnt believe where i was going tomorrow .
1557,to igneeria .
1558,"chapter 6 i opened my eyes the next morning , the suns rays shinning through my bedroom window ."
1559,i didnt roll out of bed for a minute ; instead i lay staring at the ceiling trying to prepare my brain for the day ahead .
1560,"i heard my mom and dad walking downstairs , talking excitedly about where they thought i was going to go today ."
1561,i rolled off my bed and walked sleepily over to my dresser to pull out a pair of jeans and a shirt .
1562,"after i had pulled the shirt over my head , i grabbed my half empty traveling bag and headed down stairs ."
1563,i dropped my bag near the door and walked over to the kitchen table .
1564,my mom had placed a full plate of eggs and toast on the table ; i sat down and started to eat .
1565,my mom hurried over and glanced at her watch .
1566,you have about a half an hour until you have to leave .
1567,eat up .
1568,i responded with a quick shovel of food .
1569,"within 25 minutes , i was standing by the door with my stomach all queasy ."
1570,my mom rushed forward and gave me a quick hug .
1571,be careful now and enjoy yourself !
1572,right i will i said uneasily .
1573,no doubt that i was going to be very careful indeed .
1574,i stepped outside and the door closed behind me .
1575,"my mom and dad watched from the window , waving happily to me ."
1576,"i returned a slow , uncertain wave and hurried off towards the park ."
1577,"as i entered the park , i spotted the rising public art statue ."
1578,"the shape twisted and stretched towards the sky , trying to touch it ."
1579,"now that i really thought of it , it did look like a thorn ."
1580,"i dropped my bag and leaned my back against the statue , closing my eyes ."
1581,i wondered what igneeria would be like .
1582,maybe the place would be pretty decent jazell ?
1583,emilys voice scattered my thoughts and i opened my eyes to see her walking briskly towards me .
1584,she too had an empty bag slung over her shoulder .
1585,she dropped her bag next to mine and leaned against the statue .
1586,nobody spoke for awhile .
1587,"finally emily opened her mouth and said , what are you thinking about ?"
1588,what ?
1589,the question had caught me by complete surprise .
1590,what are you thinking about ?
1591,she repeated .
1592,surely you must be thinking something ; were going to some other world !
1593,i closed my eyes .
1594,i was just wondering what it would be like in igneeria .
1595,what about you ?
1596,"well , she said thoughtfully , i was thinking about kojas- emily dont say his name , i dont feel like being yelled at again ."
1597,i interrupted her .
1598,"fine , she said , a little annoyed ."
1599,"i was thinking about him , if i must call him that , and what hes like ."
1600,i rolled my eyes .
1601,emily isnt it obvious ; hes evil for crying out loud .
1602,thats why we have to go and stop him .
1603,"i know that jazell , gosh , but i was wondering what he looks like ."
1604,"i dont want to know , i said ."
1605,"emily twirled her hair , i know but im just curious ."
1606,i bit my lip .
1607,"if we do end up fighting this guy , youll get your wish ."
1608,"minutes later , jason emerged from the trees and dropped his travel bag on the ground ."
1609,"he leaned against the statue next to emily , giving us both feeble smiles ."
1610,"so , he said , trying to sound happy , travel day today , huh ?"
1611,we didnt answer .
1612,"okay looks like ill do the talking , jason said ."
1613,you two excited ?
1614,emily shook her head .
1615,"no , jason were both jumping for joy , but its so deep down that instead we both look like we want to slug you , i said sarcastically ."
1616,"jason sighed , okay , you would say something like that ."
1617,i thought in a mood like this you would be lessannoying .
1618,"as soon as he finished his sentence , i wacked him as hard as i could ."
1619,"seth showed up after that , placed his bag on the ground , leaned on the statue next to me , and didnt say a word ."
1620,we all stood there waiting for the dwarf to show up .
1621,"right as i was about to give up and say we had the wrong place , he appeared ."
1622,jason saw his blurry outline first and signaled us to enter the half-way .
1623,"the wind whirled around me , and i walked over to the dwarf with the others ."
1624,"the dwarf was breathing heavily , trying to catch his breath ."
1625,"all four of us stood there waiting and when he got his breath back , he spoke ."
1626,"i am glad that you accepted my message , he said to seth and me ."
1627,"then he turned to emily and jason and said , ah , its great to meet the other two ."
1628,he beamed at all four of us .
1629,"hi , emily said , looking a little freaked out ."
1630,"so now that youre here , are we going to get a move on or what ?"
1631,"oh of course , follow me please ."
1632,he shuffled off and disappeared behind the statue .
1633,jason raised an eyebrow .
1634,where is he going ?
1635,emily sighed .
1636,theres only one way to find out .
1637,she walked behind the statue .
1638,"seth , jason , and i followed her ."
1639,"as soon as i was on the other side , i gasped at what i saw ."
1640,in front of me was an archway .
1641,two entwined hooks were mounted on the top .
1642,each side was twisted metal that ended in the ground .
1643,"in the center , two pieces spun together and ended holding a pulsing , black crystal ."
1644,you should have been able to look right through the archway but there seemed to be a sheet of transparent black glass in the way .
1645,"this is the door to igneeria , the dwarf pronounced proudly ."
1646,"i fought the urge to say , no duh !"
1647,"jason looked up , mesmerized ."
1648,epic .
1649,epic ?
1650,seth scoffed .
1651,thats all you can say ?
1652,"this , he motioned to the dark archway , ca n't be described by one word ."
1653,i smiled to myself .
1654,"the old seth seemed to be coming back , which was great ."
1655,"i was getting really tired of quiet , watching seth ."
1656,then how about the coolest thing on earth ?
1657,jason asked .
1658,seth shook his head .
1659,"no , its not even a part of earth ."
1660,"try creepy , but cool ."
1661,emily rolled her eyes .
1662,"boys , i still dont know how they find this interesting ."
1663,"she pointed to jason and seth , who were continuing to guess random names to describe the arch ."
1664,"i mean , who cares !"
1665,am i right about them ?
1666,"yes , completely , i said and fought a laugh ."
1667,dont try to understand or youll get lost in the complicated labyrinths that are their brains .
1668,"i think this is the most thinking the two have ever done , emily said with a sigh and shook her head , making her pink curls dance ."
1669,its just sad .
1670,i was about to say something else when the dwarf gave a loud cough .
1671,"jason and seth fell silent , outlined by the eerie glow of the arch ."
1672,"you must know a few things before you enter , the dwarf said , pacing back and forth ."
1673,he reminded me of a teacher instructing a class .
1674,"first of all , once you enter , there is a chance that you wont be able to leave for a while ."
1675,my heart fell at this .
1676,"second , igneeria is wild and offers little protection ."
1677,especially at a time like this .
1678,he gave us a hard stare .
1679,"you might get seriously injured , or you might almost die ."
1680,you must be ready for this .
1681,i felt my stomach do sick flip-flops .
1682,i wasnt ready .
1683,"anyway , the dwarf said quickly , obviously seeing our surprised faces , i think all of you can deal with that ."
1684,shall we go ?
1685,"seth shrugged , i guess ."
1686,the answer to that question doesnt really matter .
1687,"the dwarf held his hand out , shall we go then ?"
1688,"i shrugged , lead the way , shorty ."
1689,the dwarf gave me an annoyed look and walked towards the arch .
1690,i expected him to go right through but he disappeared in a swirl of black mist .
1691,jason shrugged and ran in after him .
1692,"wait jason , emily called ."
1693,"dang , never mind ."
1694,she disappeared too .
1695,i went to follow her and hesitated .
1696,"seth walked up to me , you nervous ?"
1697,why shouldnt i be ?
1698,"i said , shaking ."
1699,is going to a different world supposed to be vacation-relaxing-in-the-sun easy ?
1700,"he smirked , i never said that ."
1701,"you implied it , i said , with a roll of my eyes ."
1702,"he sighed and pushed me into the doorway , the dark , swirling mist swallowing me up ."
1703,i felt his hands leave my back for a second and then they were back .
1704,"the chilly feeling welcomed me , like a long lost friend ."
1705,"as soon as the mist cleared , i was standing in a forest clearing ."
1706,"the sky was hazy and dreary , making me want to run back to earth ."
1707,"but when i turned around , the door was gone ."
1708,"emily looked terrified , her eyes bigger than the eerie moon above ."
1709,"jason was frozen next to her , eyes darting around at the shadows ."
1710,the dwarf stood perfectly calm in front of us .
1711,no one spoke because there was nothing to say .
1712,i heard rustling in the trees and dozens of creatures came thundering out .
1713,"i noticed thrashers , frost beasts , swamp trolls and many others i have never seen ."
1714,"they lumbered towards us , teeth flashing in the moon light ."
1715,seth whirled around on the dwarf .
1716,you set us up !
1717,"he hissed , sword drawn ."
1718,this was all a trap !
1719,"the dwarf 's eyes widened in alarm , i swear , sir , that i knew nothing of this !"
1720,i warned you that you must be prepared for anything .
1721,"seth , i said slowly , placing a hand on his shoulder , do n't attack him , we need him to help us get through igneeria ."
1722,i felt his shoulder muscle tense under my fingers but he lowered his blade .
1723,"he did n't sheath it though , because he would need it in the fight ."
1724,"he glowered at the dwarf , do n't think that i trust you , dwarf , he said angrily ."
1725,you 're only alive because jazell makes a good point .
1726,"but if i find that you are lying to us , he sliced the air , you 're going to have a lot more problems than you think ."
1727,the dwarf gulped and looked away .
1728,i gripped seth 's shoulder and he turned around to face me .
1729,i saw distrust flash in his eyes but he gave me a weak smile .
1730,we turned to face the monsters heading for us .
1731,"seth charged ahead , slicing thrashers and frost beasts ."
1732,i notched an arrow and released it .
1733,"it soared into a swamp toll 's head , making it shout out in agony ."
1734,seth spun around and plunged his sword into the troll 's side .
1735,"it gave a screech and fell to the floor , dead ."
1736,emily raised her hands and vines shot from the ground and wrapped around a troll that had tried to crush seth .
1737,i aimed an arrow at its chest and the troll fell to the ground next to the others .
1738,"the last beast fell , dead from jason 's knife , and we all took in a deep breath ."
1739,seth sheathed his sword and i slung my bow back on my back .
1740,"emily sat on the ground next to jason , seth and me as the dwarf stood in front of us ."
1741,"sadly , he started , i can not be with you all anymore ."
1742,i must leave and go back to her ...
1743,wait a minute !
1744,"seth exclaimed , jumping up ."
1745,you 're leaving us ?
1746,you little ...
1747,seth !
1748,i protested and stepped in front of him .
1749,do n't you dare think about killing him .
1750,"he got us here- and he 's leaving us here in some random place when we have no clue what to do or where we 're going , seth interrupted me ."
1751,the dwarf shook his head .
1752,"i 'm very sorry , sir , but her majesty told me to bring you here and then to report back ."
1753,"i must tell her about the ambush , someone knew i was bringing you here ."
1754,do n't you have to bring us to her ?
1755,seth asked .
1756,the dwarf cocked his head .
1757,"no , she will see you when she believes you are ready , he turned around and disappeared into the woods ."
1758,wait !
1759,i yelled and ran after him .
1760,"wait , jazell , seth called after me and i heard him follow ."
1761,the trees parted and the dwarf stood in front of me .
1762,he gave me a small smile .
1763,"i do wish you luck , miss ."
1764,i hope you survive .
1765,"please help us , i begged ."
1766,we need your help .
1767,he shook his head .
1768,"i 'm very sorry , miss , but i ca n't ."
1769,he gave me another smile and was gone .
1770,"jazell , i heard emily say ."
1771,i turned around to see her smiling at me .
1772,we 'll be fine .
1773,"emily 's right , seth said ."
1774,we do n't need him .
1775,if he does n't want to help us then it 's his fault if we do n't get where we need to go .
1776,"we should find somewhere to stay for the night , jason suggested ."
1777,seth nodded and we followed him deeper into the dark woods .
1778,i walked beside emily as the trees passed us .
1779,things seemed to watch us from the shadows and i felt like some poor little kid who was afraid to be a victim of a halloween jump-out-of-the-bush scare trick .
1780,i shivered in silent fear .
1781,"emily studied me , are you cold ?"
1782,do you need to get warmed up ?
1783,a little flame of fire flickered to life in her palm .
1784,i gave a shaky laugh .
1785,"no , i 'm not that kind of cold ."
1786,she put the little flame out .
1787,"ah , i know what you mean , she said and hugged me ."
1788,i 'm feeling the same way .
1789,"but do n't worry , they , she motioned to the boys , do n't have to know ."
1790,"they 'll find out eventually , i mumbled ."
1791,but that does n't have to been now .
1792,i bet they must have some kind of fear themselves .
1793,i shivered .
1794,it 's like going throw the bogey-man 's home .
1795,"he must not get a lot of visitors , emily commented ."
1796,i 'm defiantly not coming over anytime soon .
1797,emily laughed and the boys stopped walking .
1798,the trees parted to reveal a rock ledge .
1799,"i spotted a small cave , the entrance covered in thick , twisted bramble ."
1800,the sky was getting even darker and more ominous when seth turned around to face us .
1801,"we 'll head for the cave and stay there for the night , seth said ."
1802,then we 'll set off .
1803,emily crossed her arms .
1804,who made you in charge ?
1805,"you have a better idea , emily ?"
1806,seth snorted .
1807,or maybe you 'd prefer to sleep in the open .
1808,"uh i think i 'll stay with that plan , she said quickly ."
1809,but you 're a grump seth .
1810,she pushed past him and headed the path to the cave .
1811,"you are , seth , i said ."
1812,"i followed emily , with jason and seth on my heels ."
1813,"when we reached the blocked cave entrance , seth drew his sword and sliced the vines apart ."
1814,they fell to the ground and the cave was revealed .
1815,we walked inside the dimly lit space and i sighed in relief at some safety .
1816,the air smelled musty and i had a feeling no one had ever been here .
1817,i sat on the floor next to emily and the boys sat on the opposite side of the floor .
1818,"we should all get some rest , seth said with a yawn ."
1819,we can figure out what to do next when we wake up .
1820,i nodded sleepily and laid down on the hard ground .
1821,"i closed my eyes , feeling a strange tiredness come over me ."
1822,"i barely heard seth mumbled , i do n't like our situation at all ."
1823,"that night , i had the weirdest dream ."
1824,"i was standing on a dark cliff , the eerie moon high in the sky ."
1825,"the wind whipped at my hair , causing me to see the green strands in front of my eyes ."
1826,"the cold nipped at my cheeks and nose , which i tried to rub back to warmth ."
1827,i stood at the edge of the cliff and gasped when i looked down .
1828,"underneath me , hundreds of monsters gathered around a fight ."
1829,"i couldnt see who was fighting inside because a swamp troll blocked my view , but i knew it was brutal the way they whooped at a screech of pain ."
1830,"i wanted to close my eyes and look away , but i was so curious to see what was going on , that i couldnt ."
1831,the crowd parted to reveal the scariest and most hideous thing ive ever seen .
1832,"it must have been some type of faery because i could see long , pointed ears sticking up from the sides of its head ."
1833,"long , black hair was stuck out in all directions on top of its head looking slimy and dirty ."
1834,"sharp , twisted horns sat on top of its head , gleaming in the dark ."
1835,"a long , billowing black cloak spiraled out behind it , completely covering the rest of its body ."
1836,"its eyes shined red and full of hate , although there was a terrible smile that danced on its face ."
1837,victory !
1838,it boomed in a chilling voice .
1839,the crowds of monsters roared in applause and excitement .
1840,"the trolls banged their clubs on the ground , on their chests , and even on each other ."
1841,"the howl of a frost beast rose into the night , making me feel even more chilled ."
1842,i wanted to wake up .
1843,but i couldnt .
1844,i needed to find out what that thing was and what it had killed .
1845,"i also had a horrible feeling , deep down that made me know that this wasnt a dream but some type of vision ."
1846,"this was happening in real life , right now in igneeria ."
1847,that proved that igneeria had worse things to hide than what we thought was bad .
1848,"the thing walked forward and the crowd parted to make it a path , falling silent ."
1849,i find myself creeping back until i could barely see the scene below .
1850,i was afraid that it would see me .
1851,then i got a glimpse of what it had killed and i had to hold back my tears .
1852,"the poor body of the dwarf who had brought us here was lying in a contorted heap , limbs twisted in all directions ."
1853,the scene was awful and i had to prevent myself from throwing up .
1854,then i knew why they beat and killed him .
1855,all the other dwarves were on kojas .
1856,this dwarf must have betrayed kojas to bring information to whoever her majesty was and to help us into igneeria .
1857,i suddenly knew that this dwarf was much braver than we had given him credit for .
1858,i suddenly felt awful because i knew who the thing was .
1859,kojas .
1860,"chapter 7 the little traitor thought he could fool us , kojas announced , but he was wrong ."
1861,his death does not matter to me but what matters is what he could have said and done against us .
1862,he may have spilled too much .
1863,but it does not matter !
1864,"he continued , his voice flowing with reassurance ."
1865,i have knowledge that the half-lings have entered our world and our grasp .
1866,"the dwarf may have done us a favor , bringing them here , without knowing it ."
1867,"my help , my prize travels with them ."
1868,"he will bring us to victory , the half-ling boy !"
1869,"the crowd roared louder than ever , fueled by the thought of victory ."
1870,anger rose inside me with every word kojas said .
1871,seth would not help them and the dwarf did n't make a mistake .
1872,the only one making the mistake was kojas .
1873,"the crowd fell silent as he said , we will find them and kill them ."
1874,than nothing will be in our way !
1875,my disbelief grew and a single howl sounded above all .
1876,i felt the ground disappear underneath me as i woke up to the safety of the cave .
1877,i opened my eyes and had to squint because the light was so strong .
1878,"i sat up and leaned against the wall , looking around ."
1879,"the sun shone brightly through the cave 's entrance , making dirt particles appear in the air ."
1880,"seth was leaning on the wall , twirling his sword in the dirt , not appearing to notice that i was awake ."
1881,"emily and jason were sitting in the center of the cave , playing some kind of hand game ."
1882,jason hit emily in the arm and she started yelling at .
1883,"so , this is typical thing to wake up to ."
1884,i stood up and walked over to seth .
1885,he looked up from the ground and saw my troubled face .
1886,"what 's wrong , jazell ?"
1887,"i need to speak to you , i said in a low voice , alone ."
1888,seth nodded in understanding and i followed him out of the cave .
1889,we stood off to the side near the edge of the cliff where emily and jason could n't see us .
1890,"for a minute , i did n't say anything because i did n't know what to say ."
1891,"i hesitated , but knew that if i told anyone about the dream , it would be seth ."
1892,so what was the point in waiting ?
1893,"i had a dream last night , i began ."
1894,"only it was n't really a dream , but more of a vision ."
1895,seth nodded .
1896,what was it about ?
1897,i told him about the cliff and how kojas had killed the dwarf .
1898,"i hesitated but told him what kojas said about him too , and i saw him stiffen ."
1899,"i 'm sorry , i found myself saying ."
1900,seth shook his head .
1901,it 's not your fault that he said those things about me .
1902,i 'm happy you did n't try to keep it from me .
1903,what should we do ?
1904,i asked desperately .
1905,"well we know that the dwarf is dead and that kojas knows we 're here , seth said ."
1906,we also know he 's going to be looking for all of us .
1907,so ?
1908,so ?
1909,seth mimicked and smiled .
1910,we do what we always do .
1911,we 'll just step up our game and do a little more running than we 're used to .
1912,"no problem , right ?"
1913,"ya , i said , feeling the fear creep up again ."
1914,no problem .
1915,"jazell , it 's okay to be scared , seth looked me in the eye ."
1916,"i 'll admit to you , only you , that i 'm scared too ."
1917,"no , i said with mock surprise ."
1918,you ?
1919,scared ?
1920,never .
1921,he gave me a light shove .
1922,hey smarty pants do n't be sarcastic with me .
1923,i just gave you a huge secret .
1924,"i laughed and shoved him back , do n't tell me what to do , bossy ."
1925,"well , he teased , at least i 'm not going around making fun of friends who are scared ."
1926,"i opened my mouth to say something smart when i heard a small , ahem , at the cave entrance ."
1927,"i looked over my shoulder to see emily standing there , leaning against the rock wall , smiling in a way that made you happy ..."
1928,but scared .
1929,i mentally braced myself for whatever was coming from my eavesdropping friend .
1930,"so , she said casually , what are you guys talking loudly about ?"
1931,uh ...
1932,was all my brain could compute .
1933,luckily seth saved me .
1934,"what 's wrong with two crazy , half-ling kids going outside in the morning because they 're both tired of listening to their other two friends bicker while they play hand games ?"
1935,"well , you know it 's weird that you two are talking alone , without letting the rest of us know what it is , she shot back ."
1936,unless you two are hiding something from us ?
1937,"nice save , seth ."
1938,um ...
1939,i said .
1940,why would we hide anything from you two ?
1941,emily put her hands on her hips .
1942,"i do n't know , but you two are acting like you are hiding something ."
1943,she stopped and gave me a wicked smile .
1944,"unless you two were not talking- god no , emily !"
1945,i interrupted her .
1946,"no way , we were just trying to get away from you two because i just woke up and you guys are really loud first thing in the morning ."
1947,she sighed .
1948,"fine , do n't bite my head off jazell , i was just asking a question ."
1949,then she turned and disappeared back in the cave .
1950,seth let out a huge breath .
1951,"wow , i 'm glad she left ."
1952,i had the feeling that she knew we were hiding something .
1953,he hunched over me .
1954,because we are .
1955,do you think we should tell them about my vision ?
1956,i asked .
1957,he chewed his lip in frustration .
1958,"maybe we should , but not include the parts about me ."
1959,"seth , i said slowly hoping he did n't get mad at me , we should tell them what 's going on with you eventually ."
1960,what if kojas comes for you and they have no clue why- no !
1961,"he said sharply , and the tone of his voice surprised me ."
1962,"i ca n't jazell , i would n't have told you if you had n't ran after me demanding to know what i was hiding ."
1963,"but you 're happy i did , right ?"
1964,i asked .
1965,he looked away .
1966,yes i am .
1967,it 's a lot better than hiding this on my own .
1968,the secret just keeps getting bigger .
1969,i rolled my eyes .
1970,"emily will find out eventually , and when she does , she 'll kill you for keeping a secret from her ."
1971,let 's hope it is n't until you and i figure this thing out .
1972,i nodded and walked back into the cave .
1973,emily and jason watched us enter and i swallowed nervously .
1974,"seth gave me a small nod , signaling me to start telling them about my dream ."
1975,"listen guys , i had a dream , i said and repeated my dream again , minus the part about seth ."
1976,emily and jason listened to every word i said .
1977,"when i got to the part about kojas , emily 's mouth made a small o and jason 's eyes widened ."
1978,my voice shook as i recalled the dwarf 's dead body .
1979,that 's awful !
1980,"emily said , her voice shaking ."
1981,she hopped over and gave me a small embrace .
1982,i 'm sorry you had to see that .
1983,uh ...
1984,"thanks emily , i said and allowed myself to be hugged ."
1985,she bounced back over to jason 's side and waited for me to continue but there was nothing else to say .
1986,i had told her everything i needed to tell her .
1987,did she somehow know that i was n't telling her the whole story ?
1988,i looked at seth out of the corner of my eye and saw him doing the same .
1989,we needed to talk longer and more in depth about the situation we were sharing .
1990,"so , emily said and tapped her fingers on the cave wall , is that all ?"
1991,yes .
1992,"well then , she looked us in the eyes , what are we waiting for ?"
1993,"let 's get a move on and leave this small , damp cave ."
1994,i shrugged and followed her out .
1995,the sky was lit but still had a gloomy feeling mixed in with the warmth .
1996,i felt a sense of dread as we entered the never-ending forest again .
1997,"a few rays fought their way through the thick canopy of trees , making it possible to see what was around you ."
1998,seth led the way as we followed a faint path through the unknown .
1999,"i was bringing up the rear of the line , emily in front of me ."
2000,"i watched her cloak swish around her ankles , the rhythm surprisingly soothing to me ."
2001,"the silence was unnatural , and i felt like there should be some kind of sound ."
2002,i should n't have thought that .
2003,out of nowhere i heard a single rattle .
2004,then it suddenly stopped .
2005,a feeling of unease rose inside of me but i kept walking .
2006,"then another rattle that did n't end sounded , vibrating all around us ."
2007,"another seemed to join it , then another and another until the noise was unbearably loud ."
2008,"sick , quiet laughter sounded all around us ."
2009,"it giggled and laughed in amusement , shrieking at us ."
2010,"the laughter stopped , but the rattle did n't ."
2011,"but whatever it was , it surrounded us ."
2012,the four of us pressed together .
2013,this is the prey ?
2014,a rake-like voice cackled .
2015,this is nothing !
2016,i saw seth draw his sword and the rest of us readied our weapons .
2017,i gripped my bow so hard that i was afraid it might break in two .
2018,i heard more screechy laughter .
2019,"easy kill , another agreed ."
2020,"no challenge , something else piped up ."
2021,the king under estimates our abilities .
2022,it laughed .
2023,"a voice hissed , we will show him ."
2024,this was seriously starting to freak me out .
2025,"it was like the dead were talking to me , and i shivered ."
2026,then i saw them .
2027,they slithered from the shadows of the trees and bushes .
2028,"there hundreds of them , each easily my height ."
2029,"they were covered in black , grey green scales that were each the size of my hand ."
2030,they were layered on its body like plated armor .
2031,"their beady dark , red eyes sent shivers down my spine ."
2032,i slung my bow back over my shoulder and grabbed my hunter 's knife from its sheath on my side .
2033,one stopped and raised its head up towards me .
2034,"it opened its mouth to reveal rows of sharp , yellow fangs ."
2035,a chuckle escaped its mouth .
2036,"what are you going to do with that , half-ling ?"
2037,it said with a voice that sent needles into my skin .
2038,a knife wo n't do a thing against something like me .
2039,i almost listened to the thing and started to lower my weapon but i caught myself .
2040,my hands started to shake .
2041,its eyes glistened with hunger .
2042,you ca n't even hold a weapon .
2043,so how are you going to save your friends ?
2044,i did n't know what it was talking about until i looked over .
2045,"seth was stiff and frozen , his eyes following one of the snake creatures that was climbing its way up his leg ."
2046,it twisted itself around his arm and brushed onto his neck .
2047,seth swung his sword at the back of the snake but there was a flash and it sliced his arm instead .
2048,he winced and dropped his weapon .
2049,the snake had wrapped around his neck and was squeezing .
2050,i gripped my knife but stopped when the creature snickered from the ground .
2051,"i would n't do that if i were you , it said ."
2052,that would n't be wise .
2053,why ?
2054,i demanded .
2055,it would n't be right to help seth ?
2056,it hissed in laughter .
2057,"no , half-ling ."
2058,"if you have n't realized it yet , we change our shapes ."
2059,your friend already hurt himself learning that .
2060,seth was n't looking so good .
2061,he was bent over and was grabbing at his neck .
2062,i then realized that the snake was now a smaller brown colored snake and had its whole body wrapped completely around his neck .
2063,i had an awful feeling that i could n't help seth without hurting him .
2064,i was helpless .
2065,emily and jason were farther off fighting their own swarm .
2066,i could see from here that they were slowly losing too .
2067,"emily continued to try to fry the creatures or knock them away with air , but it was n't really working ."
2068,"i kept seeing jason 's knives fly off into the woods , or sink into the ground , instead of hitting their mark ."
2069,"and now half-ling , it whispered with joy , you die ."
2070,it lunged up at me .
2071,i had a sudden feeling inside and i stabbed at the creature .
2072,it tried to change forms to avoid the knife 's path but somehow my knife stabbed it anyway .
2073,it withered and then went still .
2074,"i gasped as the body fell to the ground and even some of the creatures , around stopped ."
2075,"they murmured among each other , she killed a syphon !"
2076,she killed one of us .
2077,so the awful creatures were called syphons ?
2078,what did they want ?
2079,i made a mental note to tell emily about this .
2080,"that is , if all of us didnt die first ."
2081,they screeched in anger and i felt their eyes on me .
2082,every single one was full of burning hatred .
2083,but i ignored the feeling and focused on seth .
2084,"his eyes locked on mine as he wheezed and he sent me a clear message , help ."
2085,"not that i needed his permission anyway , it 's just seth never asked for help ."
2086,"i , again , suddenly knew the syphon 's weakness but i did n't know why or how ."
2087,i could sense some dark black area on the neck just like a target dot .
2088,"i stabbed it and the creature gave a dying hiss , falling to the ground too ."
2089,seth rubbed his neck and grabbed his sword .
2090,thanks jazell .
2091,"no problem , i said ."
2092,want to rescue the others ?
2093,"seth grinned , sure , jason is n't going to be happy about me saving his butt ."
2094,"well he can deal , i said and walked quickly towards emily and jason ."
2095,we better hurry .
2096,"i reached emily in a few , quick strides , stabbing some syphons that were trying to attack her ."
2097,she looked up at me and opened her mouth to ask me how the heck i did that but i shook my head .
2098,i 'd explain the unexplainable later .
2099,aim for the neck !
2100,i shouted to the both of them .
2101,it 's their weak point .
2102,they both nodded in agreement .
2103,jason spun around and began to stab them as i suggested .
2104,he ducked and i say their number start to drop because of his quick reflexes .
2105,the swarm 's size was reduced to half .
2106,"the syphons were starting to look uneasy , hesitating before they flung themselves at us ."
2107,it did n't matter to me .
2108,retreat !
2109,one of the voices yelled .
2110,fall back !
2111,they gave one more angry hiss at us and disappeared into the woods .
2112,the bushes and trees rattled and then the woods were silent .
2113,i could hear everyone 's heavy breaths as we turned to face each other .
2114,"well , actually everyone turned to me ."
2115,"so , i said and wiped the sweat off my knife 's handle , that was something , was n't it ?"
2116,emily put her hands on her hips .
2117,"jazell , how the heck did you know how to kill those things ?"
2118,she shook her head .
2119,what were those things ?
2120,"syphons , i said ."
2121,i do n't know how i knew where to stab them .
2122,"i just did , alright ?"
2123,it was weird .
2124,seth shook his head and leaned against a tree .
2125,how come you get some random power when the rest of us do n't ?
2126,he gave me a fake pout .
2127,it 's not fair .
2128,i leaned against the tree next to him and rammed my elbow into his side .
2129,he winced and i grinned .
2130,"i did n't ask for the power , seth ."
2131,"but it did save our butts so i 'm happy , i magically gained it ."
2132,"well i hope i get some cool power too , emily said and stretched ."
2133,"whatever , jason said and twirled a knife in his hand ."
2134,he seemed to go back to say-a-few-words-and-then-say-nothing-which-drives-everyone-crazy .
2135,emily made a face at him .
2136,"wow , thanks so much for the support , jason ."
2137,that speech was incredible .
2138,jason stuck his tongue out .
2139,you 're welcome .
2140,"one day , she mumbled ."
2141,one darn day ...
2142,"emily , are you okay ?"
2143,i asked .
2144,her head shot up and she gave me a big smile .
2145,"yup , never better ."
2146,i 'm just having a minute to myself .
2147,okay ...
2148,i trailed off .
2149,seth walked over to join us .
2150,we should get moving and find somewhere else to stay .
2151,"if we stay and argue in the forest , something worse is bound to find us ."
2152,"right , lead the way , i said and pushed off the tree ."
2153,"seth nodded and i walked beside him as he led us , once again , through the woods ."
2154,emily and jason were talking quietly about something which gave us both the opportunity to talk .
2155,you think kojas sent them ?
2156,i mumbled to him and pushed a branch away .
2157,he looked at me from the corner of his eye .
2158,"obviously , why else would they say that the 'king ' would underestimate them ?"
2159,"you make a good point , i said ."
2160,why did the syphon attack you ?
2161,i lowered my voice so only he could hear me .
2162,i thought you said they would n't attack you .
2163,he looked uneasy .
2164,the syphon said he would be rewarded for grabbing me .
2165,i think he was n't trying to kill me but trying to knock me out .
2166,so he could bring you to kojas .
2167,he nodded but he seemed somewhere else .
2168,"he sighed and said , i hope they wo n't go too far to achieve that , or it 'll get harder to hide this from emily and jason ."
2169,i crossed my arms .
2170,i told you that we should tell them .
2171,"but you still refuse to let me- no , he said sternly ."
2172,no and that 's that .
2173,"fine , i said and threw my arms in the air ."
2174,i give up .
2175,at least i tried but you 're just too stinking stubborn .
2176,seth flashed me a smile .
2177,it 's what you love the most about me .
2178,i punched him in the arm .
2179,who said i loved anything about you .
2180,maybe i like puppies more .
2181,"at least they listen , mostly ."
2182,"ow , that hurts , he said and clutched his side ."
2183,i laughed and felt the world brighten a bit .
2184,you 're so annoying .
2185,you can add that to the list .
2186,"you just love to insult me , seth grinned ."
2187,is it your new hobby ?
2188,"it will be if you keep annoying me , i fought the urge to punch him again ."
2189,he just rolled his eyes at me .
2190,he really is the most annoying person i 've ever met besides emily and myself .
2191,"wow , he was going to have us both beat ."
2192,"i 'm sorry to interrupt your playful banter , but are we actually looking for a place in particular or just some random cave ?"
2193,emily 's annoyed voice asked us from behind .
2194,"yes , just a random cave or a place to stay ."
2195,why ?
2196,"seth asked , just as annoyed ."
2197,"well , she said , a cave wo n't be found in a forest , so should n't we be finding a way out of the forest ?"
2198,"i know that , emily , he said and pointed to the trees ."
2199,can you find a way out ?
2200,it just goes on and on .
2201,i 'm hoping that we find a clearing soon .
2202,"fine , she said and crossed her arms , i 'm sorry i interrupted your conversation ."
2203,then she started talking to jason again .
2204,"seth made a cat noise and clawed the air , someone 's a pussy cat today ."
2205,"be quiet seth or she 'll hurt you , i said and looked over my shoulder ."
2206,emily seemed to have heard that and she winked at me .
2207,i smiled and winked back .
2208,seth i 'd be really careful .
2209,"seth snorted , i 'm not scared of her ."
2210,"i would be , i said and had to fight another smile ."
2211,i could tell it was getting past noon because the air started to get cooler .
2212,i was suddenly really jealous of emily 's long robe .
2213,i also was getting hungry and wondered if there was any way to get food in igneeria .
2214,a huge rumble startled me and i looked up at the sky .
2215,we were in a clearing and i could see the sky clearly .
2216,dark clouds covered the sky and a rumble shook the air again .
2217,a single drop of water landed on my cheek .
2218,"oh no , i breathed ."
2219,another drop landed on my forehead and then on my chin .
2220,then they started to pick up speed and i covered my face with my hands .
2221,"the rain streaked through my hair , soaking it to my head ."
2222,"seth looked extremely annoyed as he stood there , his blue hair plastered to his face ."
2223,his eyes were half covered by his hair and his eyes locked onto mine .
2224,he rolled his eyes and looked away .
2225,"jason had his arms over his head , trying to keep the rain off his red hair but i already saw dark spots all over it where the rain had escaped his arms ."
2226,emily 's pink hair was dry and safely under a hood .
2227,"wait , what ?"
2228,"emily , how come you have a hood ?"
2229,i had to shout over the rain .
2230,she gave me a dazzling smile .
2231,i 'm always prepared .
2232,"this is just great , seth shouted ."
2233,we better find some shelter because the rest of us are getting soaked to the bone .
2234,"i 'll take the lead , i said and ran in front of him ."
2235,you 'll lead us into a dragon 's cave if you take the lead .
2236,seth rolled his eyes again .
2237,fine !
2238,i walked through the trees and took a right .
2239,the trees parted and the trees ended .
2240,right ahead of me was a cave .
2241,"found a cave , that was n't too hard seth , i said ."
2242,"right , he said ."
2243,so what are we waiting for ?
2244,let 's go !
2245,"i ran towards the cave , eager to get out of the rain and into somewhere dry ."
2246,i stopped in front to catch my breath .
2247,"emily , jason , and seth ran up behind me and we stared into the cave ."
2248,i took a deep breath and started to enter the cave .
2249,"all of a sudden , a roar made me freeze ."
2250,two nostrils and eyes popped up from the cave .
2251,my blood stopped .
2252,it was a dragon .
2253,"chapter 8 i stood , frozen in fear at the sight of the dragon ."
2254,it stalked towards me .
2255,the piercing green eyes bore into mine and i was more scared than i had ever been in all 15 years of my life .
2256,jazell move !
2257,"seth yelled and pushed me behind him so hard , i almost fell over ."
2258,"i caught myself and pulled out my bow , notching an arrow ."
2259,"we all tensed , prepared for a fight ."
2260,"all of a sudden , emily walked towards the dragon ."
2261,seth yelled at her to get back but she ignored him .
2262,"she stood right in front of its head and opened her mouth , bizarre sounds started coming out ."
2263,"we all stood there mesmerized as she grunted , growled , snorted and hissed at the dragon ."
2264,"i expected it to just take a huge bite out of her , but it seemed as surprised as we were ."
2265,"emily , what 's going on ?"
2266,i shouted to her and started to walk over .
2267,seth reached out and grabbed my arm .
2268,"i spun around , suddenly annoyed ."
2269,he shook his head and nodded over to the dragon .
2270,i looked and to my surprise it was bending down to let emily stroke its head .
2271,she patted its head and it curled up outside the cave .
2272,she bent down to whisper something in its ear and then stood up again .
2273,"well , she said looking at us , what are you waiting for ?"
2274,she disappeared in the cave .
2275,then she poked her head out .
2276,come on !
2277,we walked slowly into the cave .
2278,"i glanced over at the dragon , which was now asleep and making small puffs of smoke in the rain ."
2279,"i sat on the cold stone floor , shivering ."
2280,i was soaked to the skin and my hair was completely plastered to my head .
2281,seth sat next to me and i could see he was shivering too .
2282,jason slid down the wall across from us with his eyes closed .
2283,"i never want to walk again , he mumbled ."
2284,never .
2285,"you 're going to have to , dude ."
2286,"we have a lot of walking left to do , seth said wearily ."
2287,jason groaned and circled up against the wall .
2288,emily pulled her hood off and examined herself .
2289,she mumbled something and squeezed her sleeves .
2290,i feel so heavy and gross .
2291,jason 's eyes popped open .
2292,why are you complaining ?
2293,"you 're freaking dryer than all of us and you got some awesome power , too ."
2294,you ca n't complain .
2295,"language jason , she scolded ."
2296,i hate even being a tad wet so i feel like complaining .
2297,"i just do , so deal ."
2298,jason scowled and closed his eyes again .
2299,"i 'm sleeping and if anyone wakes me up and it 's not to kill something , i 'll stab them with my dagger ."
2300,"wow you 're just a sparkly rainbow today , i said ."
2301,emily shook her head .
2302,he 's just a fat crab .
2303,"maybe i am , jason said , deal ."
2304,emily sat near the entrance of the cave .
2305,i heard jason 's breathing slow down which met he was sleeping .
2306,"i found myself pressing my shoulder to seth 's , trying to find warmth ."
2307,heat flowed into my shoulder but it was n't much .
2308,"oh well , you ca n't always be satisfied ."
2309,"emily , how did you keep that dragon from attacking us ?"
2310,i asked .
2311,you were making funny sounds that made no sense to me .
2312,she looked puzzled .
2313,"what do you mean , i was speaking english and so was the dragon ."
2314,i shook my head .
2315,"no you were n't , you were making grunting and growling sounds ."
2316,"that 's odd , i did n't think i was , she said ."
2317,i told the dragon that we were four half-lings who needed shelter from the rain .
2318,"then he asked if we were against kojas and i said yes , that he was hunting us ."
2319,then he told me that he would let us use his cave because he was on our side .
2320,"then i thanked him and here we are , inside the cave nice and dry ."
2321,"maybe that 's your power , you can speak to dragons , seth suggested ."
2322,but i do n't understand how you two get powers and we do n't .
2323,"be patient , i said ."
2324,"yes , emily murmured and stifled a yawn ."
2325,"girls first , seth ."
2326,have a problem with that ?
2327,"all right then , he said and leaned against the wall ."
2328,sweet dreams to you two .
2329,"yup sweet dreams to us , i said and closed my eyes ."
2330,goodnight emily .
2331,goodnight jazell .
2332,"i drifted off , feeling surprising comfy against seth 's shoulder and hearing jason softy snore ."
2333,i opened my eyes to see myself standing in the woods .
2334,the sky saw clearer and it was n't raining anymore .
2335,it was eerie quiet and as i stood there it felt like i had never left the woods .
2336,i heard a voice whispering one word over and over again .
2337,jazell ...
2338,what ?
2339,i called .
2340,what do you want ?
2341,jazell ...
2342,the voice whispered again .
2343,jazell .
2344,what ?
2345,i screamed into the trees .
2346,what do you want ?
2347,"why do you have to repeat my name over and over again , it 's creepy ."
2348,"jazell , beware , it whispered again ."
2349,beware .
2350,"i stomped my foot in frustration and yelled , beware of what ?"
2351,"beware , it mumbled back ."
2352,beware of the shadows .
2353,what ?
2354,"i said , startled ."
2355,i know how scary shadows are and i do n't need you to tell me that .
2356,jazell ...
2357,"that 's it , i said angrily ."
2358,i 'm getting an answer for once .
2359,"i ran towards the voice , which was hard because it sounded like it was everywhere ."
2360,a bright light flashed and i saw a ghost-like girl disappear in the darkness .
2361,my eyes widened as i saw seth and then darkness .
2362,but not before the voice said one more thing .
2363,beware of each other .
2364,*** i opened my eyes and shot up so fast my head collided with seth 's .
2365,"i clutched my head and said , ow ."
2366,seth stretched his arm to rub his eyes .
2367,what 's wrong ?
2368,he asked .
2369,i shook my head .
2370,nothing .
2371,i looked at the beads of sweat on his forehead .
2372,what 's wrong with you ?
2373,"nothing , he said ."
2374,"i 'm just hot because when someone sleeps on someone else , that person kind of gets hot ."
2375,what do you mean ?
2376,he shook his arm .
2377,you fell asleep leaning against my arm .
2378,were you cold ?
2379,my face went red .
2380,"i did n't mean to , sorry ."
2381,"it 's not a problem , at least no one was cold , he said ."
2382,"i need to tell you something , i said ."
2383,i had another dream and i saw you in it .
2384,"it was kind of spooky , actually ."
2385,"really , he said ."
2386,you were in my dream too .
2387,"there was a voice calling my name , i said , remembering the creepy dream ."
2388,it was saying to beware of the shadows .
2389,then i saw this ghost-like girl before i saw you .
2390,then i woke up .
2391,seth nodded .
2392,mine was calling my name too and said to beware of the shadows .
2393,but i saw a ghost-like boy instead .
2394,then i saw a glimpse of you and then i woke up .
2395,who do you think they were ?
2396,i asked .
2397,the ghost kids .
2398,"i do n't know but i have a feeling that they were n't on kojas ' side , he replied ."
2399,"i glanced over at emily and jason , making sure they were still sleeping ."
2400,why do you think they were in our dreams ?
2401,was the 'beware of the shadows ' that important ?
2402,does any of this ever make sense to us ?
2403,seth asked with a shrug .
2404,we just wait it out like we always do .
2405,emily groaned and stretched .
2406,"she opened her eyes , squinting at the two of us ."
2407,morning .
2408,"good morning emily , sleep well ?"
2409,"i asked , wondering if she had the same type of dream as we did ."
2410,she shrugged .
2411,"i slept soundly , why ?"
2412,"nothing , just curious ."
2413,"okay , she stood up and tip toed towards jason ."
2414,"now the best part , waking up the grump ."
2415,she bent over close to his ear .
2416,"she took in a deep breath and then yelled at the top of her lungs , pie !"
2417,jason jumped up so fast that emily had to jump back to avoid getting hit in the head .
2418,he almost fell backward but he steadied himself against the wall .
2419,"one of his knives slid into his hand but by the time he realized what was going on , we were all laughing hard i was getting the hiccups ."
2420,"jason panted out each word , that ..."
2421,is ...
2422,not ...
2423,funny !
2424,he glared at emily so hard she must of thought that he had laser eyes .
2425,emily was holding herself and trying to stop laughing so she could speak .
2426,i 'm sorry jason ...
2427,but you were such a grouch yesterday ...
2428,we had to get you back !
2429,"i will get you back , jason said angrily ."
2430,i will .
2431,"okay jason , i hiccupped ."
2432,but you 're going to have to wait a while .
2433,"dude that was hilarious , seth choked out and had a smile on his face the size of the cave ."
2434,i 'm surprised you did n't scream like a little girl .
2435,but you did jump like one .
2436,jason 's face went red .
2437,"i thought i 'd get some support from you , seth ."
2438,he crossed his arms .
2439,"you might be next , you know ."
2440,seth shrugged .
2441,"maybe , but i do n't care ."
2442,"we all need a good laugh to keep our spirits up and if that means scaring the crap out of me , i 'm fine with it ."
2443,so you 'll be fine with me dragging you outside while you were sleeping and leaving you in the rain ?
2444,emily asked .
2445,seth narrowed his eyes .
2446,"no , i 'd be cold , wet and annoyed ."
2447,you can do that if you feel like having me be grouchy all day .
2448,"nah , emily said ."
2449,i do n't think it would be worth it .
2450,are we just going to sit here and talk or are we going to get a move on ?
2451,i asked .
2452,"alright then , emily said and walked out of the cave ."
2453,"if you want to go in the dreary woods so bad , we 'll go ."
2454,"jason walked after her , shoulders hunched ."
2455,"i went to follow him when seth said , we should tell them about our dreams ."
2456,i turned around and faced him .
2457,"we should , they need to know in case they have ones like ours ."
2458,seth nodded and followed me as we joined everyone else outside .
2459,emily waited for us and then headed into the woods .
2460,she waved to the dragon and we disappeared once more .
2461,"i stared off into the trees , waiting for seth 's cue to tell them about the ghost kids ."
2462,"seth raised his hand , signaling for us to stop ."
2463,he put a finger to his lips and pointed in front of him .
2464,i crept up and peered at where he was pointing .
2465,"a bunch of dwarves and tall , muscular men crowded around something ."
2466,"the men had double swords sheathed on their back , long ears , and long black hair ."
2467,they were wearing some type of combat boots and thick coats .
2468,one of them moved and i saw a tied dragon staked to the ground .
2469,it continued to try to stand but it seemed to weak and fell back down .
2470,i heard emily gasp in horror and i felt the same way .
2471,one of the men poked it in the side with the butt of his sword and the dragon grunted in pain .
2472,i looked over my shoulder at emily .
2473,she looked like she was about to start crying any second .
2474,seth drew his sword and crouched down .
2475,he shuffled forward and motioned for us to follow .
2476,we slid through the trees as quietly as we could .
2477,"i kept my eye on the faery men , waiting for one of them to turn around and notice us hiding in the trees ."
2478,i ducked behind a tree and looked over just in time to see emily trip and fall out of her bush .
2479,the faery and dwarves looked at her in surprise .
2480,i guess theyve never seen a teenage half-ling girl fall out of a bush before .
2481,am i interrupting something ?
2482,emily asked with a gulp .
2483,the faery men drew their double swords and charged at her .
2484,i released an arrow and it buried itself in one of their necks .
2485,"it fell backward and they turned to my hiding spot , searching for me ."
2486,two knives flew and a dwarf and man collapsed on the ground .
2487,i saw jason hide behind his tree again .
2488,"one dwarf got too close to emily and she raised her arms , dousing him in flames ."
2489,"he screeched and fell to the ground , withering and then went still ."
2490,"seth ran from the trees , brandishing his sword ."
2491,he swung it around and clashed with one of the faery 's swords .
2492,the faery brought the other around and seth twisted to avoid it .
2493,he grabbed the blade and flung it out of the man 's arms .
2494,"he roared angrily and threw his sword down on seth , who raised his up to block it ."
2495,"seth pushed back , but i could see him shaking ."
2496,"right when i thought he was winning , my mouth dropped open ."
2497,time seemed to slow as one of the other faery guys ran over to seth and the one he was locked with .
2498,the faery raised one of the hilts of his sword and brought it down on seth .
2499,it collided with his head and seth dropped his sword .
2500,he crumpled to ground and did n't move .
2501,seth !
2502,i screamed .
2503,"he did n't move and one of the faery men reached down to grab him but i screeched , leave him alone !"
2504,and sent an arrow into the guy 's neck .
2505,i heard jason yell in rage and they started to drop like stones .
2506,emily raised her arms and the ground shook under a faery .
2507,roots twisted upward and wrapped around one of the five faery men that were left .
2508,the other four fell dead from my arrows and jason 's knives .
2509,i ran out from behind the tree and stormed over to the squirming faery man .
2510,or i should to call them faery jerks now .
2511,i grabbed his coat and forced him to look at me .
2512,he smirked and i could n't hold back the urge to slap him .
2513,i slapped my hand across his face so hard it left a mark on his cheek .
2514,"start talking , i snarled ."
2515,who are you guys and what are you doing ?
2516,the faery jerk smirked again .
2517,we 're part of kojas ' personal guard .
2518,we were sent to look for you half-lings .
2519,"well i want you to know something , i said and got closer to his face ."
2520,"we will win this fight , mark my words ."
2521,"kojas is going down , way down if you know what i mean ."
2522,"well , he said , if you let me go i 'll give him your message ."
2523,"i do n't think so , i whispered ."
2524,you can tell him when he joins you .
2525,i rammed my knife into his stomach and pulled it out .
2526,the faery 's eyes rolled upward and he went still .
2527,i wiped my knife on my pants and sheathed it .
2528,"i ran over to jason , who was crouched over the unconscious seth ."
2529,jason looked up and i saw his face was full of concern .
2530,"can you help emily , she 's trying to release the trapped dragon , i whispered to him ."
2531,jason nodded .
2532,will do jazell .
2533,he stood up and walked over to emily .
2534,i sat on the ground next to seth .
2535,his eyes were closed and he looked dead .
2536,his blue hair was ruffled up in all directions .
2537,"i was so sure that he might be dead that i placed a hand on his chest , feeling for a heartbeat ."
2538,i felt the steady thump under my fingers and i sighed in relief .
2539,i removed my hand and looked over at emily .
2540,they had freed the dragon and they both were petting its head .
2541,it stretched its wings and they both had to duck to avoid being hit .
2542,"seth , i whispered , this is what i meant when i said things would get bad if we did n't tell them ."
2543,"i looked back at my two friends , who were laughing ."
2544,"i mean they are our friends , best buds , you get my drift ."
2545,i understand that you 're scared and worried but so am i.
2546,"i 'm scared that if i 'm the only one who knows about this , i wo n't be enough to help you ."
2547,"jazell , i understand now ."
2548,"i 'm sorry i was such a jerk , i should have listened to you ."
2549,i turned back around to see seth 's eyes watching me .
2550,he was clutching his head and groaning .
2551,i gave him a hand and he grabbed it .
2552,i helped him sit up and handed him his sword .
2553,he laid it across his lap and looked at the ground .
2554,"i 'm glad that you 're okay and that you 've finally through your stubbornness , i said and gave him a small smile ."
2555,i just do n't know what to tell them .
2556,"well , tell them everything , i said ."
2557,start in the beginning and do n't hold anything back .
2558,"if you do , i 'll tell them the rest ."
2559,seth !
2560,jason said and ran over .
2561,"you 're awake , man !"
2562,"yes and i feel like crap , he said ."
2563,i think that if i try to stand up i 'll either pass out or throw up .
2564,will you be okay flying ?
2565,emily asked .
2566,what ?
2567,i asked .
2568,flying ?
2569,"what do you mean 'flying ' , emily ?"
2570,our new dragon friend offered to fly us out of the woods region and towards more of the mountains .
2571,"i said yes , of course , because i do n't want to walk the whole way there , she explained and walked towards the dragon ."
2572,i guess ...
2573,seth said and stood up .
2574,he paled and started to sway .
2575,jason grabbed his shoulder to steady him .
2576,"thanks jason , he panted ."
2577,"take it easy , seth ."
2578,"we can wait a minute if you need to rest , but seth shook his head ."
2579,no let 's move now .
2580,"emily , tell us what to do ."
2581,"alright , boss , she said sarcastically ."
2582,everyone come over .
2583,we walked over to her and the dragon with seth leaning on jason .
2584,"the dragon was lying on the ground , watching us closely ."
2585,"its long , leathery wings were tucked neatly on each of its sides ."
2586,it snorted as emily climbed onto its back .
2587,"i stared at her , starting to think she was a little crazy ."
2588,come on !
2589,she said and patted the dragon 's back .
2590,do you think that you 're too heavy ?
2591,"well , you are n't , so get on his back ."
2592,i walked over and climbed onto the dragon 's back .
2593,"jason half hauled seth on the dragon 's back , and seth almost fell on me ."
2594,he grunted a sorry and pushed himself up in sitting position .
2595,jason hopped on last and gave emily two thumbs up .
2596,"alright , she called ."
2597,lets move !
2598,the dragon stretched up and i bounced around for a second .
2599,it opened its huge wings and launched itself into the air .
2600,"if youre thinking of trying dragon riding as a hobby , i wouldnt ."
2601,i fell backwards and landed on seth who snapped at me to get off .
2602,"i couldnt move because we were still going up and if you paid attention in science class , this is usually when you cant move ."
2603,its called gravity .
2604,the dragon righted itself and i scrambled back into sitting position .
2605,we were gliding high up in the eerie sky and the view was actually beautiful .
2606,the trees looked like an endless sea of lush green and the sun peeked out from behind the clouds .
2607,i felt the urge to hold my arms out like they do in those movies so i could feel the wind on my arms .
2608,it was already making my hair flap all over the place .
2609,i heard seth huff out and i turned .
2610,"he gave me a face and said , your hair keeps getting in my face ."
2611,i turned back around .
2612,deal .
2613,we turned in the air and i could see the mountains in the distance .
2614,they were small but were growing fast as we neared them .
2615,i could feel the dragons muscles pump underneath my legs .
2616,small gusts of air rolled off the dragons wings that blew emilys hair in her face .
2617,i smiled as she raked the pink strands out of her mouth .
2618,we dipped down and i felt the stomach-in-your-chest feeling you usually get from rollercoasters .
2619,i closed my eyes and tried to ignore it but i couldnt .
2620,"i hated this feeling just as much as i hated puking , and the chills that liked to run up my spine at random times ."
2621,"then all of a sudden , the dragon stopped ."
2622,my eyes opened in horror as i saw the small trickle of blood fall from a hole in the right wing .
2623,then we started to fall .
2624,chapter 9 i screamed so loud that my ears felt like they were going to pop .
2625,"we plummeted to the ground , falling closer and closer oh man , i thought and closed my eyes ."
2626,"dont look , dont look , dont look really !"
2627,seth yelled at the sky .
2628,this brings new meaning to things cant get any worse !
2629,i gripped furiously to the limp dragon .
2630,i was falling to my death : so this is how it was going to end .
2631,"i never pictured it this way ; i thought i would die a little more heroically , not screaming like a little girl ."
2632,"not now seth , emily screamed at him ."
2633,everyone think !
2634,"how can i think , i screeched back , when the ground is rushed towards me at full speed ?"
2635,"i dont know jazell , just think if you want to live , she said quickly ."
2636,i let out another scream as my body tipped towards the edge of the dragon .
2637,i felt someone wrap their arm around me and i gave a grunt as i was pulled upright .
2638,"seth held me , his arm stiff and somewhat uncomfortable ."
2639,"i was frozen in fear , realizing that i hated falling ."
2640,this was worse than my fear of rollercoasters .
2641,"calm down , seth said to me ."
2642,"youre not going to fall- what do you mean , seth ?"
2643,i said in a panicked voice .
2644,were freaking falling right now !
2645,emily looked at us and she tried to hide the fear in her face .
2646,the dragon is going to pull its wings around us to protect us from falling but its going to make us fall faster .
2647,make sure you hold on to something or get in the center .
2648,seth pressed himself against me and we leaned closer to the dragons back .
2649,jason tucked his arms under him and emily pressed next to him .
2650,"then , as if on cue , the dragon tucked its great wings over us , blocking out the sky and we began to really fall ."
2651,"i screamed louder and sunk deeper into seth , trying to forget that we were falling at about 90 miles per hour without a parachute ."
2652,every second felt like an hour .
2653,i squeezed my eyes in an effort to make it all go away .
2654,"make it stop , make it stop seth gave me a comforting squeeze but it didnt help ."
2655,"i tried to think of something else , like penguins or llamas ."
2656,"anything , i didnt care what i thought about , it could be underwear , as long as i wasnt thinking about what was actually happening to me right now ."
2657,"llamas , i thought urgently ."
2658,llamas are furry and they spit at you when theyre mad .
2659,"theyre the joke of most middle school kids , theyre talli think ."
2660,you can see them at parks or zoos .
2661,they tend to try to steal your dads hat at the zoo .
2662,"they can be black , brown , and white ."
2663,i dont think there are pink or purple or green llamas out there unless you dye them .
2664,"i saw a llama once when i was , six at the zoo , and it stole dads hat ."
2665,they had to send a park ranger to get it back because dad really liked that hat a bone-shaking bang scattered my thoughts .
2666,pain shot through my side .
2667,we rolled over and i fell on top of seth and then we both landed on jason .
2668,emily landed on us and we all tumbled onto hard ground .
2669,i didnt move .
2670,instead i stared at the sky trying to understand how i wasnt dead .
2671,i just was hurting all over and my back felt like i was run over by a car .
2672,i sat up and my back cried out in protest .
2673,i pushed myself into sitting position and crawled over to seth .
2674,he had his arms behind his head and was staring at the sky .
2675,he smiled at me when he saw me .
2676,you okay ?
2677,"you freaked out before , he asked , his voice full of concern ."
2678,"i nodded and answered shakily , you know that i hate falling ."
2679,you must have been scared too .
2680,he hesitated .
2681,"yes , i was , but i think i was more concerned that you would wake the dead with your screams and they would attack us too ."
2682,i smacked him lightly on the arm and laid down next to him .
2683,i stared at the sky .
2684,so where are we ?
2685,"well , our winged friend managed to get us out of the woods and near the mountains ."
2686,you can see them over there .
2687,he pointed off in the distance and i spotted the mountains towering above everything else .
2688,"thats good , at least all of this wasnt for nothing ."
2689,he sighed and closed his eyes .
2690,"yes , i did n't lose my hearing for nothing , because i had to listen to you scream ."
2691,are you ever going to drop that ?
2692,i asked .
2693,seth smirked .
2694,"nope , it 's going to haunt you for the rest of your life ."
2695,he made ghost sounds .
2696,"wait , i said suddenly , were n't you going to tell emily and jason about you-know-what ?"
2697,what ?
2698,seth asked lazily and plucked at the grass .
2699,i sat up and glared at him .
2700,"what do you mean , 'what ' ?"
2701,you said you were going to tell them !
2702,i 'm going to tell them if you are n't .
2703,"i stood up , but seth was faster ."
2704,he grabbed my arm .
2705,i stood there and stared at him .
2706,"please jazell , let me tell them myself , he begged ."
2707,"i waited for him to let go , but his grip stayed firm and strong ."
2708,i stared at him .
2709,"fine but i 'm tired of waiting , seth ."
2710,"i know , i promise i 'll tell them , he stood up , his grip still tight ."
2711,i just do n't think now is the right time .
2712,"after something like falling out of the sky , i do n't want to bring more bad news ."
2713,i sighed .
2714,"alright , i 'll leave this to you ."
2715,but i swear ...
2716,"i will , i promise you !"
2717,he interrupted me .
2718,"i believe you , seth , i whispered ."
2719,now are you good and clear ?
2720,"seth stared at me , looked down at my arm and let go ."
2721,he brushed his dirty hair away from his eyes and looked around .
2722,i blinked and shook my head .
2723,jazell !
2724,seth !
2725,i turned around and waved .
2726,emily was running over with jason on her heels .
2727,she slowed down and hugged me tight .
2728,jason slapped seth on the back and bent over to catch his breath .
2729,"hey , where were you guys ?"
2730,i asked .
2731,"we were looking around to see if it was safe , emily said ."
2732,we thought you two were doing the same .
2733,she put her hands on her hips .
2734,i guess not .
2735,are you going to get mad at me ?
2736,i pouted .
2737,she play punched me in the arm .
2738,"no , i 'll let it slide ."
2739,she winked at me .
2740,"i looked over at seth , trying to catch his eye but he avoided my gaze ."
2741,jason started talking to seth and the two whispered so we could n't hear .
2742,emily rolled her eyes .
2743,so did you find anything ?
2744,i asked and traced the dirt with my foot .
2745,emily shook her head .
2746,"nothing , we 're alone ."
2747,maybe we can try to get somewhere without bad guys jumping out at us .
2748,"we should move , before something does find us ."
2749,"whatever knocked us out of the sky is n't going to be friendly if they find us again , i pointed out ."
2750,"let 's move boys , we have a lot more walking to do ."
2751,jason groaned .
2752,why ca n't they have cars in igneeria ?
2753,"or maybe a motorcycle , i 'm even fine with a golf cart ."
2754,"because , i said and walked past him , not looking back , igneerians are n't lazy jason 's ."
2755,i heard him huff and emily ran up beside me .
2756,"good thinking , she said ."
2757,the girls should take control .
2758,i shrugged .
2759,i guess if that 's what you want to do .
2760,"thankfully , there were no trees anywhere except one ."
2761,"the ground was mostly dirt and rock , easier to walk on ."
2762,the mountains loomed ahead of us and something tingled down my spine .
2763,"something was going to happen in those mountains , i just knew ."
2764,the sky was clearer here and also more windy .
2765,the wind tugged at my hair and clothes as i walked .
2766,i had to keep squinting to see through my hair .
2767,i felt a tap on my shoulder and i looked over .
2768,emily held her hand out .
2769,"here jazell , use this to keep your hair out of your face , she opened her hand and dropped something in my palm ."
2770,i held it up .
2771,"it was a thin , vine that was about a foot long ."
2772,it felt like a ribbon to me and i shrugged .
2773,i do n't usually wear ribbons and bows ; that was emily 's style .
2774,i pulled my hair back and tied the vine .
2775,it kept my hair out of my face and acted like a rubber band .
2776,"thanks emily , i said ."
2777,she finished tying her hair back .
2778,no problem .
2779,we should look for somewhere to stay for the night .
2780,"i looked around , but everywhere was bare ground , hill after hill ."
2781,i do n't see any caves .
2782,"we 'll just have to sleep in the open , she stated and pointed to a huge tree ."
2783,we 'll sleep under that tree .
2784,"okay , i said , a little disappointed ."
2785,"seth , jason , we 're going to sleep over here ."
2786,jason sighed in relief and we all gathered around the bottom of the tree .
2787,"i stretched and leaned against the trunk of the tree , happy for the silence ."
2788,"but , of course , that never lasts around here ."
2789,"hey , did n't we stop the water war ?"
2790,emily asked .
2791,we never got to finish it and see who would win .
2792,jason laughed .
2793,"yes , we did , that 's right !"
2794,it does n't matter though ; seth and i would have won anyway .
2795,"no , she said , staring him down ."
2796,we would win because we 're awesome .
2797,no we would win because we 're awesome !
2798,jason argued .
2799,"oh boy , what did the two start ?"
2800,i asked seth .
2801,this is going to go on and on and on and on ...
2802,"i get it , he interrupted me ."
2803,this is never going to end .
2804,we 'll be up all night .
2805,"unless you interrupt them and tell them about your secret , i said ."
2806,seth looked down .
2807,you want them to kill me ?
2808,maybe i 'll tell them in the morning when they are n't so crabby .
2809,"you better , i snapped and stared at emily and jason ."
2810,they were still bickering .
2811,i felt something on my hand and i looked down .
2812,seth had wound his fingers in mine .
2813,"his touch was gentle and cool , kind of reassuring ."
2814,my mind blanked .
2815,i was holding hands with seth .
2816,i never thought that would happen .
2817,seth smiled sheepishly .
2818,"jazell , you should just relax ."
2819,let them bicker all they want ; we do n't have to be a part of it .
2820,get some sleep .
2821,"my mind was still slow , trying to process why he was holding my hand ."
2822,i blinked and nodded .
2823,"alright but if it starts getting crazy , wake me up ."
2824,wake you up ?
2825,he asked and laughed .
2826,i 'm sleeping too .
2827,"if it gets crazy , they 'll wake us up ."
2828,"okay , i said and yawned ."
2829,i leaned my head against the tree and closed my eyes .
2830,"the world seemed to fade around me , along with the bickering and seth 's hand , as i fell asleep ."
2831,i opened my eyes to see that i was in a cave .
2832,i peered at the entrance of the cave to see that outside it was dark .
2833,i walked toward the entrance when something stopped me .
2834,"do n't go into the shadows , jazell , a familiar voice said ."
2835,it was the voice from my last dream .
2836,"i whirled around in a circle , looking for the source of the voice ."
2837,there was nothing here .
2838,who are you ?
2839,"i asked , trying to calm down ."
2840,can i trust you ?
2841,"trust me like your shadow , the voice said again ."
2842,"but you said to beware of shadows , i said ."
2843,so does that mean i ca n't trust you ?
2844,"you know your shadow , there is a difference , the voice said again ."
2845,i shook my head .
2846,"this is confusing , why do n't you understand that ?"
2847,there was a pause .
2848,i do understand ; i hated it too .
2849,all the annoying riddles but that 's the way it 's supposed to be .
2850,"then the voice said stronger , look behind you ."
2851,i turned back around to see the inside of the cave .
2852,"a girl was walking towards me , the same one i saw last time ."
2853,"she didnt like it because i was staring at her , but i could n't help it ."
2854,she stopped in front of me .
2855,"you 're not supposed to see me yet , she said and sighed ."
2856,"oh well , i never was one to follow the rules ."
2857,who are you ?
2858,she shook her head .
2859,i ca n't tell you yet .
2860,that 's one rule i 'm not going to break .
2861,i opened my mouth but she shook her head .
2862,"do n't ask what my name is or why i 'm talking to you , because i ca n't answer either of those questions ."
2863,what can you tell me then ?
2864,"i can tell you that i 'm not an enemy , she said ."
2865,i can also tell you to be careful about kojas ; he 's tricky and will use your emotions against you .
2866,he 'll find a way to get you to come to him instead of him coming to you .
2867,"she huffed , coward ."
2868,how do you know ?
2869,she smiled sadly .
2870,let 's just say i know what i 'm talking about .
2871,be careful and keep your friends close .
2872,"the four of you were chosen because of your unbreakable bond , but even that can be broken ."
2873,"you are strongest when you are together , so dont let yourselves be separated ."
2874,"would n't it be called 'an breakable bond ' , then ?"
2875,i asked her .
2876,she laughed but then grew serious .
2877,be very careful .
2878,"we all know that we picked the right four , but it would be a shame if something happened to all of you before you could complete your goal ."
2879,that got my attention .
2880,you know how we became half-lings ?
2881,you know who attacked us that day ?
2882,"i 've said too much already , she said and backed up ."
2883,i must go .
2884,wait !
2885,i called .
2886,wait ; tell me what 's going on !
2887,tell me what we 're supposed to do !
2888,but she was already gone .
2889,*** i opened my eyes and the cold of the morning bit at my cheeks .
2890,"seth was fast asleep next to me , his blue hair covering half his face ."
2891,emily was curled up a few feet away from me .
2892,"jason turned in his sleep , mumbling something unintelligent ."
2893,"i needed to talk to someone , but everyone was sleeping ."
2894,i pushed seth over and his eyes flew open .
2895,his hand went to his sword but he saw me and he relaxed .
2896,"what was the point of pushing me over , jazell ?"
2897,"well , it seemed better than punching you in the side ."
2898,were you dreaming ?
2899,i asked .
2900,he shook his head .
2901,just a bunch of nonsense i do n't even remember .
2902,"why , did you get another vision ?"
2903,"yes , i said ."
2904,it was with the same voice that was in my last dream .
2905,"only this time , i talked to the ghost girl ."
2906,you did ?
2907,what did she say ?
2908,"she hinted that she knew who made us this way and who attacked us that day , i said ."
2909,she also said that kojas would use our emotions against us and try to get us to come to him .
2910,something dark crossed seth 's face .
2911,"she also said that we were chosen because of our strong bond , but she said , not to test it , i continued ."
2912,she also told me not to go into the shadows .
2913,seth stretched .
2914,so the usual confusion ?
2915,"i got more this time , seth ."
2916,"anyway , do you have any information to offer here ?"
2917,i asked with an edge to my voice .
2918,seth put his arms in surrender .
2919,"hey , do n't start yelling at me ."
2920,"we were getting a long pretty well last night , let 's keep it that way ."
2921,i felt my face flush when i remembered last night .
2922,"yes , you 're right ."
2923,"i was eager to change the subject so i said , are you going to tell them when they wake up ?"
2924,"yes i will , jazell ."
2925,i promised .
2926,i sighed in relief .
2927,good ...
2928,i heard a loud yawn and emily stretched her arms in the air .
2929,she stood up and walked the couple of feet over to me and stopped .
2930,i pushed myself up and leaned against the tree .
2931,emily gave me a light smile .
2932,good morning !
2933,she said and twirled around .
2934,hello bare ground that has no forest !
2935,"you seem to be in a good mood today , i mused and watched her twirl ."
2936,she stopped and her face crinkled up in thought .
2937,i think it 's because i did n't wake up to be in a never-ending forest .
2938,"plus , last night jason got so sick of arguing with me he just gave up ."
2939,i think i won .
2940,"great , i said half-heartedly ."
2941,"that 's only because i was too tired to keep arguing with you , jason said and he sat down next to seth ."
2942,"if it was morning , it would have been different ."
2943,emily sighed and shook her finger .
2944,excuses .
2945,"listen guys , seth said , i have something to tell you ."
2946,he looked at me and i nodded .
2947,emily twirled her hair .
2948,hm ?
2949,what is it seth ?
2950,"i 've been hiding this from you for a long time , seth began ."
2951,"only jazell knew what it was because she found out that i was hiding something , and demanded to know what it was ."
2952,"so i told her , and ever since i did she 's been bugging me to tell you too ."
2953,"but i did n't want to , i was afraid that i would get you worried about nothing ."
2954,so far it has n't turned out to be nothing .
2955,the incident with the faery guard showed that clearly .
2956,i walked over to him and sat at his other side .
2957,i gave him a smile .
2958,he smiled back and continued .
2959,the faery could have easily stabbed me through the heart but he did n't because he wanted me alive ; to give to kojas .
2960,emily gasped and covered her face .
2961,"why , what would he want with you ?"
2962,seth closed his eyes .
2963,"he 's saying that i 'm going to be his key to success , in taking over igneeria and earth ."
2964,"he wants to use me , i do n't know how yet ."
2965,they 're going to do whatever they can to bring me to him ; i 'm going to have to be extra careful .
2966,"i do n't know- seth , jason interrupted him ."
2967,seth looked up at his best friend .
2968,"seth , jason repeated , you are n't alone ."
2969,kojas is n't going to get a chance to use you because he 's going to have to get through me first .
2970,"and me , emily added ."
2971,do n't count me out .
2972,i stood up and faced seth with emily and jason .
2973,and he 's going to have to get through me too .
2974,seth smiled and stood up .
2975,he sighed in relief .
2976,"well , that 's a load off ."
2977,"i do n't know whether i should be mad at you for not telling us or be happy that we 're all on the same page , emily said thoughtfully ."
2978,but you better not keep anything else from us or kojas wo n't be your problem .
2979,she winked at him and set off with jason on her heels .
2980,i think they were going to start arguing about the water war .
2981,great job seth !
2982,i said and hugged him .
2983,his eyes seemed to widen in surprise but he did n't tell me to get off .
2984,"i pulled away , blushed , and started to follow emily 's tracks ."
2985,seth followed behind me and there seemed to be a new spring to his step .
2986,i could n't even keep the smile off my face .
2987,everything seemed a lot better to me .
2988,"at the top of the hill , emily and jason were waiting for us ."
2989,a shadow formed behind them and i screamed for them to turn around .
2990,what the heck ?
2991,seth shouted and pointed .
2992,oh snap .
2993,chapter 10 emily and jason dashed back to our sides as the shadow became a body .
2994,it was bigger than the dragon we had rode .
2995,it had the body of a huge cockroach but its tail was a giant stinger .
2996,"large , bat wings were holding it up in the air ."
2997,what is it ?
2998,i asked .
2999,"i turned to emily and said , emily , you know anything about this creature ?"
3000,she looked pale .
3001,"it 's saying , 'kill half-lings , kill and eat ."
3002,'
3003,"well , you better tell it that it 's going to have to starve this time because it 's not going to be eating anything , seth said confidently and held his sword out ."
3004,she shook her head .
3005,there is no way that i 'm going to say that .
3006,"jazell , can you see its weakness ?"
3007,seth called to me .
3008,"i squinted at the creature , and saw a dark circle under its belly ."
3009,"it 's under its belly , but you have to get by the stinger first ."
3010,that might cause us a problem .
3011,"no problem , seth replied and swung his sword in an ark ."
3012,well just cut off the stinger .
3013,seth its not that simple i said but he ignored me .
3014,"ug , the nerve of that boy ."
3015,"jason , try to hit its face , he instructed ."
3016,"emily , knock it off balance ."
3017,can i skip while i do it ?
3018,emily asked .
3019,he gritted his teeth .
3020,fine .
3021,he turned to me .
3022,"jazell , youll aim for the belly while we hold it off ."
3023,"if you cant get an arrow in before i can cut off the stinger , then ill have to do it myself ."
3024,"fine boss dude , i said with a snort ."
3025,"seth ducked and charged the creature , his sword held out behind him ."
3026,jason flicked some knives into his wrist and flung them at the creature .
3027,"some hit their mark , which was signaled by the creature roaring out in pain , others fell into the dirt ."
3028,"emily danced close to it , spinning fire from her fingertips ."
3029,the creature raised a leg and swatted at her but she just twirled away .
3030,"the stinger narrowly missed seth , and i saw him stumble back in surprise ."
3031,he swung his sword at the stinger .
3032,it sliced through and the creature screeched so loud i was afraid everyone would hear it .
3033,the stinger fell on the ground and dark blood oozed from the cut .
3034,now jazell !
3035,seth yelled to me .
3036,i notched an arrow and took aim at the thrashing belly .
3037,i pulled the string back and released it .
3038,the arrow whizzed through the air and sunk into the creatures belly .
3039,it shook and fell to the ground .
3040,seth ran from underneath it right before it crushed him .
3041,he turned around and studied it .
3042,"then there was a horrible sound , like ripping metal ."
3043,the belly of the creature seemed to open up and winds picked up .
3044,seth threw down his sword as the wind sucked at him .
3045,he tried to keep himself from being pulled in .
3046,i ran up to him with emily and jason right behind me .
3047,"the winds were so powerful i started to slide toward the body , before i was even close enough ."
3048,seths knuckles were white in the effort to hold himself down .
3049,"get back , he ordered ."
3050,get back or well all- he didnt get to finish his sentence because his sword came loose and we all were sucked into the black void of the creature .
3051,*** i hit the ground so hard my breath was knocked out .
3052,"i laid there , sucking in painful breaths and staring at the sky ."
3053,"there was something different about it , even though it was gloomy ."
3054,"there was more than gloom and sadness in the air this time , it was something cold , like death ."
3055,i shivered because the ground was so cold and hard that it chilled me to the bone .
3056,seths head blocked out my vision .
3057,"hey , you alright ?"
3058,i sat up and seth helped me up .
3059,"i rubbed my sore back and looked around , taking in the dead looking trees and shadows ."
3060,where are we ?
3061,"i dont know , jazell ."
3062,"the creature must have been a setup to bring us here , he replied ."
3063,i think i know who did it .
3064,"it doesnt take a rocket scientist to figure that out , seth , i pointed out ."
3065,i looked around .
3066,where are the others ?
3067,seth went pale .
3068,"i dont know jazell , they arent here ."
3069,theyre just gone .
3070,my stomach twisted into a knot .
3071,we had always been a group of four and now it was just the two of us .
3072,the ghost girls words came back to me .
3073,"the four of you were chosen because of your unbreakable bond , but even that can be broken ."
3074,"you are strongest when you are together , but dont let yourselves be separated ."
3075,kojas had separated us because he already knew that .
3076,the girl had warned us for a reason .
3077,she had known that kojas was going to try to split us up into groups so that we would be weak .
3078,"i watched seth pace back and forth , nervously running his fingers through his hair and drumming the hilt of his sword ."
3079,i can also tell you to be careful about kojas ; he 's tricky and will use your emotions against you .
3080,he 'll find a way to get you to come to him instead of him coming to you .
3081,the girl had told us more than we had thought .
3082,maybe kojas thought we would both imagine that he did something to the other two so that we would come running to him .
3083,i had a feeling that emily and jason were okay and just as confused as us .
3084,"that also meant that kojas knew as much , and maybe more than us ."
3085,"*** emily pushed herself into sitting position , ignoring the sharp pains in her elbows and knees ."
3086,"jason was leaning against a tree nearby , tossing a knife from hand to hand ."
3087,"she saw a deep , red scratch on his left cheek and the way he winced every time he moved his right arm , she could tell she must have injured it ."
3088,do you know where the others are ?
3089,she asked him .
3090,he shook his head .
3091,"no , theyre just gone ."
3092,were separated ?
3093,she said nervously .
3094,"yes , he replied ."
3095,what do we do ?
3096,why are you asking me ?
3097,she demanded .
3098,youre the one who comes up with plans .
3099,"emily paced back and forth , trying to think ."
3100,where were seth and jazell ?
3101,were they okay ?
3102,"more importantly , where were they ?"
3103,"i dont know , she said finally ."
3104,i just dont know .
3105,"oh no , jason said nervously ."
3106,"when emily doesnt know , the world ends ."
3107,"do you wish now that you were at home , curled up with a book ?"
3108,yes .
3109,"*** seth , i said , calm down and think ."
3110,"we cant stay here forever , and pace.seth didnt stop and he started mumbling under his breath ."
3111,i walked up and pushed him around .
3112,"seth , you have to think ."
3113,"kojas did this on purpose , hes trying to weaken us by splitting us up ."
3114,he wants us to go running to him .
3115,"i know what hes trying to do , its driving me crazy ."
3116,the nerve of this guy .
3117,"faery , i corrected him ."
3118,"hes not a guy , hes some demon faery ."
3119,calling him guy makes it sound like hes just a normal human .
3120,does it matter right now ?
3121,"he asked , through clenched teeth ."
3122,i looked away .
3123,i guess not .
3124,"we should move , he said ."
3125,i want to find out where we are and where the others are .
3126,"were going to find them and i swear by the bible , if kojas hurt them , im going to kill him myself ."
3127,seth !
3128,he shrugged .
3129,"its too late now jazell , i just swore by the bible ."
3130,"kojas means business and if he wants this to be a war , ill give him a war ."
3131,then he stormed into the trees and disappeared .
3132,"wait , seth !"
3133,i yelled and ran into the trees .
3134,i scanned the trees .
3135,seth !
3136,"seth where the- a hand clamped down on my mouth and i spun around , knife in hand ."
3137,seth dropped his hand and pushed past me .
3138,"stop yelling my name , jazell , or youll tell the whole world that im here ."
3139,my arm dropped and i slid the knife back in its sheath .
3140,i followed seth through the trees .
3141,this time there were less of them and the only ones that around us looked half dead .
3142,the bark was peeling off and i could see the tree branches leaning towards the ground .
3143,"the air was cold and heavy , like a mound of snow on your shoulders ."
3144,the trees parted to show a cliff .
3145,we walked up to the edge and the wind whipped at my face .
3146,a feeling of dj vu came upon me .
3147,i knew where we were because i had been here before .
3148,"seth , i was here in my dream , the one with kojas and the dwarf , i said ."
3149,"his eyes widened and he looked down at the ground below , obviously trying to imagine what it had looked like ."
3150,i had seen it and i was seriously scarred for my life .
3151,you sure ?
3152,he asked .
3153,"you know that this means that kojas was here , so he cant be too far away ."
3154,dont get your hopes up .
3155,i saw him once and i have no intention of being near him anytime soon .
3156,"he sat on the edge , the wind tossing around his hair ."
3157,it was going to be seriously wind-blown later .
3158,i sat down next to him and i was trying to forget the dwarfs mangled body .
3159,i shook and hugged myself .
3160,are you cold ?
3161,"he asked , his voice full of concern ."
3162,i just shrugged and squeezed my eyes shut .
3163,"i saw kojas glowing eyes and sword , the dwarf , his armies , the ghost girl , the dark woods and her haunting voice ."
3164,"it all crashed down on me , the weight of the whole situation ."
3165,"we were being hunted , i could die ."
3166,"oh boy , this is what happen when i think things out ."
3167,"you are cold , he stated ."
3168,dont deny it ; youre shaking like a leaf .
3169,"wait i dont like that analogy , youre shaking like a mole rat ."
3170,do mole rats shake ?
3171,i asked .
3172,he rolled his eyes and wrapped an arm around my shoulder .
3173,we sat there in silence and i leaned on his shoulder .
3174,we both stopped shivering as we stared at the sky .
3175,"seth , im scared , i whispered ."
3176,what happens if something goes wrong ?
3177,"nothing will go wrong , he said fiercely ."
3178,i wont let it happen .
3179,i closed my eyes .
3180,i keep seeing what happened that night .
3181,"itll go away , he said ."
3182,there was a long silence .
3183,this is too awkward and i dont like the silence .
3184,its not normal for us .
3185,i laughed .
3186,someone make a joke quick !
3187,"okay , he said ."
3188,this feels like those weird movies where the boy puts his arm around the girl and then something comes out of nowhere and eats them both .
3189,i laughed so hard i gagged .
3190,ive never seen that kind of movie .
3191,i did and it was lame .
3192,i smiled and twirled a leaf in one of my hands .
3193,maybe everything was going to be okay after all .
3194,"*** hurry up jason , youre so slow !"
3195,emily yelled at him .
3196,jason walked the rest of the way up the hill and bent over to catch his breath .
3197,we 've been walking all day and you 're not tired ?
3198,"nope , i 've got dancer muscles ."
3199,jason sat on the ground .
3200,"well , i have artist muscles and those are in my hands ."
3201,emily rolled her eyes .
3202,then walk on your hands .
3203,no way !
3204,he said .
3205,"fine , then do n't complain ."
3206,she climbed into a small tree that was near the cliff she had spotted .
3207,she leaned back and let out a sigh of relief .
3208,her legs were killing her but she was n't going to tell jason that .
3209,he got up and sat at the base of the tree .
3210,you had to take the good tree ?
3211,she motioned around .
3212,there are plenty of trees to pick from jason .
3213,so pick one .
3214,he mumbled something and closed his eyes .
3215,emily shook her head .
3216,he was too stubborn sometimes .
3217,emily stared at the sky and then she knew what he had said .
3218,she looked down to say something but jason was fast asleep .
3219,he had said he was n't going to leave her alone .
3220,"*** jazell , maybe we should try to go down there , seth said and nodded to the ground below ."
3221,i shrugged .
3222,why ?
3223,it might lead up somewhere .
3224,"plus , if jason and emily see it too , they might go down ."
3225,it 'll be easier to find each other .
3226,"okay , i said and stood up ."
3227,"i brushed the dirt off my pants and followed seth , who was walking off to the side ."
3228,he went down to the left of the ledge and followed a steep path .
3229,i walked behind him and had to dig my heels in to avoid from slipping down .
3230,the path ended and seth had to jump down to reach the bottom .
3231,he landed gracefully but almost tripped .
3232,i walked up to the edge of the path and jumped off .
3233,i flung my arms out to steady myself .
3234,seth grinned at my clumsiness and waited for me to walk up to him .
3235,"i wacked his head with the back of my hand , making his hair stick up ."
3236,he smoothed it down and we walked across the flat ground .
3237,the ground had spots of grass sticking out of sand and rock .
3238,"luckily , there was no wind down here to toss up the sand and dirt ."
3239,i think i passed the spot where the kojas had stood in my dream .
3240,i threw the thoughts out of my head and tried to think of something else .
3241,"like , where this flat plain of flatness ended ."
3242,"where are we going , anyway ?"
3243,i asked and stared at the sky .
3244,it was going to get dark soon .
3245,he looked up at me through his hair .
3246,"i could see the curved end of his lip , which met he was smiling ."
3247,"do we ever know , jazell ?"
3248,good point .
3249,*** emily could n't sleep .
3250,she kept closing her eyes but it did n't seem like a time to sleep .
3251,"she wanted to do something , just to occupy her busy mind ."
3252,she watched a strange creature fly over to her tree and hook itself on a branch near her .
3253,"it looked like a butterfly with only one set of wings , which were transparent and seemed to glow ."
3254,it had a tail and curled around the branch so it could rest its middle .
3255,emily watched it and its beauty ; she did n't think that something this pretty could be found in a place so dark and full of death .
3256,"hello , it said ."
3257,emily propped herself up on her elbow .
3258,"hi , what are you ?"
3259,an augothas .
3260,it replied and fluttered its wings .
3261,are you a half-ling ?
3262,"yes , how did you know ?"
3263,is it that obvious ?
3264,the augothas seemed to cock its head .
3265,well you ca n't be a faery because you do n't have the ears and you ca n't be a pixie because they 're always giggling around .
3266,how can you understand me ?
3267,emily shrugged .
3268,"i do n't know , it 's this new power i have ."
3269,my friend has one too .
3270,that sounds like the other one .
3271,what do you mean ?
3272,she asked .
3273,the augothas uncurled its tail and took off in the air .
3274,"i must go , friend ."
3275,good luck .
3276,it took off into the sky and emily could n't see it anymore .
3277,she sighed and leaned back .
3278,this was getting too complicated .
3279,who had the augothas meant ?
3280,"*** the sky had turned gray and the sun , which was still hiding behind the clouds , seemed to drop ."
3281,i was still walking and walking and walking and walking and walking ...
3282,you get my point .
3283,i was so sick of walking i could n't explain it in words .
3284,"maybe in a song , here i go : lalalala !"
3285,so sick of walking !
3286,lalalala !
3287,my legs are gon na come off !
3288,lalalala !
3289,i want a golf cart !
3290,that 's how much i was sick of walking ; i was making a freaking song up in my head .
3291,"i never do stuff like that , never ."
3292,but i guess my mind was tired of seeing the same thing over and over again .
3293,i wish it would get interesting .
3294,"oh , it was going to get really interesting ."
3295,the ground rumbled and we both stopped dead .
3296,i looked at the earth and cracks appeared .
3297,then dirt started to cave in .
3298,i screeched as the ground gave way under me .
3299,can my life get any worse ?
3300,"*** emily , jason said , i heard something ."
3301,emily 's head jerked up and then she remembered that jason was below her and she looked down .
3302,jason was staring at the plains below the edge .
3303,emily climbed down the tree and ran over to him .
3304,she could see a puff of dirt that was tossed up in the distance .
3305,emily squinted her eyes .
3306,what is it ?
3307,"i do n't know , he said ."
3308,should we head out there ?
3309,"i think we should , she replied ."
3310,we have nowhere else to go .
3311,chapter 11 jazell !
3312,"seth yelled , but his voice was muffled by the dirt flying everywhere ."
3313,"i grabbed at something , anything , but there was no hold ."
3314,"seth , where are you ?"
3315,"i thought that he said something but , i could n't hear him ."
3316,all i could hear was the blood pounding in my ear and my racing heartbeat .
3317,"dirt fell into my mouth and i coughed , trying to get rid of it ."
3318,"my vision was closing , getting dark ."
3319,i 'm tired ...
3320,i closed my eyes as i fell into darkness .
3321,"*** seth opened his eyes and curled up , retching ."
3322,"he took in deep , shaky breaths and laid back , staring up ."
3323,he narrowed his eyes and saw a small spot of light .
3324,what the heck ?
3325,"he was underground , in a cave ."
3326,"he groaned and sat up , his back throbbing ."
3327,his head was pounding so hard he had to close his eyes to keep from passing out .
3328,he felt worse than he did when the stupid faery smashed his sword into his head .
3329,"he looked around the dimly lit cavern and spotted jazell , sprawled out on the floor ."
3330,he crawled over to her .
3331,"*** i couched and gagged , turning over ."
3332,dirt fell to the ground from my dry mouth .
3333,"i looked over to see seth fall back on the ground , breathing heavily ."
3334,"i looked around the room and up at the sky , but i could n't really see it ."
3335,"seth , where are we ?"
3336,"i asked , my voice hoarse ."
3337,he sat up .
3338,i think we 're in some underground cave .
3339,"when the ground collapsed , it must have carried us here ."
3340,"that stinks , i said ."
3341,are we stuck here ?
3342,not unless you know a way to grow wings with nothing but dirt .
3343,i stood up and tried to rake the dirt out of my hair .
3344,we 're stuck here .
3345,seth sighed in frustration and brushed his blue hair .
3346,he fluffed it up but the dirt was still stuck in globs .
3347,i rolled my eyes at his attempts .
3348,i turned around to see an entrance .
3349,i walked over and bent down .
3350,there seemed to be some kind of sign or symbol .
3351,it was two circles with a sword through the center of both .
3352,"seth , look !"
3353,i said and pointed to it .
3354,"he came over and bent down , tracing the sign with his finger ."
3355,"i waited and finally said , well , do you know what it is ?"
3356,seth dropped his finger .
3357,"it means , 'slayer of worlds ' ."
3358,does that ring a bell ?
3359,how do you know that ?
3360,i asked .
3361,he shrugged .
3362,"i do n't know how , i just do ."
3363,maybe that 's my power .
3364,"well , i want to go this way , i said and pointed to the entrance ."
3365,"if something like that is on the entrance , i want to know where this goes ."
3366,i agree but are n't we supposed to be trying to find emily and jason ?
3367,"i have an idea , i said and pulled my bow off my back ."
3368,i removed one of my arrows and put my bow on the ground .
3369,i walked over to seth and pulled his sword out of its sheath .
3370,he grabbed for it but i already had it in my hands .
3371,i put the tip against the arrow and carved the same sign as the one on the wall .
3372,"then i tossed seth 's sword back at him , which he caught without a problem , and picked up my bow ."
3373,i notched the carved arrow and released it .
3374,it whizzed up and out of sight .
3375,"there , now they 'll know how to find us ."
3376,seth whistled .
3377,that 's a good idea .
3378,he gripped his sword and walked through the tunnel .
3379,follow me .
3380,i followed his steps as we .
3381,"when you tell someone to follow you , it usually means that you know where you 're going ."
3382,"not this time , he said over his shoulder ."
3383,the tunnel ended and opened up to the sky .
3384,"for a second i thought we were back on the plain , but we were n't ."
3385,the sky was blood red and a crescent moon was rising up .
3386,from the feeling of the air i knew we were n't underground anymore but i did n't know where we were .
3387,skeleton trees were scattered to the sides .
3388,"there were long hills ahead , the grass a light gray ."
3389,"this place looks like its from a book about hell , seth said ."
3390,where are we now ?
3391,i asked .
3392,he shook his head .
3393,do we ever know where we are ?
3394,i shook my head and he sighed .
3395,"exactly , we never do ."
3396,you really got to stop asking that question .
3397,he started to hike the hill .
3398,were trying to find out .
3399,"i walked up behind him , my leg muscles cramping ."
3400,"when we got to the top , i fell on my knees and breathed heavily ."
3401,"seth looked over his shoulder , his eyes twinkling in amusement ."
3402,"am i too fast for you , jazell ?"
3403,"no way , i huffed ."
3404,i just need to catch my breath .
3405,i stood up and looked around .
3406,the hill was pretty high and i could see better .
3407,"the land was hill after hill , tree after tree ."
3408,it didnt seem to end .
3409,"hey , im king of the hill , seth joked and reached for the sky ."
3410,i walked over and pushed him gently .
3411,he fell backward on his butt and i laughed .
3412,more like goof of the hill .
3413,he stuck his tongue out .
3414,youre just jealous .
3415,of what ?
3416,i asked .
3417,what do you have that would make me jealous .
3418,uh he stumbled .
3419,"i dont know , thats what you usually say in this type of situation ."
3420,i laughed .
3421,then what happens ?
3422,i dont know .
3423,seth whipped out his leg and tripped me .
3424,"i landed with an oof , and got dead grass all over me ."
3425,he chuckled as i gave him a deadly glare .
3426,oh !
3427,he said .
3428,youre jealous because im not covered in grass .
3429,"not yet , i said , my voice dripping with sarcasm ."
3430,i lunged at him and he rolled to the side .
3431,i kicked dirt at his face and he spit it out .
3432,"i kicked at his legs but he moved , and i kicked his arm instead ."
3433,the whole time we were laughing like two crazy six year olds .
3434,who knew that you could have fun in a place like this ?
3435,life is full of happy surprises .
3436,*** emily was seriously freaking out .
3437,jason and her had run the whole length of the plain and found a giant hole in the ground on the way .
3438,"yes , a giant hole ."
3439,it sounded crazy to emily but her eyes didnt lie .
3440,and what made it worse was jason found one of jazells arrows sticking out of the ground .
3441,but there was no jazell .
3442,an arrow without its shooter was never a good sign .
3443,emily twirled the arrow in her fingers while jason paced back and forth .
3444,emily had offered to be the one who paced but jason had waved away her offer and started pacing .
3445,so all emily could do was sit there and twirl the arrow in fear because right now it wasnt looking good for jazell and seth .
3446,"what i dont get , jason said , is how the arrow managed to stay in perfect shape when the ground collapsed ."
3447,the arrow should be broken and not sticking out of the ground a few feet away .
3448,"maybe she shot it after , emily suggested , because that meant that she was alive ."
3449,jason rubbed his eyes .
3450,i guess thats a possibility .
3451,jazell and seth were always too stubborn to die anyway .
3452,he stopped pacing .
3453,but why would she shoot it up here ?
3454,"maybe she wanted to show us that she was alive , emily said ."
3455,"a sign , jason muttered and snapped his fingers ."
3456,thats it !
3457,"jazell likes to leave clues , check the arrow ."
3458,emily turned the arrow and saw a sloppy line drawn through two squiggly circles .
3459,she squinted closer and saw that jazell had tried to make the line some sort of sword but epically failed .
3460,emily showed jason and he nodded .
3461,thats what i thought .
3462,now we have to figure out what it means .
3463,emily walked up to the edge of the hole and looked down .
3464,i have a feeling that we have to go down there .
3465,jason sighed .
3466,i guess were jumping down .
3467,why would we do that ?
3468,"because , he said and sat on the side , we dont have a rope ."
3469,then he jumped .
3470,*** life is good when you dont have to worry about anything and everything is calm and peaceful .
3471,well thats not my life .
3472,my life isnt peaceful by any standards .
3473,it involves lots of smart remarks and bad decisions involving life or death .
3474,it also involves a bad choice of a place where you roll around pretending like your life could be normal for a second .
3475,yeah seth sat up quickly and looked around .
3476,he must have heard it too .
3477,the ground rumbled in the distance and i didnt know if it was an earthquake or a stampede of elephants .
3478,whats going on ?
3479,i asked .
3480,seth crawled back to the edge and i joined him .
3481,we peered over and i spotted a bunch of monsters stomping their way across the hills .
3482,"seriously , do these guys know how to walk ?"
3483,"great , seth hissed under his breath ."
3484,company for us .
3485,whoo i mumbled .
3486,he rolled his eyes and shifted his gaze back to the monsters .
3487,where are they going ?
3488,"uh , we follow them , i said ."
3489,i think .
3490,"yup , we just follow a bunch of monsters that would like to smash us to pulp and serve us for dinner , seth said and started to slide down the side of the hill ."
3491,brilliant idea .
3492,"i followed him down , feeling the grass and dirt scrape the bottom of my leg ."
3493,my pants started to scrunch up causing this slide to be very annoying .
3494,i decided to ignore it because i had my bow in my hands and had more important things to worry about .
3495,we crouched behind a rock and watched the group walk off .
3496,seth started to stand up and signaled me to wait for him .
3497,he jumped over and ran out into the open .
3498,"he leaned forward and narrowed his eyes , probably trying to see the disappearing bunch ."
3499,"he held his hand out , signaling me to wait ."
3500,then he beckoned me and i stood up .
3501,then someone tapped me on the shoulder .
3502,i bit back a scream and whipped out my knife .
3503,"but i dropped it in surprise as i spotted emily standing over me , rocking back and forth on her heels ."
3504,i squealed and hugged her tight .
3505,jason was limping over with a grim expression on his face .
3506,what i dont get a hug too ?
3507,he asked .
3508,i jumped down a deep hole for you .
3509,"uh i said , feeling awkward ."
3510,seth walked over and patted jason on his back .
3511,"tell you what , when we defeat kojas , ill give you a hug ."
3512,"uh , fine dude , jason said and whispered in seths ear ."
3513,seths eyes widened and he smacked jason on the head .
3514,"dude , youre crazy , he said as jason rubbed and smoothed his hair back down ."
3515,"i shook my head and said , anyway , emily how come you two didnt destroy each other ?"
3516,"hey youre right , she replied and her brow furrowed ."
3517,i really dont know .
3518,"jazell , we better move or well lose them , seth reminded me and started to walk up the hill ."
3519,emily raised an eyebrow .
3520,loose who ?
3521,well explain later !
3522,i said and ran after seth .
3523,right now we have to move !
3524,we dashed up the hill in the direction the monsters were going .
3525,"when we reached the top , seth stopped and stared down ."
3526,emily and jason looked confused but joined us .
3527,"we looked down at the ground and i gasped as i saw all the monsters gather around in a semi-circle , waiting ."
3528,what are they waiting for ?
3529,emily asked in a hushed voice .
3530,seth squinted down .
3531,i dont want to know .
3532,do you think it could ?
3533,i asked .
3534,"lets hope not , seth interrupted me ."
3535,"oh course ; being ourselves , we dont have any luck at all ."
3536,"the sky darkened even more , not that i thought that was possible ."
3537,the mist swirled and a cold chill that ran shivers down my spine ascended on us .
3538,and out of the mist stepped a dark figure .
3539,kojas .
3540,again .
3541,this time for real .
3542,not in a dream/vision .
3543,my heart stopped and my blood froze .
3544,kojas red eyes gleamed in the darkness and his cloak snapped at the wind .
3545,he looked up and his red eyes stared at me .
3546,me of all people in this horrible world .
3547,he smiled in triumph .
3548,seth stared stone faced at kojas as he slowly walked towards us .
3549,"with every step , seths hand inched closer to his sword ."
3550,emily cracked her knuckles quietly and held them stiff at her sides .
3551,"her face was determined , but i saw her eyes flicker ."
3552,jason flicked out his knives and held them so tightly that his knuckles were white .
3553,"if he gripped any harder , i was afraid he would snap his fingers off ."
3554,"and , me ?"
3555,i pulled an arrow out faster than you could say oh-my-god-theres-a-hideous-monster-coming-to-whip-our-butts .
3556,and then i launched it .
3557,"the arrow shot at kojas , speeding through the air ."
3558,but what did kojas do ?
3559,he whipped out his sword and slashed the arrow in half right before it hit him .
3560,the pieces fell on the ground .
3561,holy tamale .
3562,i stared at the cracked pieces of my arrow and my flare of determination went out with a poof .
3563,"great , now what do i do ?"
3564,"that was a fail , i scolded myself ."
3565,a fail !
3566,"nice try , seth whispered and i think he really meant it ."
3567,or maybe he was teasing me .
3568,its hard to tell in these situations .
3569,seth brandished his sword .
3570,my turn .
3571,"really , warrior ?"
3572,kojas said and laughed .
3573,his laugh was like a bunch of spiders running down my back .
3574,you think your sword will do any more than the pathetic archer girls arrow ?
3575,"hey , i shouted , im not a pathetic archer girl !"
3576,"oh course , the two ignored me ."
3577,i swear the air sizzled with the tension between kojas and seth .
3578,"seth stood ridged and i was pretty sure that it was taking all of his will power not to jump at kojas , sword flying ."
3579,"i believe it will , seth said through gritted teeth ."
3580,kojas laughed again but i dont think any of us saw what was so funny .
3581,emily leaned towards me .
3582,"i think you were right , when you said that i wouldnt want to meet kojas ."
3583,"uh-huh , i said but didnt really pay attention ."
3584,"i would like to see you try with that sword of yours , kojas said and smiled wickedly at seth ."
3585,i knew he was baiting him .
3586,seth narrowed his eyes .
3587,"you cant trick me into fighting you , kojas ."
3588,"yeah , were not stupid , i said and stepped next to seth with my hands on my hips ."
3589,"i mean , if youre so smart , than why is your name so stupid ."
3590,i giggled .
3591,"kojas sounds like toe jazz , whatever that is ."
3592,"i heard emily laugh and jason say , burn !"
3593,kojas eyes flamed but he formed a tight smile .
3594,"let me inform you , jazell , that you are outnumbered five to one ?"
3595,"man , this guy is good ."
3596,"um , well weare cooler than you , i stumbled ."
3597,really jazell ?
3598,emily hissed from behind me .
3599,i turned my head to her .
3600,"well , you come up with something to top that and well see how well you do ."
3601,"nah , im good , she said quickly ."
3602,kojas laughed again .
3603,"seriously , was this faery guy crazy or something ?"
3604,"you are mistaken , he said ."
3605,i am cooler than you because i hold all the cards .
3606,"then he turned to the army and yelled , attack !"
3607,"chapter 12 the monsters surged up the hill , blocking out kojas delirious laughter ."
3608,"seth shouted , stay together , dont get separated !"
3609,a troll charged at me and i jumped to the side .
3610,"i looked up and saw that emily , jason , and seth had been swallowed by the rushing creatures ."
3611,so much for that plan .
3612,emily !
3613,i yelled but my voice was drowned out .
3614,i saw a flash of fire off to the side .
3615,emily was fine .
3616,i twisted around so that the troll charged past me .
3617,i turned and plunged my knife into its back before it could respond and it fell to the ground .
3618,i felt pain flare in my right foot and looked down to see a frost beast with its teeth in my leg .
3619,"when i tried to pull away , in bit down harder ."
3620,"ow , i yelped ."
3621,"ow , ow , ow , get the heck off me !"
3622,i slashed downward and the frost beast let go of my leg .
3623,it zipped between my legs and launched itself at my left leg .
3624,i stepped to the side and slammed my foot on the beasts back .
3625,it yipped and went still .
3626,"i raced through the crowds , jumping and ducking ."
3627,"i looked over my shoulder and up the hill , wishing i could escape all the bodies that were pressed together in combat ."
3628,then i rammed into one .
3629,what the heck ?
3630,i fell on my butt and blinked as jason picked himself off the ground .
3631,"sorry , i said and stood up ."
3632,"watch where youre going jazell , look out !"
3633,jason suddenly yelled .
3634,i dove onto the ground and felt the monster brush past me .
3635,i looked up to see jason rolling on the ground before jumping on the faery jerks back .
3636,he yelled at jason right before i saw the knife disappear somewhere in his neck .
3637,the faerys yells turned to screams and then nothing .
3638,he fell to the ground and jason brushed himself off .
3639,"you okay , jazell ?"
3640,he asked me and held out a hand .
3641,i took his hand and he pulled me up .
3642,"yup , im just peachy ."
3643,"at least you can use sarcasm in a time like this , he said and started to fight his way through the crowd ."
3644,i followed him quickly .
3645,i had no desire to become separated again .
3646,when cant you use sarcasm ?
3647,i asked loudly .
3648,he didnt reply to me because he had spotted emily .
3649,she was slowly backing up with her palms out .
3650,fire danced from her fingertips and twisted towards the troll and frost beast .
3651,the beast breathed and ice sprayed from its mouth .
3652,emily moved her hand over and the ice evaporated into mist .
3653,she was holding up fine but i didnt know how much longer .
3654,i strung my bow and released an arrow .
3655,it pierced the frost beasts pelt and it fell to the ground .
3656,"emily turned to me with huge , confused eyes ."
3657,"she mouthed the words , thank you ."
3658,i nodded in response .
3659,jason threw his knife at the troll and it landed in its leg .
3660,the troll collapsed on the ground and emily raised her hands in the air .
3661,the ground rumbled and the troll disappeared in the dirt .
3662,i ran over to her and hugged her .
3663,thank goodness we found you .
3664,i looked at her pale face and frowned .
3665,are you okay ?
3666,she nodded vigorously .
3667,"yes , its just hard work to use my magic ."
3668,i need a lot of concentration .
3669,we all ducked behind a half-dead tree to escape from the swarms of monsters .
3670,we were breathing heavily .
3671,"i leaned my head against the trees cold bark , wanting to disappear from it all ."
3672,wheres seth ?
3673,emily asked .
3674,i raised my head .
3675,we havent found him yet .
3676,her eyes widened .
3677,"what do you mean , you havent found him yet ?"
3678,"i crashed into jazell , who was doing , like , forty , jason pointed to me ."
3679,then we both found you fighting beasts with your fiery fingertips of death .
3680,she raised an eyebrow .
3681,fiery fingertips of death ?
3682,"hey , he shrugged , jazells sarcasm is contagious ."
3683,"anyway , we better find seth before he gets into some serious trouble , i said , and walked off ."
3684,i went farther down the hill and the fighting spread out more .
3685,i tripped on a dead root and cursed as i stood back up .
3686,the slope started to even out more and the trees popped up again .
3687,be careful .
3688,i stopped .
3689,the voice had come out of nowhere .
3690,the time is near .
3691,the voice whispered as faintly as the breeze .
3692,"what , i thought , was that ?"
3693,you must stop it .
3694,i gritted my teeth in annoyance .
3695,"im sick and tired of your riddles , whoever you are ."
3696,just give me a straight answer or i cant do anything .
3697,it all comes down to this .
3698,what is coming ?
3699,i cried out in frustration .
3700,"it didnt reply to me again , so i continued to walk down the hill ."
3701,what did i have to stop ?
3702,what was so important ?
3703,why wasnt i allowed a straight answer in this stupid world ?
3704,i heard a faint clang ahead .
3705,i walked faster and with ever step the noise got louder .
3706,"when the ground became completely flat , i stopped at the scene in front of me ."
3707,"seth spun around , bringing his sword up to block kojas swords ."
3708,kojas pulled his swords back and slashed through the air .
3709,seth ducked and stabbed at his opponents middle .
3710,kojas brought his sword down and swiped seths .
3711,it twisted out of seths grip and fell to the ground .
3712,"i wanted to scream , but i couldnt ."
3713,i was frozen in fear .
3714,"seth dashed to his sword , hand out stretched ."
3715,then kojas raised a hand and something dark shot out of it .
3716,it slammed into seths side and he fell to the ground .
3717,no !
3718,i wanted to scream .
3719,"no , seth !"
3720,i saw seth squirm as kojas walked towards him .
3721,i heard him chuckle .
3722,"seth , kojas said ."
3723,"seth , oh when will you learn ?"
3724,"seth groaned and grabbed at his sword , but kojas kicked it away ."
3725,then he slashed his sword across seths face .
3726,i saw the thin blue line well up on his cheek .
3727,kojas laughed .
3728,you cant beat me ; you can never be safe .
3729,"seth pushed himself up and dove for his sword , which was off to the side ."
3730,kojas flicked his sword down and i saw seth flinch .
3731,he looked at his arm in amazement where a deep cut had sliced through his clothes .
3732,he pressed his fingers on his arm to stop the blood and continued to scoot towards the sword .
3733,kojas stepped to the side and blocked his path .
3734,seth gazed up at him and i saw his eyes blaze in hate .
3735,what do you want ?
3736,he snarled .
3737,"seth , i think you know what i want ."
3738,never !
3739,the faery chuckled and i saw his greasy hair bounce up and down .
3740,you seriously think that i assumed you would walk away with me ?
3741,"oh , i had no intention of it being this simple ."
3742,"i knew what he meant , and i yanked my bow off ."
3743,"i pulled my arrow out and notched it , aiming it at kojas back ."
3744,"jazell , wait !"
3745,i didnt turn around as emily and jason skidded to a halt behind me .
3746,i didnt drop my bow either .
3747,"wait jazell , she panted ."
3748,i tightened my grip .
3749,why ?
3750,hes going to try to take seth .
3751,we have to stop him .
3752,then i released my arrow .
3753,its an understatement to say all hell broke loose .
3754,"in my opinion , it was way crazier than that ."
3755,kojas sidestepped my arrow and it disappeared somewhere in the trees .
3756,"emily raised her hands and roots twisted upward , trying to encase kojas but he kept slashing them away ."
3757,jason attempted to distract him by running around throwing knives at him but i think jason was too busy ducking the black stuff that shot out of kojas hands .
3758,i ran right past all of them and towards seth .
3759,i knelt down and smacked him across his good cheek .
3760,"ow , what was that for ?"
3761,he grunted .
3762,i dont have enough bruises for your liking ?
3763,"thats for being a jerk and not telling us you were going to fight kojas on your own , i said angrily ."
3764,"hey in my defense , he found me first ."
3765,"i opened my mouth to say something smart , but i hear emily scream ."
3766,i turned around to see jason crash into a tree and not move .
3767,seth jumped up and grabbed his sword from the ground .
3768,he ran for kojas .
3769,kojas turned around and looked like a kid on christmas morning .
3770,he raised his sword to block seths blow .
3771,seth pulled back and parried kojas swing .
3772,"emily , is he okay ?"
3773,i yelled .
3774,she looked up and nodded to me .
3775,i turned back around to see kojas slash seth across the stomach .
3776,thats when i screamed .
3777,"seth fell to his knees , holding his midsection ."
3778,his sword fell out of his grip and to the ground .
3779,kojas grinned in triumph and kicked seth to the ground .
3780,"i screamed again , when he didnt move ."
3781,"at last , kojas breathed ."
3782,monster !
3783,i cried .
3784,youre a monster !
3785,he didnt answer me .
3786,i looked up the hill to see a bunch of faery jerks running down the hill towards us .
3787,emily stood in front of jason and raised her hands .
3788,i notched an arrow and aimed .
3789,dust kicked up everywhere as i aimed blindly .
3790,i heard one of them shout out in pain .
3791,"i shot another and another , anger burning through me ."
3792,stop him .
3793,i turned around and saw seths body through the dust .
3794,"he looked up at me and mouthed , jazell ."
3795,seth !
3796,i yelled .
3797,then the dust and darkness swallowed him up until i couldnt see him at all .
3798,"epilogue i padded silently through the long , dark halls ."
3799,emily and jason walked wordlessly by my side .
3800,"no one spoke because there was nothing to say , and so much to say , at the same time ."
3801,it had been almost a day since seth disappeared .
3802,a day since kojas took him .
3803,"i had told him , when he had first said that kojas wanted to use him that he didnt have to worry ."
3804,"i should have known that kojas would do anything to get him , and now seth was gone ."
3805,"after he had been taken and jason had awakened , the faery jerks had scattered ."
3806,"then a light pixie had showed up , the same one who had saved my life a while ago , and led us all the way to her majestys place ."
3807,she was apparently the queen but she was nothing like a stuck up royal leader .
3808,she was more like a warrior who lead igneeria in the good times .
3809,"she was really nice but when we had met her , i was in an awful mood ."
3810,no one blamed me ; i had just watched one of my best friends get beat up and taken right before my eyes .
3811,her majesty said to return in the morning when i would hopefully be in a better mood .
3812,"so jason , emily and i walked to her throne room ."
3813,emily pushed open the door and queen crystalla turned to us .
3814,she wasnt someone who youd expect to be named crystalla .
3815,she was more of the tough type .
3816,"jazell , emily and jason !"
3817,crystalla beamed .
3818,im so happy you can finally join us !
3819,crystalla was dressed in a hunting jacket with a dark blue top underneath .
3820,she had dark green pants with simple brown boots .
3821,a gleaming sword was slung on her back .
3822,my heart ached because she somewhat resembled seth .
3823,"man , i missed his stubbornness ."
3824,"yup were happy too , emily said with a sigh ."
3825,"so , um , what did you need ?"
3826,i asked .
3827,she nodded .
3828,"right , you must meet your destiny ."
3829,its a shame the other one couldnt be here right now .
3830,she looked upset but she wiped it away with a small smile .
3831,"follow me , please ."
3832,we followed without any words .
3833,we went outside and past some light pixies that were milling around the very small garden .
3834,one waved to me and i raised my hand in greeting .
3835,"crystalla walked into a small , dark building and i followed ."
3836,"it opened into a room with a high , glass ceiling ."
3837,"ahead of us were four doors , each with a symbol i couldnt see from here ."
3838,crystalla stopped and faced us .
3839,find the door with your symbol on it .
3840,"uh , jason raised his hand sheepishly , how do we know which symbol is ours ?"
3841,she smiled .
3842,you will know .
3843,she motioned for us to move up to the doors .
3844,i walked slowly and leaned forward to see the symbol .
3845,"amazingly , i walked right up to the one with an arrow on it ."
3846,i looked to the left and saw a door with a sword on it .
3847,i sighed and pushed open my door .
3848,the small room also had glass ceilings but they were dimmer .
3849,"the room was dark and cold , with dust in the air ."
3850,"i was wondering when you would get here , a familiar voice said ."
3851,i jumped and looked into one of the corners .
3852,"the girl from my dreams walked out , shimmering ."
3853,she smiled and i then noticed the bow hanging on her back with a quiver of arrows .
3854,you know how you asked for my name before ?
3855,"i can tell you now , she said ."
3856,"actually , i can tell you a lot ."
3857,"great , im all ears ."
3858,she laughed .
3859,"my name is june and like you , i was once a full human ."
3860,youre a half-ling ?
3861,i asked in amazement .
3862,i was a half-ling.
3863,", june corrected me ."
3864,im dead now .
3865,but i can still speak to you because you have to complete the job i did before with my friends .
3866,"wow , back up a second , i said quickly ."
3867,youre dead ?
3868,she tapped her foot impatiently .
3869,do you know how long ago i defeated kojas ?
3870,it must have been over one hundred years ago .
3871,"wow , that was a long time ago , i said ."
3872,you defeated kojas ?
3873,june sighed in frustration .
3874,did you pay any attention to anything ?
3875,"mackenzie , david , mark and i beat kojas the first time he appeared ."
3876,it wasnt easy ; let me tell you that right now .
3877,how did you die ?
3878,mark died of a wound after we beat kojas .
3879,he was too weak to live .
3880,david and i died in an ambush of what was left of kojas army .
3881,"mackenzie died from a fatal fall , i dont remember how ."
3882,"oh , i said and rubbed my neck ."
3883,"i dont want to be rude , but do you need to tell me anything else ?"
3884,i have to try to come up with a few explanations for back home .
3885,a lot of explanations .
3886,june walked towards me until she was standing right in front .
3887,"i could almost see through her body , which was really starting to freak me out ."
3888,"you have to get back seth , she whispered ."
3889,i know david was supposed to see him right now and i know hes disappointed .
3890,you cant beat kojas without the four of you .
3891,you cant unleash the nights circle without all of you .
3892,"and without the nights circle , you can not destroy kojas forever ."
3893,i started to shake with the intensity of it all .
3894,"if the nights circle destroys kojas forever , why is he still here ?"
3895,june backed up a bit .
3896,we think that our nights circle wasnt strong enough because mark was seriously injured .
3897,"but no problem , you guys have to destroy him now ."
3898,"she must have seen me shaking because she added , no pressure ."
3899,no pressure ?
3900,i practically squeaked .
3901,you just put the fate of both worlds on my shoulders .
3902,"no , she said , i put the fate of both worlds on all four of your shoulders ."
3903,"alright , is that all ?"
3904,"i asked , eager to leave ."
3905,june nodded and i turned to open the door .
3906,"i was just about to turn the handle when she said , jazell , dont be scared to bring out your emotions ."
3907,they make you stronger .
3908,i looked over my shoulder to see june standing stiffly .
3909,"thanks , i whispered ."
3910,thanks june .
3911,"good luck , jazell ."
3912,i opened the door and saw that emily and jason were also coming out of their rooms .
3913,emily looked a little shaken but she gave me a thumbs-up .
3914,"good luck , junes voice whispered one more time ."
3915,"yeah , i was going to need it ."
3916,big time .
3917,"seth , im coming , i thought , and i meant it ."
3918,hold on .
3919,then i walked out to face my destiny .
3920,dont miss book two in the fall of igneeria series !
3921,"fall of igneeria : the nights circle prism story of ci prism ( story of ci ) copyright 2010 rachel moschell published by rachel moschell at smashwords third edition the prism table of contents 0 gilded 1 purple 2 gaudy gold 3 electric blue 4 mocha 5 aquamarine 6 emerald 7 white plaster 8 scarlet 9 silver 10 midnight blue 11 coffee 12 hazel 13 olive green 14 beet red 15 pale 16 canary yellow 17 brick red 18 dark 19 transparent 20 red white and blue 21 cinnamon 22 sickly pink 23 bittersweet 24 sea green 25 crimson 26 pale blue 27 sapphire 28 fiery 29 turquoise 30 blond 31 plaid 32 white 33 grape 34 lilac preview of reverb ( story of ci 2 ) 0 gilded the silvery branches of the molle tree whispered in the shade , sprinkling soft leaves in the dirt of the boy 's path ."
3922,"the sky shone sapphire behind the lacy branches , and the only other life along this back road were two tawny cows grazing in the silver white grass of the ditch ."
3923,behind them ran the same crumbling adobe wall the boy saw every day as he walked this way out of town for the afternoon session at the christian school his parents sent him to .
3924,"today was tuesday , and that meant bible class ."
3925,"in one coffee-colored hand , the boy clutched his fat black bible with gilded letters , a present from his parents on his last birthday , fourteen ."
3926,"he shuffled slowly along the road , feeling the bible burn into his fingertips , trying not to free the furious tears scalding the back of his eyes ."
3927,he should leave the bible here in the ditch by the cows .
3928,because now the boy knew : none of it really mattered .
3929,"oh , he was quite sure there was justice and virtue in the world , and he intended to find it ."
3930,but it was not here .
3931,"not in this book , and not in anything that his parents had ever taught him about it ."
3932,he had finally told them what had happened and they did n't care .
3933,they had n't moved a finger to help .
3934,the boy 's hazel eyes narrowed and his lower lip quivered like a baby 's .
3935,what in the world was he supposed to do now ?
3936,and then he saw the blackened fingers rising from the silky grass in the ditch .
3937,"the boy 's mouth opened in slow motion and his whole world congealed to frozen ; then he lurched forward towards the horrible sight , heard his heavy bible thump to the dirt ."
3938,"the fingers were a child 's , even darker than his own , blackened by dirt ."
3939,"the boy fell to his knees on the sharp stones of the road and flung the grass aside , shaking so badly he could hardly breathe ."
3940,"another boy was sprawled face-up in the ditch , face bloodied and swollen , unmistakably dead ."
3941,"the fingers had n't belonged to a small child , but to someone the boy 's own age , dressed in torn navy sweat pants and lying here dead in the ditch on the road to the christian school ."
3942,"oceans of bile rose up in the boy 's throat and he collapsed into the white grass , emptying his stomach into the weeds until he felt himself heave , insides scraped dry ."
3943,"it was him , the boy 's best friend ."
3944,the one no one cared about .
3945,"the boy forced himself to stand up , tears dripping off his chin and onto the embroidered gold cross of his white school uniform ."
3946,"his friend was dead , and he had n't been able to stop this ."
3947,"wiping his chin on one sleeve , the boy began to march back towards town , stepping over the muddy , crumpled bible ."
3948,he would take his stuff from his parents ' house and leave .
3949,"if he never saw them again , that would be just fine ."
3950,the bible would be staying here .
3951,"1 purple bolivia 2017 when pastor martir mentioned that the quechua bible conference was a ways out in the bolivian countryside , he certainly had n't been kidding ."
3952,"by her calculations , eight hours had gone by since they left the vibrant garden city of cochabamba , climbing higher and higher into the clouds ."
3953,wara cadogan slit her eyes open and squinted around the darkened interior of the jeep .
3954,the windowpanes had frosted now that the sun hid behind the jagged peaks of the andes .
3955,"an elbow jabbed her side and wara heard her friend nazaret martir yawn , a squeaky , muffled sound that caused her father , pastor martir , to glance at both girls in the rearview mirror ."
3956,"`` we 'll be there any second , '' he told them , much too chipper after being cooped up in the jeep all day ."
3957,"`` i know it 's freezing now , but soon we 'll get you warmed up ."
3958,it 's a long hike .
3959,''
3960,wara stuffed her numb hands into the sleeves of her alpaca sweater and bit her lip .
3961,why had she let herself be talked into this ?
3962,"she loved the martirs , and their large family had basically adopted wara during the six years she 'd been a missionary here in bolivia ."
3963,"as a linguistics major , wara usually jumped at any chance to travel out into the countryside and practice speaking quechua ."
3964,"so when pastor martir said he needed her to translate from spanish to quechua at this conference in potosi , wara had enthusiastically answered , `` why not ?"
3965,''
3966,bad idea .
3967,a very bad idea .
3968,"a bible conference , wara ?"
3969,what were you thinking ?
3970,"pastor martir steered the jeep into a cavernous rut , and wara felt her jaw snap at the impact ."
3971,the turquoise knit cap she wore slid over one eye .
3972,she pushed the hat back into position as a low moan came from the back seat .
3973,"if she were n't so stressed , wara would have grinned ."
3974,her best guy friend noah was waking up from his perch back with the luggage .
3975,`` where are we ?
3976,''
3977,she heard him mutter under his breath .
3978,`` this place looks like the twilight zone .
3979,''
3980,one long arm brushed wara 's ear as he reached up to clear frost from her window .
3981,"not a single light outside , and the murky sky tossed off thick shadows ."
3982,"the skeletal remains of a tree rose up out of the gravel path , beckoning the jeep forward ."
3983,noah was right : it looked downright freaky out there .
3984,"pushing back her nervousness about the whole bible conference thing , wara turned towards the back seat ."
3985,"despite the rough ride , noah was looking content , emerald green eyes glinting in the moonlight ."
3986,"his sandy , shoulder-length hair was littered with straw and the poor guy really had to hunch over to fit his frame in the tight space on top of the luggage ."
3987,"at first glance , noah hearst might give off the aura of surfer dude , but he was n't really full of muscle ."
3988,and he was n't fat .
3989,noah was just a big guy .
3990,"plus , there were n't really a lot of surfers in ohio , where noah was from ."
3991,`` did you have a nice nap back there with the potatoes ?
3992,''
3993,she asked .
3994,"noah tried to stretch , then grimaced and gave up ."
3995,`` yeah .
3996,i guess .
3997,''
3998,"he glanced around the car , took in pastor martir and two skinny quechua-speaking bible school students in the front , wara and nazaret in the middle seat ."
3999,`` i guess i 'll be the one carrying this stuff up to the conference for our lunch .
4000,"seriously , that 's about all i 'll be good for ."
4001,"nazaret 's dad must be thrilled he got you to translate , though ."
4002,word on the street is you speak quechua like a native .
4003,''
4004,true .
4005,"despite the cold , wara felt her armpits prick ."
4006,she used to be good at this .
4007,"the first year wara lived in bolivia , she worked teaching bible lessons to ladies in quechua and helped at a ton of children 's bible clubs around the city ."
4008,but then everything happened .
4009,"she left the country for four months to try to get things together , and when she came back she was teaching literacy classes to quechua women ."
4010,and volunteering at the home for children with aids that the martir family ran .
4011,"she did n't teach about the bible anymore , because that would just make her a hypocrite ."
4012,"and noah , good friend that he was , never asked ."
4013,"`` i can never get over how lucky you are , '' noah was going on ."
4014,"`` sounding so bolivian , and looking it too ."
4015,can you imagine anyone ever mixing me up with a bolivian ?
4016,''
4017,"`` uh , no ."
4018,''
4019,wara raised an eyebrow and him and stifled a smile .
4020,`` i would be seriously worried about anybody who thought you were bolivian .
4021,''
4022,"in addition to being tall and blond with skin that crisped red in the strong cochabamba sun , noah had studied spanish in spain ."
4023,"whenever the guy spoke spanish , it came out with a lisp that , to bolivians , sounded really silly ."
4024,noah had good reason to be jealous of wara .
4025,"besides teaching her quechua from the time she was a baby , wara 's quechua grandmother from peru had passed along some of her color ."
4026,wara 's skin was a light tan that bronzed in the sun .
4027,"behind trendy maroon glasses , her eyes were honey brown ."
4028,"and her brown hair , now sporting an uneven cut with burgundy highlights , let her fit right in with her bolivian friends ."
4029,"`` i think i 'm getting a cold , '' nazaret announced smally from wara 's side ."
4030,"wara turned back to her and took in her friend 's pale , heart-shaped face framed in dyed blond ringlets ."
4031,"she was sheathed in a puffy pink coat , mounds of pink scarves , and a snow white knit hat with pale pink sparkles ."
4032,"the jeep hit another hard rut just as nazaret sneezed , a cute , shrill little sound that was all but muffled in tiny pink alpaca mittens ."
4033,"`` i hov i can still help you wif de kids , '' she sniffled , bleary hazel eyes turned on noah , who patted her on the white knit cap with a few encouraging words ."
4034,they all jerked to attention as the jeep braked to a halt in a sudden spray of gravel .
4035,"when the group piled out of the car , they discovered the air outside the car was even colder than inside ."
4036,"even though it would look ridiculous , wara almost wished she was wearing snow pants , just like when she was little growing up in montana ."
4037,the frayed jeans and hippie tunic she had on under the alpaca sweater were not doing anything to keep her warm .
4038,frozen fingers brushed lazily over her cheeks from the hulking mountains all around them .
4039,"off in the distance , something howled ."
4040,nazaret covered her nose with one mitten to muffle another sharp sneeze and it echoed off the mountains in the night .
4041,`` 'scuse me .
4042,''
4043,"noah cheerfully pushed past wara , carting a gigantic burlap sack of potatoes ."
4044,"`` coming through , '' nazaret 's father followed him , hauling a second bag of something edible ."
4045,"wara huddled next to nazaret for a minute , watching as the guys hefted the food and sleeping bags onto a haggle of scrawny burros ."
4046,a few quechua guys in black jackets and slacks had materialized from an adobe hut and were helping to arrange everything on the donkeys by the light of a shimmering bonfire .
4047,"pastor martir , who came every year to preach at this rural bible conference in potosi , said that it was best to climb the mountain at night , when it was cooler ."
4048,"right now , wara really hoped he knew what he was talking about ."
4049,"they still had a seven-hour hike ahead of them , up the forested granite ."
4050,she stifled a heavy yawn and fixed her gaze on the diamond stars .
4051,"in the morning , she woke up to scruffy feathers and a beak ."
4052,a chicken scratched through the pebbles right outside the crumbling adobe wall of the community school house where she and the others had crashed for a few hours after the hike .
4053,"the local christians had gone to all the trouble of fixing up wooden pallets with woolen blankets here at the school , so their guests could have a private place to stay ."
4054,wara knew they had gone to a lot of trouble and hated to admit that it honestly had n't been worth going to sleep .
4055,"a well-organized army of fleas had taken up residence in the wool blankets long before she had , and she , noah , and nazaret had scratched and grumbled for a few hours before pastor martir coated their beds with raid ."
4056,"maybe that was why now , with daylight streaming through the holes in the schoolhouse wall , it was so darn hard to move ."
4057,could you overdose on raid ?
4058,"wara kicked off the sleeping bag , grabbed her glasses from the dirt floor , and pulled herself to sitting ."
4059,"pastor martir was already gone , probably outside at some morning prayer vigil with the quechua christians ."
4060,"nazaret curled on her plank bed , still snoring ."
4061,"noah 's long legs stuck out the end of his unzipped sleeping bag , leaving his filthy socked feet sprawled in the dirt near giant maroon nike tennis shoes ."
4062,"when she moved to stand up , the powdery remains of dried up fleas shifted on the navy fleece of the sleeping bag ."
4063,eeww .
4064,wara had to grin at the sight of those dried bugs .
4065,she really loved these kind of trips .
4066,"she dusted her bare feet off on the edge of her jeans and stuffed her sockless feet into doc marten boots , hoping to find someplace outside to use the bathroom before everyone else got up ."
4067,a waist-high cluster of boulders overlooking the valley below turned out to be the best option for privacy .
4068,she brushed her teeth with water from a dented bottle of pura vida and spit off into the deserted valley .
4069,trailing wisps of clouds slithered around boulders below .
4070,the only structures visible were the schoolhouse where she had slept and two sturdy adobe houses a little way down the rounded path .
4071,a quechua lady with a huge smile was waiting in the school with a breakfast of sweet purple corn drink and boiled eggs .
4072,"she wore a knee-length circle skirt called a pollera , this one a soft sage green ."
4073,"despite the morning chill , her mahogany legs were bare and she wore scuffed black plastic ballet flats ."
4074,she did have on a warm cardigan over the lacy white blouse quechua ladies always wore .
4075,"the lady bringing breakfast introduced herself as doa petronia and patted wara on the forearm in greeting , telling her how happy she was that god had brought wara to this conference ."
4076,"wara smiled back wanly , even though it was a lot of fun to be speaking quechua up in the mountains again ."
4077,"she still did n't feel good about the idea of her being part of this bible conference , acting like she was all sweet and good here with pastor martir , noah and the bible school students ."
4078,she felt like a fake .
4079,"still queasy , she mumbled something appropriate and tried to get down the purple api and an egg ."
4080,"they assigned her to help noah , who was in charge of the kids while their parents attended bible classes ."
4081,"wara had already seen him in action many times during the five years they 'd been friends , teaching bible stories to kids at the martirs ' aids center or hanging out with a little homeless kid in downtown cochabamba ."
4082,"within minutes , noah had the group of kids sitting on a grassy knoll and captivated by bible songs with actions ."
4083,"then he made wara come stand next to him to translate a story into quechua , one about jesus calming the stormy sea ."
4084,"she grew up in church and could rattle off this story by heart , in english , spanish , or quechua ."
4085,but there was no way she could keep a group of kids glued to her every word the way noah did .
4086,"she ignored the sick feeling in her stomach and stood next to noah , feeling little and insignificant at five foot five next to his six foot three ."
4087,all she had to do was tell noah 's story to the kids in quechua .
4088,her own failings could n't ruin the moment for the kids .
4089,noah deserved to be listened to .
4090,"when the story was over , she could see in the kids ' eyes that they had imagined every peal of thunder , felt the shuddering of the splintered wooden boat on the open sea ."
4091,"noah asked the kids to come up and stand at his side , one by one , to tell him what they were afraid of ."
4092,"`` that we wo n't have enough to eat if hail destroys the crops , '' mumbled one almond-eyed little boy in a jade chullu cap ."
4093,`` i 'm afraid of the terrible goat that lives down the hill .
4094,''
4095,several muffled giggles scattered across the group .
4096,`` of the thunder when it storms .
4097,''
4098,"one short boy in a tattered soccer jersey trudged to the front when it was his turn and recited gravely , `` i 'm scared that my other brothers will become one of the missing , like my brother antonio ."
4099,''
4100,wara scrunched up her face .
4101,"she had never heard anyone refer to someone who died as `` the missing '' before in quechua , but maybe it was a regional idiom ."
4102,she was going to have to ask around later to figure out if that was really how that phrase should be used .
4103,i 'm such a nerd .
4104,"she blinked away thoughts of quechua grammar and brought her attention back to noah , who was beaming at the children , then her , waiting for her to translate ."
4105,"`` you know , when i was little , '' he told the kids , `` there was this dog that lived a few houses away from mine , and he had really , really big teeth ."
4106,''
4107,"suddenly , strangely , noah slung an arm over wara 's shoulders , leaving the two of them facing the children together ."
4108,"`` i want you to know kids , if jesus is with you , you do n't have to be scared of anything ."
4109,he 's stronger than anything in this world .
4110,''
4111,"just as mesmerized by noah 's words as the kids , wara felt herself leaning into his side ."
4112,then the lesson was over .
4113,"`` thanks for translating , '' noah told her , then dropped his arm and smiled ."
4114,wara felt her heart do a very weird pitter-patter and she stared after him as he jogged off to chase some of the kids in a game of tag .
4115,that attraction you 're feeling ?
4116,she chided herself warily .
4117,that 's just because noah is your friend .
4118,you would never think of noah as anything more than a friend .
4119,right ?
4120,"wara blinked , then squinted at noah , who was grabbing a giggling little kid around the shoulders and swinging him in the air ."
4121,she would be crazy to let herself think of noah as anything other than a friend .
4122,he was much too goofy for anything else .
4123,wara was always studying and was sometimes really grouchy .
4124,noah was always so happy-go-lucky and watched way too many cartoons .
4125,not exactly prince charming .
4126,"plus , he did n't really know her ."
4127,"wara shook herself back to reality and headed back down towards the house , thinking she should probably help the ladies fix lunch ."
4128,"the cloud-covered valley writhed with mist , licking the emerald grass at her feet ."
4129,it was hauntingly beautiful .
4130,in the rocky dirt outside the main house she found a circle of quechua women squatting in their wide velvet pollera skirts around a plastic tub of potatoes .
4131,"the ladies skillfully attacked the miniscule purple and yellow-veined potatoes with paring knives , leaving the spuds without peel in seconds ."
4132,"wara hunkered down next to the smiling lady from breakfast this morning , doa petronia ."
4133,"wara had tried so hard to learn to peel potatoes like a respectable quechua woman should , but she usually ended up desecrating the potato , scraping half of it off into the scrap pile ."
4134,"she fiddled around a little with the knife and a bumpy yellow potato , then decided to put her grammar question out there ."
4135,`` i was wondering about something one of the kids said .
4136,"if you say that your family member is the missing , does that mean that person died ?"
4137,''
4138,doa petronia 's long blade faltered mid-peel and she reached up with one work-roughed hand to flip a braid behind her back .
4139,everyone fell silent .
4140,"`` you must have heard my son edgar talking , '' she finally nodded ."
4141,`` he 's only six but he is so worried about his older brother .
4142,''
4143,"`` or maybe it was my juan marco talking about his older brother , '' interjected a more portly woman in a royal purple pollera ."
4144,"a thick layer of fat rolled out of the waist of her skirt , blanketed with the silky white undershirt the ladies wore under their short lace blouses ."
4145,she jerked her chin towards doa petronia .
4146,"`` she and i both have older sons , teenagers ."
4147,"three months ago , the boys both went away , never to be heard from again ."
4148,''
4149,`` went away ?
4150,''
4151,wara frowned .
4152,`` we call them 'the missing ' .
4153,''
4154,doa petronia looked wara directly in the eye .
4155,"`` the boys went into llallagua to sell some potatoes , but on completely different days ."
4156,we never heard from them again .
4157,we do not know where they could have gone .
4158,that is why we call them and the other boys 'the missing ' .
4159,''
4160,`` what other boys ?
4161,''
4162,the two women eyed each other soberly .
4163,"`` from all over the mountains , many different communities ."
4164,all missing .
4165,''
4166,wara did n't know what to say .
4167,"how could these women 's sons , and boys from other communities too , just be gone ?"
4168,"the pain in the women 's black eyes was evident , and wara felt horrible ."
4169,how many of the people here at the bible conference had a son or brother who had just disappeared ?
4170,i am really glad nazaret is still off teaching somewhere .
4171,i hope she has n't already heard about this .
4172,"the martirs were a busy household of six kids , but once upon a time there had been seven ."
4173,"wara knew nazaret 's older brother had run away when he was a teenager , and she knew the serious , skinny oldest martir only from his faded photograph in a frame on nazaret 's dresser ."
4174,talking about missing kids was always enough to start nazaret weeping .
4175,wara really hoped her friend would n't hear about this .
4176,"it would only make her think of her brother , the missing boy who was probably never going to come home ."
4177,"she could identify a little with that kid in the picture , because sometimes , when she thought too much about things , wara just wanted to run away from here and start over ."
4178,except the past always follows you .
4179,"noah was running up the hill panting , with a hundred screaming quechua kids close on his heels ."
4180,"even if she wanted to be with noah , she would never deserve him ."
4181,there were some things that even time could n't erase .
4182,"2 gaudy gold peshawar , pakistan 2017 alejo perched above the ancient labyrinth that was old city peshawar , counting down the seconds until he would take a man 's life ."
4183,"the tri-colored apartment complex where he waited soared to the cloudless sky , cream , cinnamon , and pistachio ."
4184,"a giant block of neapolitan ice cream , sizzling under the peshawar heat ."
4185,"in a dusty courtyard with solid walls below , the three men who marched between grave pakistani police were mere specks to alejo ."
4186,"gabriel was at the scope , reporting the details of the scene below ; benjamin lay prone as alejo did , both of them one with the black rifles propped on sandbags ."
4187,"`` so , they just entered the courtyard , '' gabriel said softly ."
4188,sweat poured down his pale face from the tightly-wrapped black turban .
4189,"they were alone on the cement rooftop high over peshawar , and abandoned the pashto language for their native spanish ."
4190,`` the paki police are pretty nervous .
4191,ok !
4192,here come the americans .
4193,they 've all got bullet-proof vests .
4194,''
4195,gabriel 's bony fingers tightened on the scope and his voice rose with excitement .
4196,not surprising .
4197,the u.s.
4198,"army would n't want any crazy talibs to take out their precious little prisoners before they get to `` justice '' now , would they ?"
4199,but how many years would the young soldiers get for murdering afghan children across the border and posting bloody trophy pictures on the internet ?
4200,three years in a comfy cell with three meals a day ?
4201,that was more than most afghan children could dream of .
4202,"security was tight around that little compound with the courtyard , as the whole surrounding area would like to see the american soldiers in pakistani custody mutilated and dead ."
4203,but no one would expect a shot to come from this distance .
4204,a cacophony of horns blasted from the matchbox cars snaking along below .
4205,the sound would cover the shot perfectly .
4206,"alejo shifted one leg , ever so slightly , letting blood flow back into one of his thighs that had been riding a rock for the past half-hour ."
4207,"`` targets are moving towards the mark , '' gabriel said calmly ."
4208,he rolled into place in the line of three men on their stomachs and positioned his gun on the sandbag .
4209,"the three of them gazed through the gun scopes now at the american prisoners , blond and thin inside their bullet-proof vests ."
4210,alejo evened his breathing and willed his weak arm still .
4211,"he drew a slow lungful of air , then held it , finger exact and deathly-still on the trigger ."
4212,"he heard each beat of his heart echo in his ear , steady and slow ."
4213,"he waited until one heartbeat had just drummed , then murmured in the space between , `` now ."
4214,''
4215,"below in the old city , the timing was perfect ."
4216,"an ornately-painted bus lumbering around the corner of the compound honked and belched black smoke , just as alejo 's bullet entered the medulla oblongata at the base of the middle soldier 's skull and he slumped to the dirt in a crimson mist ."
4217,"the other two collapsed on top of him , the part of their brains that controls involuntary movements effectively destroyed ."
4218,it took a full five seconds for all hell to break loose in the courtyard as mustachioed policemen and high-up american officials all turned up dust diving for cover .
4219,alejo could tell there was no need to take a second shot .
4220,"he felt cold , and lowered the rifle from his eyes , staring at the dim outline of the mountains encircling the city ."
4221,"still lying low , he pulled a small gray cell phone from his pocket and punched a button ."
4222,"ishmael khan , recruiter from the prism and alejo 's handler , would be pacing the floor in his mansion until he heard the soldiers were dead ."
4223,"alejo set his jaw , then motioned to benjamin and gabriel ."
4224,"they slunk into the tri-color apartment building and into a room filled with grimy shalwar kameezs , ammunition , and cigarette butts ."
4225,afghan-made cigarettes .
4226,"this was the kind of hole taliban fighters always frequented , and whoever one day discovered this place alejo had set up would not be surprised to see a slew of rifles on the kitchen table next to the moldering rice and half-eaten naan bread ."
4227,everyone in peshawar packed lead .
4228,"slick with sweat and fine concrete dust , the three men dumped their soiled shalwar kameezs with the rest of the filthy clothes on the bathroom floor and pulled on jeans and t-shirts , the clothes of upper-class pakistani students ."
4229,"with bronze skin , wavy black hair , and perfect pashto , alejo never had problems passing as a pakistani on his many trips to the country ."
4230,"the other two guys on his team were also from bolivia , a little lighter-skinned than alejo but they still passed as pakistani or afghani ."
4231,"`` death to the infidels , '' gabriel grinned , stuffing wads of tattered rupee bills into a bag around his thin chest ."
4232,benjamin and alejo rolled their eyes .
4233,"`` goodness , i 'm just kidding ."
4234,''
4235,gabriel flashed merry eyes at them and winked .
4236,`` let 's get out of here .
4237,''
4238,"the throbbing wail of a siren cut through the heat outside the apartment building , racing towards the murdered americans ."
4239,the white orb of midday sun still blazed through the murky haze of pollution over the city .
4240,"and less than twenty blocks away , three lives had just been extinguished ."
4241,they were getting away .
4242,"the three of them would walk through this entire maze of a city , get to the khan 's house , and report a successful mission ."
4243,alejo tried to tell himself he should be happy .
4244,at least a little .
4245,"that night , the feast at ishmael khan 's house was bounteous ."
4246,"alejo and his team sat on burgundy and ivory carpets , faced with silver platters of seared roti bread and lamb curry ."
4247,"milky tea simmered in bone white porcelain , rich with sugar crystals and cardamom ."
4248,"the rest of his team was having the time of their life in the marble hall of the khan 's mansion , but alejo needed to get out of there ."
4249,he made his excuses to the entire clan of khan relatives and navigated peshawar 's labyrinth streets back to the apartment that was always waiting for him here in pakistan .
4250,alejo slammed and locked the heavy wooden door and pulled a couple of guns from under his clothes .
4251,"he tossed them onto the red silk bedspread , next to the heavy religious book with ornate golden swirls ."
4252,"for a second the image shocked him , and he blanched , turning to scan the familiar studio-style apartment ."
4253,"he was caged in by ornate , gold-painted furniture in the seventeenth century style , including a giant gilded wardrobe that could have doubled as a coffin for king tut ."
4254,"feeling sick and angry , alejo collected the two weapons and the gilded arabic book and stuffed them in his black suitcase in the corner ."
4255,"the suitcase was basically empty , ready to head back to bolivia after the trip to pakistan 's tribal area khan had insisted on the day after tomorrow ."
4256,"peshawar 's bazaar was full of beautiful things , but alejo 's suitcase was empty because , honestly , there was no one to bring anything home to ."
4257,in the morning his team would meet here early .
4258,"it was time to plan the next job after pakistan , something that called from alejo 's native bolivia and refused to be laid to rest ."
4259,he really hoped that killing salazar after so many years would give him some kind of peace .
4260,it probably would n't .
4261,"alejo tossed himself onto the silk bedspread fully dressed and forced his eyes closed in the darkness , fully expecting a reunion with nightmares ."
4262,and his dreams did n't disappoint him .
4263,the first stabs of light through the golden curtains were a welcome relief .
4264,"alejo could always sleep through anything , a habit you learned fast when you spent your time doing the things he did ."
4265,but last night had been awful .
4266,"he dumped a bucket of cold water over his head in the shower , then exercised for a couple hours til his team arrived ."
4267,"by the time the knock came on the apartment door , alejo felt like he 'd been awake forever ."
4268,"`` asalaam alaikum , '' the guys greeted him in the traditional muslim way one by one , pushing past him into the apartment in pale cotton shalwar kameezs ."
4269,"they were all muslims , having converted at different times in their lives : high school , university , graduate school ."
4270,"benjamin , a doctor in bolivia , greeted alejo now with a droll smile and watchful eyes behind wire glasses ."
4271,"he wore a little brown goatee , some kind of homage to the muslim tradition of big thick beards ."
4272,"alejo never even tried to grow a beard , because the scattered stubble that appeared on his chin when he did n't shave for a week was really , really pathetic ."
4273,"gabriel ambled into the apartment , grinned , and gave alejo one of those manly , back-clapping hugs just inside the door , the kind only latin guys can share ."
4274,"gabriel was the skinny , fair-skinned guy who could make something from anything , a regular macgyver ."
4275,"only twenty-three years old , he came from an arabic-background family in bolivia ."
4276,"lzaro strode in next , wearing a deep blue shalwar kameez and a wool irish cap ."
4277,he was the newest guy on alejo 's team and had been sent over from puerto rico .
4278,lzaro was one of those guys with a permanent tan from hours of camping and rock climbing and starting fires with nothing but sticks .
4279,"last came stalin , wheezing like a badger in the hazy peshawar pollution ."
4280,"stalin was pasty , with round glasses and straggly lion-colored hair parted down the middle ."
4281,"the guy was a phd in philosophy and comparative religions , so he came in handy , instructing new recruits in religion ."
4282,he also was n't a bad shot .
4283,"and yes , stalin 's parents , student revolutionaries , had actually named their infant son stalin lenin gomez ."
4284,this was his team .
4285,"the organization was called the prism , because they wanted to bring god 's light to the world ."
4286,"like a prism scattered light into different colors , everyone in the organization had different talents , brought the light in different ways ."
4287,"by the time alejo closed the door , his team was already making themselves comfortable ."
4288,the ghastly hue that hung over the golden room after the nightmares was no match for the aroma of the expensive colombian coffee gabriel was dumping into the coffeemaker .
4289,"benjamin produced fresh roti bread and goat cheese from a paper sack , and stalin was already stretching his legs out on the bed ."
4290,those socks looked like they had seen a good week of adventure in peshawar without a wash .
4291,this was life in pakistan .
4292,"alejo felt a grin coming on , and he plopped down at the table , pushing aside an ugly vase of melon-colored , gold-coated roses ."
4293,"`` the coffee smells strong today , '' gabriel nodded proudly ."
4294,`` just how we like it .
4295,''
4296,"benjamin was quietly spreading goat cheese on a piece of bread , leaning his chair up against the wall next to alejo ."
4297,"`` you seem to be in an especially good mood today , gabo ."
4298,"have n't seen ambrin again , have you ?"
4299,''
4300,"gabriel 's green eyes took on saucer form and steaming coffee sloshed over the edge of his cup , wetting the top of his sandal on the way down ."
4301,stalin frowned and stopped stuffing grapes into his mouth from yet another sack of food the guys had carried in .
4302,`` oh come on you guys !
4303,leave poor gabriel alone !
4304,you know he does n't like to be teased about ambrin .
4305,''
4306,"gabriel had by now managed to get a grip on his coffee , but his usually-pale neck was now stained scarlet ."
4307,"`` yeah you guys , we should n't even be talking about her ."
4308,you know i ca n't see her ?
4309,it would n't be right .
4310,we 're not even engaged .
4311,she knows i did n't mean to see her without a veil that one time .
4312,''
4313,"`` but that 's when you fell in love , is n't it ?"
4314,''
4315,benjamin commented without looking up from the cheese .
4316,the whole team knew it was .
4317,"walking in the garden at the khan 's mansion one day , gabriel had run into ishmael 's niece , ambrin ?"
4318,without a veil .
4319,"all the guys knew the story by now : sapphire eyes , and gabriel was instantly in love ."
4320,he was trying to get up the nerve to ask for her hand in marriage .
4321,"alejo let them go on about it for a while , because he really was dreading the thing he was about to bring up ."
4322,"stalin , mouth still full of food , beat him to it ."
4323,"`` so , '' he asked , polishing his little glasses on the tail of his long kameez shirt and spewing crumbs , `` who 's up to be the next speaker at our retreat ?"
4324,''
4325,"by speaker , he meant the next target ."
4326,"lzaro , who always seemed to have an opinion about everything , set his feet apart on the floor and leaned forward to eye them all intensely ."
4327,`` i would nominate the southern baptist mission house back in cochabamba .
4328,"the world could n't be a much worse place without them , right ?"
4329,''
4330,a grin stretched his tanned face and benjamin seemed to agree with him .
4331,alejo fought a sour expression .
4332,was the guy never going to let it go ?
4333,"he 'd only known lzaro for six months , and had already overdosed on the guy 's hatred for americans ."
4334,and missionaries .
4335,"word on the street was that lzaro had dated a cute missionary girl who later dumped him , thus the dislike of anything missionary or american ."
4336,alejo thought that lzaro just wanted an excuse to do whatever he wanted .
4337,"`` i 've already lined up the next speaker , '' alejo shook his head ."
4338,he tried to sit up straight but felt the three cups of coffee he 'd just downed settling in his gut like cool acid .
4339,"sweat trickled down his ribs and he saw blackened fingers through tall white grass , fought the urge to gag ."
4340,"`` well whoever it is , i think it would be a lot more beneficial to get rid of all those missionaries preaching pie-in-the-sky while letting the world we live in go to hell ."
4341,''
4342,lzaro again .
4343,"stalin was grinning , amused ."
4344,this was getting ridiculous .
4345,"`` it 's franco salazar , '' alejo said , cutting them off ."
4346,one of gabriel 's blond eyebrows rose .
4347,`` the politician ?
4348,what has that fat old dude done ?
4349,everybody seems to like him back in bolivia .
4350,"he 's fashionable , drives a swell red sports car , and , they say , even has gold teeth ."
4351,''
4352,his chipper grin died away at the look on alejo 's face .
4353,"`` tell us about him , '' benjamin pushed away the plate of bread and cheese ."
4354,"`` guys , alejo knows what he 's talking about ."
4355,''
4356,"benjamin always respected him ; they had been friends for years , since they were both recruited into the prism together while getting masters degrees in london ."
4357,"alejo knew his expression had morphed into something pained , but he could n't control it ."
4358,"he felt the sun baking his neck again , like it had that day , while the breeze whistled through the tall white grass ."
4359,"the smell of death threatened to engulf him here , fifteen years later ."
4360,"i do know what i 'm talking about , but i would give anything not to know ."
4361,i do n't know if i can say this .
4362,"alejo did his best to focus , felt his face darken ."
4363,`` i 'll tell you .
4364,"and when i 'm done , you 'll know why salazar has to die ."
4365,''
4366,"his team leaned forward and , stuffing the nausea that came whenever he thought about ruben , alejo told them ."
4367,but he did n't tell them about ruben .
4368,"even without ruben , it was enough ."
4369,"when alejo was finished , benjamin 's face burned ."
4370,"stalin chewed on his lip , and gabriel looked ready to vomit ."
4371,"`` he 's our next speaker , '' lzaro managed to croak ."
4372,`` it 's a good choice .
4373,"3 electric blue the city sat in the bowl of the andes , climbing up the foothills to the lavender peaks beyond ."
4374,"cochabamba was sunny and bustling , infused with a rainbow of flowers and the smell of smog ."
4375,"this city was her home for six years , and wara cadogan loved it ."
4376,"back in downtown cochabamba a week after the trip to the mountains , wara entered caf amara wearing a green hippy dress over jeans and beat-up leather sandals ."
4377,"the air was infused with coffee and cinnamon and vanilla icing and noah was already up front , tuning his honey-colored taylor guitar ."
4378,every friday he and a group of friends did live music at the downtown coffee shop his church owned .
4379,"noah threw wara a wave and she plopped down into a chair , ready to drink lots of coffee and rest after long day at the aids center with nazaret and her mom , noly ."
4380,"a swish of fabric drew her attention to the tiny quechua lady at her side , holding a tray of empanadas ."
4381,"wara 's mouth started to water at the sight of browned pastries , perfectly crimped edges embracing a center of melted cheese ."
4382,"`` doa filomena , you know i ca n't resist empanadas , '' she told the older lady in quechua ."
4383,`` thank you .
4384,how are you doing these days ?
4385,''
4386,"doa filomena had a bent back and wrinkled skin that crinkled like parchment , especially around the eyes ."
4387,"wara had never seen her without two thin gray braids twisted into a bun at the back of her head , and filomena always wore a thick navy blue cardigan over her lacy white blouse ."
4388,she was always thrilled to talk with a foreigner in her native quechua .
4389,"`` just fine , i 'm doing fine ."
4390,''
4391,"filomena patted wara on the shoulder , grasped her forearm delicately , and then patted again in the traditional quechua greeting ."
4392,"`` i tell you , the lord is healing me of my arthritis ."
4393,"i just pray , i 'm always praying , and i know that the lord is helping me feel better every day ."
4394,''
4395,o-kay .
4396,wonderful .
4397,wara fought not to arch an eyebrow .
4398,the lady 's faith was ?
4399,nice .
4400,"but she knew about the gigantic megachurch doa filomena was a part of , and all the speaking in tongues and mad tambourine playing that went on in that place honestly freaked wara out ."
4401,"but who was she to judge , right ?"
4402,`` i 'm glad you 're feeling better .
4403,and thanks for the empanada .
4404,''
4405,"the older lady nodded with smiling , crinkly eyes and headed back towards the kitchen ."
4406,"just as tiago pushed his way through the caf door , sending little chimes dinging ."
4407,tiago was a guy of maybe nineteen with a boyish smile and black baggy jeans with chains .
4408,he was skinny as a rail and wara wondered when the kid ever ate .
4409,"the reason she knew tiago was because he was usually found smoking with a boyfriend outside the door of the neighboring coffee shop , caf paris , known for catering to homosexuals ."
4410,"he grinned at her when he saw her , showing off the metal stud in his tongue ."
4411,"another guy wara had never seen before was trailing tiago into caf amara , and the two of them stopped in front of wara 's table ."
4412,"`` hey , there , '' tiago drew out the greeting with a sly smile ."
4413,"noah meandered over to say hi to the guys too , still carrying his taylor guitar ."
4414,"`` this is my new friend rudolf , from germany , '' tiago grinned ."
4415,"`` he 's over here studying spanish , and i told him you guys were nice ."
4416,how 's it going noah ?
4417,''
4418,tiago shook noah 's hand and wara took in the new guy .
4419,rudolf had a very clean-shaven german jaw and wore a preppy gray sweater and dark jeans .
4420,"he also shook noah and wara 's hands with a grin , going on about what a great city cochabamba was ."
4421,"`` and one of the coolest coffee shops here is where you 're standing right now , my friend , '' tiago jumped in ."
4422,"`` this girl right here , wara ?"
4423,she is always making me up free food from the kitchen .
4424,"nachos , little pizzas ?"
4425,her quesadillas rock .
4426,''
4427,"he punched wara in the shoulder , then turned his attention to noah ."
4428,"`` so , we 're hanging out next door , but we thought we 'd come over and see if you wanted to have a drink with us ."
4429,"you 're not singing til later , right ?"
4430,''
4431,noah blinked .
4432,"`` uh , sure ."
4433,we could have a drink .
4434,"it 's only 9 now , right ?"
4435,''
4436,alarm bells were going on in wara 's heard .
4437,"noah 's eyes were friendly and clueless , and he probably would n't be able to tell if someone was flirting with him to save his life ."
4438,"`` i 'll come with you , '' she offered , trying not to grit her teeth ."
4439,"`` sure , wara , that 'd be great ."
4440,''
4441,noah smiled at her so warmly her knees actually went weak .
4442,but then she caught herself and angrily kicked herself into reality .
4443,"noah thought she was a nice girl , just another missionary with a pure heart for serving the lord ."
4444,what if he ever found out ?
4445,she could never be with someone like him .
4446,"`` yeah , i 'll definitely come with you guys , '' she repeated morosely as she followed them out the door ."
4447,`` i could use a good drink .
4448,''
4449,for a moment the relative silence of the darkened street shocked wara as the door to caf amara thudded closed behind them .
4450,"she crossed the pavement with the guys , towards the blue-toned beehive that was caf paris next door ."
4451,"just inside the door , the throbbing techno music reverberated inside her chest and the dim lighting confused her ."
4452,noah leaned back and spoke into her ear .
4453,"`` we 'll just stay a little while , be friendly , go back ."
4454,thanks for coming .
4455,i was feeling a little awkward .
4456,''
4457,"`` no problem , '' wara hissed back , rolling her eyes ."
4458,"some of the guys scooted over to make room for them on the electric blue barstools , and wara noticed that rudolf somehow switched seats with another guy next to him , ending up next to noah ."
4459,oh great .
4460,"wara had never actually been inside this caf before , and she took in the antique plaster ceiling with low-hanging bulbs covered in blue glass squares , sending an eerie , ghostly light around the long room ."
4461,"the bar , sporting neon signs for mostly european beers , was by far the busiest area of the caf ."
4462,"`` oh , '' she twisted around , realizing that the bartender was asking her what she wanted , `` i want a taquia ."
4463,''
4464,"she plopped down on the empty barstool next to noah , who turned away from rudolf as he heard her order for bolivian beer ."
4465,`` i did n't know you drank .
4466,''
4467,"`` hardly ever do , '' wara answered coolly , flushing as she heard the solid clink of her glass mug of taquia hit the bar ."
4468,"she knew this was going to be a bad idea , just knew it ."
4469,"but she had n't had a beer in five years , and if there ever was a time for it , it might be now ."
4470,`` are you gon na have anything ?
4471,''
4472,"`` i 'll get it , '' rudolf jumped in , offering to pay for noah 's drink ."
4473,`` you like taquia ?
4474,''
4475,"wara hoped her grimace was discreet , and she tried to hide it by downing a good half of her beer , quickly followed by the other half ."
4476,"noah , rudolf , and the other guys were talking away , covering everything from rudolf 's spanish studies here in cochabamba to what kind of music noah liked ."
4477,"i have got to get noah out of here , wara thought as she ordered a cuba libre ."
4478,just got to watch for my chance ?
4479,"she already felt the effects of the alcohol as the rum with coke went down , but all in all , she felt pretty good ."
4480,"if noah was n't in danger of being picked up , this would actually be kind of fun ."
4481,"another fifteen minutes went by , which wara filled with another cuba libre and a whole lot of moody thoughts ."
4482,and then she heard noah 's voice .
4483,"`` hey , no ."
4484,i 'm not ?
4485,i just came here to hang out .
4486,''
4487,wara realized noah was stammering .
4488,"she whirled around to see rudolf leaning way , way too close ."
4489,"noah 's neck had turned absolutely crimson , and his fingers twitched on the edge of the bar stool ."
4490,"all right , that 's it !"
4491,that 's my friend there !
4492,"she shot up from her seat and slid onto noah 's lap , wrapping her fingers around the back of his neck ."
4493,wara to the rescue !
4494,"`` that 's right , '' she snapped , facing the other guys and then meeting noah 's eyes ."
4495,`` i think you 're a little confused about my noah here .
4496,''
4497,"she pulled him closer , feeling the hot flush of her friend 's face ."
4498,`` he 's with me .
4499,''
4500,noah 's face was just inches from hers .
4501,"she kissed him , and maybe it was the shock , but noah did n't pull away ."
4502,then she broke away and looked rudolph right in the eye .
4503,`` no boyfriend-stealing tonight .
4504,ok ?
4505,''
4506,"silence dropped around the bar like chloroform , and then tiago cleared his throat , cheeks splotched maroon ."
4507,"`` oh , man ."
4508,this is really awkward .
4509,"we 're , uh , really sorry ."
4510,"did n't know you , uh ?"
4511,were with her .
4512,''
4513,"tiago let his eyes shoot to wara , who slid away from noah 's body onto one of his knees and was eyeing the guys with one eyebrow raised ."
4514,`` yeah .
4515,''
4516,rudolf had stood and was apologizing .
4517,"`` i just thought , i mean , you knew we were gay and you were so nice to us and no one ever is so ?"
4518,''
4519,"`` yeah , man , '' tiago rushed on ."
4520,`` i did n't know why you were always talking to us and stuff .
4521,everyone else that is n't ...
4522,you know ?
4523,always treats us like trash .
4524,''
4525,"tiago swore and took a deep breath , smiling nervously ."
4526,"`` anyway , i 'm sure you wo n't want to hang out with us anymore ."
4527,''
4528,noah unexpectedly burst into laugher and ran his fingers through his hair .
4529,`` you know what guys ?
4530,''
4531,he said .
4532,`` it can happen to anyone .
4533,we all make ?
4534,assumptions sometimes .
4535,and i 'll see you around .
4536,"just so you know not to try to , you know , hook me up ."
4537,"someday , if it 's all over ?"
4538,''
4539,"noah jerked his chin over wara 's way , `` i 'll let you know so you can introduce me to any eligible sisters you may have ."
4540,"c'mon , i think it 's time for us to be going for today , '' noah announced to wara , a little too loudly ."
4541,he threw tiago and company one last red-faced smile and headed for the door .
4542,"noah remembered to hold the door open for her , and then they began a brisk walk towards the closest major street ."
4543,it was obvious that neither of them felt like going back into caf amara .
4544,the cool night air hit wara full in the face and the fire rose from her belly to scald her cheeks as she realized what she had done .
4545,did i actually just kiss noah ?
4546,"she had , and in front of witnesses ."
4547,"oh god , i ca n't believe this !"
4548,"noah was quiet for nearly a block , and wara nearly suffocated with shame ."
4549,i am the worst missionary in the world !
4550,what if the mission heard about this ?
4551,just one more thing to add to her list of awful indiscretions .
4552,then she heard a soft chuckle .
4553,"she jerked her head around to look at him , still not quite meeting his eye ."
4554,"the cobblestones shimmered a little in front of her , and wara was starting to feel a little queasy ."
4555,"`` well , wara , that was a little unconventional , '' noah nodded , `` but you really saved me there ."
4556,"i do n't know what else to say , so i 'll just say , 'thank you ."
4557,' ''
4558,"`` that was really dumb , '' wara mumbled ."
4559,`` i should never drink .
4560,i never learn .
4561,''
4562,"noah was silent a minute more , and then he put a hand on wara 's shoulder ."
4563,`` can we sit down here for a sec ?
4564,''
4565,he asked evenly .
4566,"`` sure , fine , '' she answered too hurriedly ."
4567,"she plopped down on a bench in the plaza they had been passing through , in the shadow of a darkened colonial cathedral that was hidden away in the heart of downtown ."
4568,she crossed her arms tightly across her chest and waited to hear whatever noah had to say .
4569,this was n't going to be pretty .
4570,"the quiet continued as noah sat down a comfortable distance away on the bench , and stared off towards the stone pillars at the plaza 's center ."
4571,finally he spoke .
4572,"`` so , that was my first kiss ."
4573,''
4574,wara jolted .
4575,she could n't help glancing over at him to see if he was serious .
4576,"the way his lashes were lowered , that twist of his lips ?"
4577,wara suddenly realized she knew noah too well .
4578,he was serious .
4579,"memories flooded her heart , unwelcome , and she swatted them away in anger ."
4580,it was n't fair !
4581,"ok , yes it was ."
4582,it was no one 's fault but her own .
4583,"but sitting here watching noah , she could tell that he still cared for her as a friend , even though she 'd totally humiliated herself ."
4584,and she felt just destroyed .
4585,"even if she really loved him , noah would never , ever , be able to be with someone like her , not with her past and his ?"
4586,his first kiss ?
4587,"`` look , this was a huge mistake , '' wara groaned out loud ."
4588,`` i just felt bad and wanted to help you ?
4589,and i did n't think .
4590,''
4591,"oh yeah , and i 'm drunk , she thought angrily ."
4592,`` i think i should go home and you should go ?
4593,back to the coffee shop .
4594,"and just please , do n't tell anybody ."
4595,''
4596,as if he would .
4597,wara felt the slow burn spread across the bridge of her nose .
4598,what a disaster !
4599,"`` i wo n't tell anyone , '' noah promised her ."
4600,"`` and really , while tonight has been a little ?"
4601,"weird , i think it worked really well to save me from rudolf ."
4602,i do n't know what i would have done without you .
4603,''
4604,"wara sighed and blew her bangs out of her eye as she stood up , tottering unsteadily ."
4605,"`` hey , wait a sec ."
4606,''
4607,noah frowned at her .
4608,`` i 'm not letting you go home by yourself !
4609,"you , my dear , are totally wasted ."
4610,''
4611,"he stood up and held out his arms to steady her , just as nausea surged and the night began to spin around in circles ."
4612,"`` i 'll take you home , send the guys a text that they can sing without me ."
4613,"and do n't worry , '' he said seriously , kindly ."
4614,`` i wo n't tell anyone .
4615,"4 mocha after deciding how franco salazar would die , alejo 's team took the rest of the day off ."
4616,"alejo spent most of the time wandering the crooked lanes of the peshawar bazaar , staring at gold jewelry to die for and reams of cloth embroidered with a river of color ."
4617,"if he were gabriel and in love with a girl with amazing sapphire eyes , would he buy her that one gold necklace with wreaths of fairy-tale leaves and bottomless blue stones ?"
4618,"alejo blinked at the shop window , realizing he had no idea what he would do ."
4619,"during high school back in bolivia , the girls were more interested in his whiter , richer friends ."
4620,since then he 'd been too busy trying to save the world .
4621,"stalin found him sweltering under the sun in front of the jewelry shop , clapped him on the shoulder and steered him towards a coffee shop , one of the few modern one in this city ."
4622,"`` do n't tell me , i can already see it in your eyes , '' stalin said when they 'd taken a seat on the sleek red benches ."
4623,`` you 've been reading that book again .
4624,"and that means questions , big life and death questions ."
4625,go ahead .
4626,ask them all .
4627,"i am an expert on the document in question , after all ."
4628,''
4629,"alejo glanced behind them , checking that they were still alone here in the corner ."
4630,"a young couple sat at the opposite extreme of the coffee shop , he wearing jeans and she a short white kameez top , wide-bottom black pants , and a leopard print veil ."
4631,they both giggled at each other and sipped something fruity from glasses with paper-maiche umbrellas .
4632,"the drinks stalin had ordered for them arrived , something with a ridiculous amount of whipped cream and caramel on top ."
4633,`` does this even have coffee ?
4634,''
4635,alejo frowned at the stuff suspiciously .
4636,`` you do n't like caramel mochas ?
4637,''
4638,stalin grinned .
4639,whatever .
4640,could n't be worse than that luke-warm fermented mare 's milk he 'd choked down on assignment in uzbekistan a few years ago .
4641,"`` i do n't think i do have more questions , '' alejo narrowed his eyes at stalin ."
4642,`` and that 's the scary part .
4643,"we both know you love to be right , and i 'm giving this one to you ."
4644,your arguments convinced me : the texts are authentic .
4645,he really said it .
4646,"and if i believe that , i ca n't be muslim anymore ."
4647,''
4648,alejo felt his brow lower saying it out loud .
4649,stalin swore under his breath across the table .
4650,`` you seriously believe it ?
4651,''
4652,a bead of sweat popped out of his forehead and he slurped caramel and cream .
4653,"`` this time , i 'm not sure if i should have allowed my extreme intellect to be so convincing ."
4654,''
4655,"`` i do , '' alejo crossed his legs and leaned back ."
4656,"`` i ca n't help it , i just do ."
4657,i believe jesus is the son of god .
4658,''
4659,"`` and that means you ca n't be a muslim anymore , '' stalin conceded glumly ."
4660,`` it 's just not possible .
4661,allah has no son .
4662,"if gabriel finds out , he 's going to have a cow ."
4663,''
4664,"yeah , gabriel was really religious , more than anyone else on alejo 's team ."
4665,but the one alejo really dreaded telling was ishmael khan .
4666,"the khan loved alejo like a son , and in the pashto culture that kind of love should never be broken ."
4667,he was going to take it hard that alejo had to leave islam ?
4668,"and the prism , besides ."
4669,"`` but it 's just not right for me to stay where i am , '' alejo told stalin , `` if i 'm not a muslim ."
4670,i 'll have to tell them .
4671,''
4672,alejo felt relieved it was all decided .
4673,but stalin 's eyes had gone all buggy behind his tiny round glasses .
4674,he chewed on one chapped lip and stirred the mess of coffee and cream left in his cup with the straw .
4675,"`` alejo , i do n't think you can just tell them , '' he said worriedly ."
4676,stalin licked a film of whipped cream off his upper lip and sighed .
4677,`` do n't you remember what happened to marco ?
4678,''
4679,"marco , until a year ago , was the prism leader for colombia and venezuela ."
4680,"the poor guy was murdered in a horrible break-in , along with his sister and some young nieces ; the whole thing had been really hard for alejo and his team ."
4681,stalin was watching the memory cross alejo 's face and he nodded grimly .
4682,`` it happened right after he retired .
4683,did n't it ?
4684,"i mean , alejo , you are the best of us , always busy exercising , studying other languages ."
4685,but the lazier of us have time to sit around and listen to rumors .
4686,marco leaves the prism to take up agriculture .
4687,or pottery .
4688,"or something , i do n't know ."
4689,"then weeks later , he 's murdered , along with his entire family ."
4690,"the scary thing is , the 964 did n't seem the least bit surprised ."
4691,''
4692,the 964 was the group of incredibly wealthy people who financed the prism .
4693,and why would n't the 964 be surprised ?
4694,"because they were behind the whole thing , that 's why ."
4695,frost crept into alejo 's veins as it all came together .
4696,"the picture shoved under the door of his house in bolivia , a bunch of little kids arriving home from school in uniforms and overstuffed backpacks ."
4697,a house number clearly visible over the door .
4698,stalin had also gotten a really weird picture of his parents wearing matching lime green t-shirts at a rally for world peace .
4699,alejo had been so obsessed with salazar he 'd paid no attention to the prism funders ' reaction to marco 's death .
4700,he 'd felt the surprise at seeing that picture show up but never figured out the hint .
4701,"`` they 're telling us they know where our families are , '' he stated the obvious ."
4702,alejo 's tone turned bitter .
4703,"`` if we leave , people we care about die ."
4704,''
4705,"four o'clock came early the next morning , when the khan came to pick him up for the trip to the countryside tribal area ."
4706,"a sleek black hummer glided to a stop in front of the apartment , purring in the early morning chill ."
4707,"a man in a shalwar kameez that was cotton candy pink held the hummer 's rear door for alejo : mateen , an employee of the khan that a guy would be wise not to mess with , despite the pink clothes ."
4708,mateen nodded wordlessly at alejo and deferentially closed the hummer door behind him .
4709,the leather seats were freezing .
4710,"alejo crossed his arms across his chest and greeted two of the khan 's burly body guards , wearing the round woolen caps that were traditional pashto garb ."
4711,each held a well-cared for automatic weapon very comfortably between their knees .
4712,"`` asalaam aleikum , '' they grinned back at him over thick , unkempt beards ."
4713,"`` ishmael , '' alejo nodded at his boss , who , eerily , was impeccably dressed even at this ungodly hour of the morning ."
4714,"ishmael khan was a philanthropist , giving away a lot of his wealth to build hospitals and schools here in pakistan as well as in bolivia ."
4715,the broken hand of two-year old jamila was what ishmael khan fought for .
4716,"this was what alejo 's handler saw every time he heard about another child killed by the americans in afghanistan : the tiny , coffee-colored hand of his niece , protruding from the rubble of her home in the mountains ."
4717,"she 'd been crushed by a stray american missile back in 2008 , massacred in the same day as her five siblings ."
4718,the americans had apologized .
4719,the khan had n't accepted .
4720,"now ishmael khan was alejo 's handler in the prism , this muslim organization dedicated to fighting against injustice for allah ."
4721,"alejo was the prism leader for all of south america , excluding colombia and venezuela , where marco 's replacement now worked ."
4722,the chill from his conversation with stalin yesterday still sat in alejo 's bones .
4723,"the khan was a strict muslim , but would he really react so strongly to alejo 's moving on as stalin had implied ?"
4724,"maybe only the 964 really cared , because they were the ones who invested all the money in training alejo ."
4725,"or maybe stalin and alejo were just painting themselves scary pictures from nothing , like campfire ghost stories under the moon ."
4726,gabriel cleared his throat from the third row of seats behind alejo .
4727,the rest of alejo 's team had stayed behind in peshawar .
4728,"`` i thought we might have to drag your butt out of bed , '' he chuckled ."
4729,`` for the first time ever .
4730,you were looking pretty down yesterday .
4731,''
4732,alejo was irritated .
4733,they did n't know why he personally hated salazar so much .
4734,to them he was just another scumbag who was about to be offed .
4735,"and , except for stalin , they absolutely did n't know a thing about the decision alejo was trying to make ."
4736,"the roads outside of peshawar were cut into dry , dusty mountain faces , and incredibly sheer drop-offs framed their narrow edges ."
4737,eventually the hummer left the peaks and jolted across a stony field where the rutted tracks were barely visible in the weak light of dawn .
4738,"everywhere , mud-brick houses sprung up out of the rocky dust ; most were shattered from missiles , empty shells of the family life that must once have filled them ."
4739,"small children sometimes lined the road , staring with huge , kohl-lined eyes as the impressive hummer roared past , clouding their ragged bodies in billows of thick dust ."
4740,"sometime around noon , the armored hummer arrived at a run-down village , consisting of a cluster of houses around a stone well ."
4741,"mangy , skeletal donkeys wandered about , tethered to fraying ropes ."
4742,scrawny chickens had free range of the dusty central courtyard .
4743,a baby cried franticly from inside one of the single-room homes .
4744,"a piece of burlap hung over the small window stirred , a dark form peered out , and the baby was immediately hushed ."
4745,"somewhere in the near distance , the dull echo of a missile launcher pounded against the surrounding mountains ."
4746,"alejo started , and realized they were near the current battle zone ."
4747,"with a cool hiss , the metallic doors of the hummer unlocked and opened ."
4748,mateen took a long drink from a two-liter bottle of luke-warm coca-cola .
4749,"the pashtun guards leapt out of the car , weapons gripped tightly in their rough hands ."
4750,"`` settle down , settle down , '' the khan barked in pashto , appearing amused ."
4751,"`` there 's nothing to be afraid of right here , in this village ."
4752,it 's still ours .
4753,"our commander is in constant contact with me , by sat phone ."
4754,''
4755,ishmael patted the pocket of his gray wool jacket from a posh london shop .
4756,"`` you all stay here and guard the car , '' ishmael instructed his guards and driver ."
4757,"`` keeping a sharp eye out towards us , of course , as a precaution ."
4758,''
4759,"the khan cleared his throat , spit a wad of hashish on the ground and turned towards alejo , all smiles ."
4760,"`` and as for you , your hour has come ."
4761,did i not tell you i had a surprise for you ?
4762,"forgot to mention it , eh ?"
4763,"well , i have a little something i want to show you , and i think you will be very surprised ."
4764,pleasantly .
4765,''
4766,alejo hid his displeasure behind a passive mask .
4767,"yeah , he was surprised ."
4768,"what could be here , so near the battle zone , that the khan wanted him to see ?"
4769,there was nothing here but run-down huts .
4770,and people who needed help .
4771,"`` come on , alejo , '' the khan was saying , heading towards a larger , low-slung mud building that was on the close side of the courtyard ."
4772,alejo 's leather sandals sucked at the mud as he followed ishmael .
4773,a thin plume of smoke snaked from the chimney of the building into the slate gray of the sky .
4774,"alejo halted impatiently outside the splintered wooden door as the khan called into the building in pashto , a curt answer came back to him , and the khan motioned happily for alejo to open the door ."
4775,"features impassive , alejo pushed his way cautiously into the darkened building and found , more or less , what he had expected : a room tightly packed with mud-caked , exhausted mujahedeen , taking an early-morning snooze by the fire before heading out to fight the enemy combatants ."
4776,"most wore grimy shalwar kameezs and the traditional pashtun hats , with a ring around the bottom , bulging like a wool muffin on the top ."
4777,the men looked thin and under-fed and much too young to be here .
4778,"many had body parts wrapped up in dirt-encrusted , ratty bandages mottled with dried blood ."
4779,"around one hundred pairs of brown , battle-weary eyes stared back at alejo as his vision adjusted to the dim lighting ."
4780,"he felt the khan push past him , forcing him further inside the room ."
4781,"`` well , come see your surprise !"
4782,''
4783,"alejo was confused , but did n't let it show , only cocking an eyebrow at ishmael ."
4784,he was n't interested in radical fighters and all their petty battles over slight differences in religion or generational blood feuds .
4785,what was he doing here ?
4786,`` asalaam alaikum !
4787,''
4788,"ishmael greeted the men enthusiastically , and they , obviously knowing who he was , made an effort to sit up straighter with respect and returned the pashto greeting ."
4789,"`` this is the man i told you about , the man i told your commander i would bring to you ."
4790,''
4791,"the khan motioned widely towards alejo , as pleased as a kindergartner presenting his newest coloring page to his favorite teacher ."
4792,`` please greet our visitor .
4793,''
4794,alejo was perplexed to see grins spreading across the chapped faces of many of the men in the room .
4795,an unexplained feeling of dread crept across his chest as he watched them .
4796,and then the men opened their mouths and spoke .
4797,"5 aquamarine pakistan if gabriel shara were any happier , he might just die ."
4798,it had happened .
4799,his dream had finally come true !
4800,he .
4801,was .
4802,going to marry .
4803,ambrin !
4804,!
4805,!
4806,gabriel had never thought it would all happen so soon .
4807,"but while alejo was chatting with the mujahedeen warriors in that town with the mangy donkey , ishmael khan had pulled gabriel aside and said the best words of the century : `` gabriel my son , i 've heard you have noticed my niece ."
4808,''
4809,"it was all going to be arranged , next year when ambrin finished nursing school ."
4810,"and though marrying ambrin was about the most awesome news gabriel could imagine , the khan had n't been finished ."
4811,"there was a client , a super-important client , hiring for a super-important mission ."
4812,and the khan wanted gabriel to take the job !
4813,"`` you 're the one , gabriel shara , '' ishmael had smiled warmly outside under the blazing pakistani sun ."
4814,`` think about it and let me know .
4815,''
4816,but gabriel did n't need to think about it .
4817,"he 'd pretend to for a few days , just to negotiate the price a little ."
4818,but why should he even do that ?
4819,"this mission was a dream come true , a gigantic victory in the cause of justice ."
4820,"for goodness sakes , he should just do it for free !"
4821,gabriel 's brain was doing cartwheels by the time they stopped for a bite to eat in a one-horse town along the road back to peshawar .
4822,"absolutely everyone along the village 's single road stopped to gawk as mateen pulled the black hummer over next to a ditch of raw sewage , then ducked after the khan into the village 's only eating establishment ."
4823,"the bodyguards were talking loudly about some tv show , but alejo was lost in a world of his own , ever since they had left the tribal area ."
4824,he got like that sometimes .
4825,"gabriel had found if you just left him alone , he would come out of the funk before you knew it ."
4826,he tried to catch alejo 's eye with a smile as they entered the restaurant .
4827,"grimy aquamarine walls dominated the small eating place with their shocking color , and cheap plastic mats spread across the floor ."
4828,"several groups of men were already eating their lunch , one leg folded up to support their right arm , the other bent cross-legged on the woven mat ."
4829,"with their right hand , the pashtun men scooped up cooked spinach with torn pieces of oven-roasted naan bread ."
4830,along one wall lay a scattered pile of black plastic sandals in varying states of muddiness .
4831,"several of the men 's blackened , bare feet twitched only a few inches away from the food ."
4832,bon apetit .
4833,"before digging in , gabriel slipped his cell phone out of one pocket to check the time ."
4834,yep .
4835,time for prayers .
4836,"around twenty other men in the room began to unroll tattered prayer mats from a special corner of the restaurant , working as one man to spread them out in rows in the middle of the uneven concrete floor , facing mecca ."
4837,"the town 's mosque must have been very near by , judging by the volume of the haunting call to prayer that suddenly cut through the air over a loudspeaker ."
4838,the customers who were already here for lunch would simply pray together here .
4839,"a small spigot of water just outside the door in a concrete courtyard provided a place for the men to perform wudu , ritual washing for prayers ."
4840,gabriel waited his turn at the trickle of water and began to focus his mind on allah as he washed all the parts required by the prophet .
4841,"alejo took gabriel 's place at the faucet and began washing , quiet and morose ."
4842,"gabriel 's bare , wet feet made a sucking sound as he padded back inside across the now muddy concrete , his large , moist footprints mingling with the others to create a mosaic of darkened patches on the restaurant floor ."
4843,"frigid rivulets of water formed crystal drops like sweat down gabriel 's face , from his wet , spiky hair to his chin ."
4844,"kneeling down next to alejo , gabriel prostrated himself on his mat and began to pray to the one who , alone , could reward him with eternal life ."
4845,"he had to wait another week , but gabriel finally got some time off ."
4846,"the rest of his team had flown back to bolivia the day after that legendary trip to the tribal area , the one where gabriel 's dreams of ambrin began to come true ."
4847,"since then , gabriel had been back , training a new group of recruits in the tribal area ."
4848,"he knew how to make stuff : molotov cocktails , pretty good bombs , electronic bugs for picking up conversations ."
4849,and he was a really good sniper .
4850,"he 'd had to learn this stuff when hezbollah trained him in iran , along with alejo , benjamin , stalin , and a bunch of other guys ."
4851,"he 'd gotten a scholarship in bolivia to go to university in iran , and been recruited into the prism there ."
4852,the training had been excellent .
4853,and now gabriel was just passing it all on .
4854,"hard work , but today i get a reminder that in the end it all pays off ."
4855,literally .
4856,"sitting in the middle of one of the khan 's gilded apartments , gabriel flushed , glancing at the fat pile of cash gripped tightly in his hand ."
4857,his salary for the next few months .
4858,"gabriel , it 's not about the money !"
4859,he scolded himself .
4860,it was all about doing what allah wanted .
4861,"a knock thudded against the apartment door , and gabriel opened to find ishmael 's employee mateen ."
4862,"the huge pashtun guard was clad in a cotton candy pink shalwar kameez , but the muscles bulging under mateen 's shirt convinced gabriel that the color somehow did n't make the man look any less respectable ."
4863,`` mr.
4864,"khan sent me to tell you i will pick you up at eight for a little good-bye dinner , '' mateen announced ."
4865,"a smile twitched above mateen 's bushy black beard and he bowed deferentially , then glided back towards the silver bmw idling outside the door ."
4866,"you mean at ten , gabriel raised an eyebrow at the departing guard ."
4867,"people accused bolivians of always being tardy to everything , but really , they had no idea ."
4868,pakistanis had them beat .
4869,seeing the beard reminded gabriel of his own pathetic attempt to grow a beard in order to be a good muslim .
4870,"the few inches of reddish , peachy fuzz dusting his chin at least showed that he had made the effort to be pious ."
4871,"i will never be able to wear a pink shalwar kameez like mateen , gabriel thought ."
4872,"the door to the apartment pounded shut , and he sighed as he was left alone ."
4873,"a shiny , distorted image of himself glimmered back at him from a mirror in the golden wardrobe on the opposite wall , and gabriel scowled at his measly beard pack ."
4874,i 've got to pack .
4875,them maybe i can settle down and watch a sermon from one of the mullahs on tv .
4876,"his trusty hiker backpack was propped up next to the bed , and gabriel opened the huge gold wardrobe and pulled out a stack of folded shalwar kameezs , sweaters and jeans ."
4877,"now , on to his babies ."
4878,"first , he carefully lifted his favorite quran , inside its black leather quran case , from its position of respect on the highest table in the room and gently placed it inside the backpack ."
4879,then came the hard shelled black case from under the bed .
4880,"gabriel fondly clicked the case open , revealing the smooth , honey wood of his violin ."
4881,"this guy had been with him since his parents had given it to him for his sixteenth birthday , and the violin always came with gabriel to anywhere he went that was important ."
4882,he carefully placed the small case inside his backpack .
4883,there .
4884,"now that the violin is here , wherever we go i 'll be home ."
4885,that left the money .
4886,"he understood the reasons , but sometimes really wished his boss did n't have to pay him in cash ."
4887,"debit cards existed for a reason , did n't they ?"
4888,"gabriel decided to deposit all this cash in the bank , one of the many banks close to the apartment where he had an account ."
4889,he pulled a fraying gray sweater over his long shalwar kameez and headed to the bank .
4890,"thirty minutes later , having disposed of the cash , gabriel strolled lazily down one of peshawar 's main thoroughfares under a thick haze of ochre smog and pollution ."
4891,"bordering the sidewalk , heavy buses painted like kaleidoscopes rumbled by next to wooden donkey carts ."
4892,a chorus of a thousand horns blared .
4893,"two female shapes , heavily-shrouded in black veils that fell to the ground , glided in front of gabriel and began to weave their way across the street ."
4894,"though modestly covered , the girls ' huge dark eyes were exposed and gabriel could tell they must be young , maybe about his age ."
4895,"then he realized what he was thinking , and his face began a slow burn ."
4896,he was ashamed for even noticing them .
4897,"oh allah , help me !"
4898,"here i 've been offered this great mission , and i 'm so unworthy ."
4899,you 've got to make me pure and clean .
4900,please !
4901,"still praying , he ducked past a street vendor and a sizzling vat of curry into a winding alleyway , already shadowy in the approaching night ."
4902,a crunching sensation of angst in his belly came at the same moment as gabriel 's eyes told him he had erred and let his mind wander away from his surroundings .
4903,"he barely registered the shadowy shapes of three men who had suddenly surged from behind into his peripheral vision , then came the flash of adrenaline ."
4904,the force of their bodies propelled gabriel face first against the coarse concrete wall .
4905,"feeling true panic , gabriel swore in spanish ."
4906,"two of the men gripped his arms tightly behind his back , while the third tore off gabriel 's cap , threw it on the ground , and grabbed his hair so that he could not turn his face toward either side ."
4907,`` what are you doing ?
4908,''
4909,gabriel gasped in pashto .
4910,maybe they had mistaken him for someone else .
4911,"with his light skin , he did look a lot like an afghani ."
4912,`` shut up !
4913,"if you look at us , you 'll die !"
4914,''
4915,yelled one of the men in a voice that sounded like a traffic accident .
4916,"they yanked gabriel 's head back by the hair , exposing his neck and scraping his nose and chin painfully across the pock-marked wall ."
4917,and then he felt the prick of a very wicked knife pressed against his throat .
4918,`` i-i 'm not looking !
4919,''
4920,"gabriel stammered , hating himself for not being able to control the tremor ."
4921,if i were alejo i would fight these guys ?
4922,something hot and tangy oozed off gabriel 's bloodied lip onto his tongue .
4923,the taste of his own blood made him want to gag .
4924,`` give us all the money you got from the bank .
4925,''
4926,"the demand came from one of the men , shadowy in the darkness of the back alley-way ."
4927,"`` or we 'll cut your throat , dirty afghan ."
4928,''
4929,gabriel swallowed hard and took a steadying breath .
4930,`` of course .
4931,i have the money right here in my pocket .
4932,the left one .
4933,"all my money is there , in my wallet ."
4934,''
4935,"a hand thrust violently into the left pocket of gabriel 's long kameez , causing him to totter and the knife at his neck to bite into his flesh ."
4936,"gabriel gasped and told the men , `` but i did n't get any money at the bank ."
4937,i went there to deposit .
4938,''
4939,`` you filthy liar !
4940,''
4941,"one of them yelled , twisting gabriel 's arm so hard behind his back that his eyes watered from the pain ."
4942,`` we saw you go into the bank .
4943,"if you 're hiding the money , we 'll slaughter you like a pig ."
4944,''
4945,they had followed him from the bank !
4946,how had he not noticed ?
4947,"you 've been a fool , gabriel ."
4948,a fool .
4949,how could you get so lost in your thoughts ?
4950,`` but ?
4951,look in my wallet .
4952,you 'll see .
4953,''
4954,"gabriel swallowed hard , felt his adam 's apple rub raw across the concrete wall ."
4955,`` there 's the deposit receipt there .
4956,you can see that i left a deposit there in the bank .
4957,all the money i have now is there in my wallet .
4958,''
4959,"sweat ran down gabriel 's face , along with the blood ."
4960,"he knew that there were only around two hundred rupees in his wallet , a paltry sum , enough to buy some potato chips and a coke ."
4961,"thank god he had nothing in his wallet to identify him as a westerner , as usual ."
4962,"there was only his afghan identity card , thanks to the khans ."
4963,"a snarl and several pashto curses told gabriel that , indeed , the thieves were not pleased with the pittance in his wallet or the rumpled slip that told them twenty thousand euros had been deposited before their victim left the bank and they began to follow him ."
4964,the man holding the blade at gabriel 's throat swore violently in his ear .
4965,`` hold him !
4966,''
4967,rough hands dug into his upper arms .
4968,"someone else pulled on his hair , forcing gabriel 's face towards the sky ."
4969,the knife slashed his throat like the sting of a thousand wasps and his eyes rolled back into his head .
4970,"everything hazed over midnight , and the world was black before gabriel shara even crumpled at the thieves ' feet next to the graffiti-covered wall ."
4971,"it was terribly strange to be aware that the world was passing by around you , but yet to feel yourself immobile as a stone , limbs heavy as petrified wood ."
4972,"drifting in and out of awareness , gabriel finally reached a point of realizing that he could move his lips and try to speak , and what he tried to say was , `` help ."
4973,''
4974,"he was in a dirty room filled with ivs , a few cots , and a chess board on a little table , pieces paused mid-game ."
4975,"the ivs mean doctors , a hospital ."
4976,what 's with the chess game ?
4977,i 'm not dead .
4978,gabriel felt his heart beat slow and cold .
4979,this could n't possibly be some kind of freaky afterlife filled with rusting metal cots and eternal games of chess ?
4980,am i dead ?
4981,"gabriel attempted to roll over to one side , morbid curiosity winning out over sluggishness ."
4982,"something stabbed through his neck and chest with the movement , and he yelled , suddenly remembering the alley and the thieves and the knife slitting his throat ."
4983,"and then he saw alejo , materializing in this strange room , followed by a short little doctor in a dirty lab coat ."
4984,"`` take it easy , gabo , '' alejo said hoarsely ."
4985,`` do n't move .
4986,you 're safe now .
4987,''
4988,"gabriel forced himself to relax back into the pillow , weak with relief at the sight of his friend ."
4989,was alejo looking about to cry ?
4990,over him ?
4991,"`` they had to sew you up pretty quickly , '' alejo said , then cleared his throat ."
4992,`` someone found you .
4993,in the alley .
4994,they did n't cut your windpipe .
4995,do you remember what happened ?
4996,''
4997,"if he held really still , the pain of talking was manageable ."
4998,`` yes .
4999,they wanted ?
5000,money .
5001,''
5002,the doctor had moved to the side of the bed and was checking stitches on gabriel 's neck .
5003,stitches he really did n't even want to imagine .
5004,"`` you must realize , my friend , how lucky you are , '' the short doctor clucked at gabriel ."
5005,`` it is truly a miracle you are still here .
5006,"and you have such a good friend , this man who flew here all the way from the americas when he heard what happened ."
5007,''
5008,alejo was crying .
5009,"he was trying to pretend it was just a piece of dust he had to scrub from one eye , but the ruse was n't working very well ."
5010,gabriel felt his face spread into a grin .
5011,"a very sad-looking , lopsided grin , but a happy one nonetheless ."
5012,"`` allah has chosen you , my friend , '' the doctor patted gabriel on the shoulder ."
5013,`` you must never forget it .
5014,your life belongs to him now .
5015,''
5016,"that was supposed to be comforting , was n't it ?"
5017,but gabriel felt the smile drain from his lips .
5018,what if he messed up ?
5019,allah had saved him by a miracle .
5020,and gabriel knew how it worked .
5021,now he had to pay allah back .
5022,"6 emerald coroico , bolivia wara shifted positions against the worn gray upholstery of the minibus , managing to win an extra half-inch or so for her left leg ."
5023,"she hooked one dusty converse tennis shoe through the straps of her purple backpack , a habit she had developed to be able to drift off to sleep while traveling without the possibility of someone sneaking off with her bag ."
5024,"nazaret was fast asleep next to her , blond curls plastered to wara 's shoulder ."
5025,"on wara 's other side , through the window , soaring peaks of emerald contrasted with sheer drop-offs , mere inches from the edge of the dirt-caked road ."
5026,"nazaret and wara were on their way to coroico , sleepy tropical tourist town in the mountains , for a four-day weekend vacation ."
5027,"this was the first time pastor martir had let his daughter go away for so long , even though nazaret was the same age as wara , twenty-seven ."
5028,"latino fathers tended to be extra-protective of their daughters , more so than american dads ."
5029,"the bennesons from wara 's mission had let her take some time off from helping at the aids center , and her literacy classes for quechua women were only twice a week anyway ."
5030,"as the distance between wara and cochabamba grew , she allowed herself to think of that disastrous night she 'd been trying to forget for the past month : the electric blue glow of caf paris , several drinks too many , kissing noah next to the bar ."
5031,"even now , wara felt her cheeks flame at the memory of that really ill-advised kiss ."
5032,"in the plaza outside the caf that night , while still feeling the effects of the alcohol , wara had felt crushed with the realization that noah would never be able to love her ."
5033,a dilemma that never would have bothered her before .
5034,"but since sobering up , wara found that her feelings of dismay over the situation with noah had n't changed ."
5035,"of course , she felt ridiculous for having embarrassed herself in front of him ."
5036,but it was more than that .
5037,that night she had seen how noah still looked at her with kindness after that stupid moment in the bar .
5038,"she knew , now , that she really did love him ."
5039,at least it felt that way .
5040,"wara closed her eyes against the smooth glass , heart sinking all the way down to her toes ."
5041,but he could never love me .
5042,"a jolt from underneath the minibus began at the flimsy metal seat and rode up wara 's spine , rattling her cheek against the glass ."
5043,"she opened her eyes and felt the bus brake solidly , pebbles exploding along the pavement ."
5044,the rear end of the vehicle fishtailed towards the sheer cliff at the edge of the road .
5045,"soft shrieks and muted curses rose from the other bus passengers , and wara 's heart flew to her throat as nazaret jerked wide awake ."
5046,a skidding bus anywhere near the edge of this mountain road was ample cause for alarm .
5047,"the road that led down from la paz to coroico was no ordinary road ; it was booked in most tour guides as the road of death , the most dangerous road in the world ."
5048,"cut at unbelievable angles into the emerald heart of the andes , the road boasted drop-offs of 1800 feet at some points ."
5049,"nazaret gasped loudly at wara 's side , clutching her little rolling suitcase covered in pink poodles and eiffel towers ."
5050,"then the minibus drew to a halt , engulfed in a fine mist of pewter-colored dirt ."
5051,"they were still on the road , but wara 's knees were shaking ."
5052,"five seconds later , the dust glided away , leaving the bus passengers a view of metal debris and a gutted , blown-out tire splayed over the pavement ."
5053,`` a bus went over the mountain !
5054,''
5055,a man called from a few rows back .
5056,wara took a deep breath and knit her shaking fingers together in her lap .
5057,"a plump quechua woman on the other side of nazaret answered loudly , `` it 's the accident from two days ago ."
5058,the one from the news .
5059,''
5060,"old accident or not , the bus passengers were curious ."
5061,"the door of the minivan slid open with a hollow whine and everyone spilled out , cautiously tiptoeing over to the cliff ."
5062,a humid breeze whipped at their hair from across the ravine and the sunshine seared their shoulders .
5063,"`` the road of death , living up to its name , '' a woman muttered ."
5064,"a chorus of gasps rose upon viewing what was once a large , sleek tour bus , belly up in a tangle of trees a thousand feet below ."
5065,"horrified , wara could make out the tiny stick forms of what appeared to be bodies sprawled on the way down to the crash ."
5066,"`` good heavens , '' an elderly man stammered ."
5067,`` they 're just going to leave them here ?
5068,''
5069,"`` the rescue teams have been working since the accident , '' replied a skinny kid in a hoodie ."
5070,"`` they find the survivors first , then bring up the bodies ."
5071,they 'll probably be back tomorrow .
5072,it 's getting late .
5073,''
5074,"as wara stared wide-eyed down the precipice , the magnitude of rappelling down that sheer cliff to attempt a rescue effort hit her ."
5075,"her head spun and she backed away , hurrying to the minibus where the driver was ordering them all to return ."
5076,"nazaret never made it back to sleep during the remaining hour ride to coroico , and wara did her best to focus on the primitive beauty of the living mountains and not the valley below ."
5077,"the first tinges of dusk were just beginning to paint the expanse over the mountains when coroico came into view , all coral-tiled roofs jutting out over an emerald mass of vegetation , like a man riding a foaming wave into the thin air over a precipice that dropped into the valley below ."
5078,"the bus followed winding roads and soon arrived at coroico 's main plaza , a square affair surrounded by touristy restaurants and tour guide offices ."
5079,the rubber wheels of nazaret 's suitcase bounced over cobblestones as she and wara walked towards their hotel .
5080,"the hotel bella vista was four blocks from the plaza , and wara sagged with relief as she entered its cream-colored hall and spotless wood parquet floor ."
5081,"a beautiful brick fountain gurgled in the atrium , splashing water across smooth pebbles ."
5082,"`` it 's good to be back , '' she muttered , heading towards the room she always reserved at the back of the hotel ."
5083,"it was really good to be anywhere , after seeing the fate of that bus down in the valley ."
5084,"inside the room she and nazaret had reserved , a giant plate-glass window was framed by crimson and gold curtains ."
5085,"though the sun had sunk a little more behind the mountains , the amazing spread of the valley below was still visible in muted tones , proving why this hotel was called the beautiful view ."
5086,"beyond the crimson curtains , tangled tropical life stretched out far below them as far as the eye could see , blanketing the soaring mountains in emerald array ."
5087,"a winding river cut through the middle of the valley , and wet salmon-colored clouds clung to the tops of the mountains that were still lower than the town of coroico ."
5088,"wara and nazaret fell asleep right after dinner from a tiny pizza restaurant , and did n't move again til morning ."
5089,"she and nazaret spent the next day exploring the tiny tourist town : horseback riding over the emerald mountains , lunch at the little german caf , then a walk over towards casa bonita for homemade organic ice cream ."
5090,crashing for a while in coroico 's main plaza under the stars seemed to be the perfect ending .
5091,wara and nazaret collapsed on a bench and stretched their legs out next to a tinkling stone fountain .
5092,"groups of fair-skinned tourists , wearing khaki shorts with hiking sandals and socks , sat around the plaza laughing too loudly and munching pringles and snickers bars that the local stores kept on hand for the healthy flow of foreigners brought to their town by the adventure tourism industry ."
5093,"a young bolivian couple strolled by with their son and a pair of mickey mouse balloons , munching hamburgers wrapped in plastic sacks ."
5094,"and near the tinkling fountain , a group of women in dark islamic robes stood quietly , passing out pieces of paper to anyone interested ."
5095,"`` looks like islam is growing here , too ."
5096,''
5097,"nazaret had also noticed the muslim girls , trying to share their faith here in coroico with people passing by ."
5098,`` not just in the big cities .
5099,"next year they finish that huge mosque in cochabamba , you know ."
5100,''
5101,"wara did know that ; during the last decade , bolivia and iran had become close friends ."
5102,"with more muslims coming to bolivia for business or study , some bolivians were converting to islam ."
5103,and the iranians had built many hospitals and schools in needy parts of the country .
5104,there was probably one here outside of coroico .
5105,`` boo !
5106,''
5107,"wara nearly jumped out of her skin as two rough hands covered her eyes , blinding her ."
5108,she panicked and tried to lean forward but could n't break away .
5109,she felt a body come over the back of her bench into the space between her and nazaret as the hands disappeared .
5110,"annoyed , wara realized that the bony shoulder pressing into hers belonged to tobin , the wiry , blond australian friend of noah 's ."
5111,`` tobin !
5112,''
5113,wara scolded .
5114,`` what ?
5115,?
5116,you really freaked me out !
5117,''
5118,"she paused , frowning , wondering what tobin was doing here ."
5119,"wara leaned around tobin and saw that eduardo sejas , the good-looking bolivian who sang with noah at the cafe , was sitting on the edge of the bench next to nazaret , wearing cargo pants , a dirty t-shirt , and a heavy-duty backpack ."
5120,"nazaret 's lips were turned up into a smile , and wara followed her gaze to see tobias , the other australian , and noah ."
5121,"standing in front of her bench , smiling down at her ."
5122,wara gulped .
5123,and paled .
5124,what were they doing here ?
5125,"`` aww , we 're sorry we scared you guys !"
5126,''
5127,a quick glance over at eduardo showed white teeth flashing against his tan jaw .
5128,`` we did n't know it would freak you out .
5129,''
5130,he paused and waved his hand as if to erase the past .
5131,"`` so , hello !"
5132,nice to see you !
5133,''
5134,"tobin kissed a still-frozen wara on the cheek , and the other guys leaned in to give greetings ."
5135,"noah was wearing khaki shorts with leather hiking sandals , and his tanned legs were covered in powdery dirt ."
5136,a t-shirt with cut-off sleeves left the tattoo of blue celtic symbols around his upper arm clearly visible .
5137,"wara dared to meet his eyes and saw no sign that he was thinking of the last time they 'd hung out , in caf paris ."
5138,"noah leaned forward to give her a bolivian cheek-smooch , and wara felt her face go hot ."
5139,`` what are you guys doing here ?
5140,''
5141,she asked much too sharply .
5142,how could we have ended up coming to the same place for weekends away ?
5143,i never heard noah or any of the guys talking about this !
5144,"well , she had also been avoiding him ."
5145,"`` well , '' tobin said cheerfully in his lovely accent , `` we 've been planning this for quite a while , right guys ?"
5146,"today and tomorrow we are doing 'adventure tourism ' here around coroico , and then monday we are heading out for the hike to the cotapata nature reserve ."
5147,"what is it , eduardo , a 24-hour hike ?"
5148,''
5149,"eduardo confirmed , and noah sat down on the concrete edge of the fountain , stretching out his legs ."
5150,"`` awesome surprise to find you guys here , too , '' noah smiled at wara and nazaret ."
5151,wara swallowed hard .
5152,"`` yeah , i ?"
5153,ca n't believe it .
5154,''
5155,"the surprise of having him show up here in the plaza in coroico , just like that , had still not worn off ."
5156,she had to think of something normal to say .
5157,`` i remember ?
5158,"last week your parents were supposed to come , right ?"
5159,''
5160,"the last time wara ran into noah at the martirs , he had mentioned his parents were going to come to bolivia ."
5161,his parents were wealthy and did not believe in god .
5162,they were really not happy their son had decided to study social work and come to one of the poorest countries in the western hemisphere .
5163,hurt glinted in noah 's eyes when he told her they were thinking of stopping by cochabamba .
5164,briefly .
5165,on their way to a beach resort in brazil .
5166,"now , noah set his jaw and looked away ."
5167,`` nope .
5168,they did n't come .
5169,decided they just could n't do it .
5170,hotels here are n't up to their sky high standards .
5171,''
5172,noah quickly changed the subject .
5173,`` we 're going to rent a jeep to drive us down to the waterfalls tomorrow .
5174,you guys want to come with us ?
5175,''
5176,but wara 's heart was going crazy .
5177,"noah should despise her after how she 'd acted the other day , but he was still smiling ."
5178,and so ?
5179,nice to her .
5180,"could it really just be a coincidence that she and noah had both showed up here , at the same place , at the same time ?"
5181,she did n't think so .
5182,maybe there was a chance noah could love her .
5183,because maybe god was behind this .
5184,the idea nearly made her cry .
5185,"she knew nazaret would n't be thrilled about hanging out with the guys all day tomorrow ; noah was already like a brother to her , always over at the martirs ' wrestling with her little siblings or mowing the lawn ."
5186,and wara did n't think she was ready to hang out with noah yet .
5187,she needed time to think about this .
5188,to squash the hope that right now was blooming to life .
5189,`` uh ?
5190,thanks .
5191,"but we should just let you guys have guy time , '' wara said ."
5192,"`` yeah , tomorrow wara and i were going to spend some time alone , '' nazaret grinned at them ."
5193,`` set our priorities straight .
5194,mediate .
5195,all that .
5196,''
5197,"`` suit yourselves , '' tobias waved them away , pretending to be offended ."
5198,`` your loss .
5199,you miss seeing us without our t-shirts in the waterfall .
5200,''
5201,"tobin , ever the clown ."
5202,wara could barely compose herself enough to cheek-smooch all the guys goodbye and make it back to the hotel .
5203,there must be some reason god was doing this .
5204,and it had to be something good ?
5205,right ?
5206,7 white plaster alejo shut the metal door of the orange three-story house he shared with gabriel and benjamin and stepped out onto the lazy peaceful street only a thursday morning in coroico could deliver .
5207,and only in coroico could one have a view such as alejo and the guys had every time they stepped out their front door .
5208,"their front steps lowered to a street with a steep downward slope , rushing down the mountain and leaving a breath-taking view of jade mountains peaks and scarlet flowering trees in the distance ."
5209,"their street was just a narrow lane of stone stairs , really , used only for foot traffic ."
5210,"a corridor of tangerine and violet flowers grew wild in the dirt , forming a living rainbow along the center of the staircase ."
5211,"gabriel sat on the second step from the top , elbows propped on his knees , staring at the clouds misting up over the trees in the distance ."
5212,"he wore a turtleneck , as he had every day since the attack in pakistan a month ago ."
5213,"his pale green eyes reflected the weak rays of the early morning sun , glazed , vacant , and bleak ."
5214,alejo sighed and covered the few steps to slide down onto the cool concrete step next to him .
5215,"`` 'morning , '' alejo croaked , then cleared his throat ."
5216,`` i think we 're late to breakfast .
5217,''
5218,"gabriel half-turned towards him and parted his lips , tried to think of something to say , then gave up ."
5219,his gaze went back to the mist in the distance .
5220,`` you sure you want to come along this weekend ?
5221,''
5222,alejo pressed his lips together .
5223,"`` you can take more time off , you know ."
5224,''
5225,"after alejo got the call from ishmael in peshawar , the twenty hour trip from here to gabriel had seemed to take forever ."
5226,"gabriel had recovered well since that day , but the playfulness seemed to be gone from his eyes ."
5227,most of his free time was spent praying or playing really melancholy music on the violin his parents gave him .
5228,"`` i know , '' gabriel nodded ."
5229,he swatted at a mosquito that was whining its way around his ear .
5230,"`` i rested a lot last week though , at mom 's house ."
5231,she about had a heart attack when you called her and told her about the skiing accident in france .
5232,stupid person who installed barbed wire on the slopes .
5233,''
5234,his mouth twitched and some of the old sparkle glowed in gabriel 's eyes .
5235,"`` i mean , what a freak accident , right ?"
5236,running into wire at neck level while skiing ?
5237,''
5238,now even alejo almost laughed .
5239,that 's where gabriel 's family thought he went when he disappeared with his friends for weeks at time : skiing in france .
5240,it felt good to smile .
5241,"gabriel seemed happy thinking about his mom , and the week at her house had fattened him up a bit ."
5242,"`` it 's just , i feel weird , you know , '' gabriel sighed , still batting at the stupid mosquito ."
5243,`` like i should n't be here .
5244,"i mean , i see how pretty everything is here in coroico , and i am so happy to be alive ."
5245,but i should be dead .
5246,''
5247,one of his hands drifted to his throat and gabriel 's adam 's apple bobbed .
5248,"`` god gave me back my life , but now i feel that my life has to totally belong to him , you know ?"
5249,and what if i do n't do what he wants ?
5250,what if i mess up ?
5251,''
5252,"gabriel paused , and wrinkled his nose ."
5253,`` does that make any sense ?
5254,''
5255,"`` god would n't save your life just so you can feel all tortured about it , '' alejo frowned ."
5256,"`` he saved you because he loves you , not so you can be his slave the rest of your life ."
5257,''
5258,"gabriel looked at alejo , one sandy eyebrow raised ."
5259,"`` yeah , but imagine how ticked off he 'll be if after he saved my measly little life i sit around living for myself instead of doing everything i can to serve him ."
5260,''
5261,`` did ishmael talk to you about all this ?
5262,''
5263,"alejo asked , suddenly feeling cold as he remembered the trip with the khan to the tribal area ."
5264,"`` he 's not trying to tell you to go spend the rest of your redeemed life as a taliban fighter or something , right ?"
5265,''
5266,`` no !
5267,''
5268,"gabriel actually smiled now and stood up , dusting off his sweat pants ."
5269,"`` can you see me with all those tough guys , wearing a turban ?"
5270,i ca n't even grow a beard !
5271,''
5272,alejo had to laugh at the image of gabriel wielding an ak-47 and smoking opium in the middle of the desert .
5273,`` who knows ?
5274,''
5275,"gabriel put his hands on both hips , and stretched a little , leaning to one side ."
5276,`` whatever allah has for me might even be good .
5277,''
5278,`` and it might even include ambrin .
5279,''
5280,"gabriel scoffed , but seemed quite pleased by the thought ."
5281,"`` let 's go over to the caf , '' he grinned ."
5282,`` i 'm starving .
5283,''
5284,"gabriel and alejo joined the rest of the team in the caf attached to the side of the modest kory tours office , which at present was sealed shut by a padlocked , roll-down metal door until office hours began ."
5285,"the tour agency was their cover here in coroico , keeping them all employed in the eyes of this lazy tropical town ."
5286,benjamin also worked as a doctor in a little clinic sponsored by the government of iran .
5287,"stalin spent his mornings at the local elementary school , teaching , of all things , morality and ethics class ."
5288,"the two of them now sat at one of the caf 's small tables , leisurely spreading jam and margarine onto fresh bread from the corner store ."
5289,"lzaro hummed behind the counter in the food prep space , sporting a white apron and pouring steaming organic espresso from coroico into glazed ceramic mugs ."
5290,"`` hey , good morning !"
5291,''
5292,lzaro called cheerfully .
5293,he kicked the mini refrigerator door closed after replacing the milk .
5294,`` come on and have breakfast !
5295,"fresh marraqueta bread , and i 'm letting you all have some of my brownies ."
5296,''
5297,alejo grinned and he and gabriel scraped some chairs over to the tiny table with the others .
5298,"lzaro had learned to make awesome brownies and cheesecake from his mom back in puerto rico , and his desserts made the caf really popular with tourists ."
5299,"`` sure , i think i could choke down one of your brownies today ."
5300,''
5301,gabriel casually nodded his thanks as lzaro plopped down a mug of strong creamy coffee in front of him .
5302,`` or two .
5303,"depends on how much i think you need to have your self-esteem improved today by me eating your food so you wo n't , you know , think it 's gross or anything ."
5304,oww !
5305,''
5306,a stale circle of bread flew through the air from where lzaro had returned behind the counter and thumped gabriel in the side of the head .
5307,gabriel rubbed his head in mock pain as alejo jerked crossly towards lzaro .
5308,`` hey !
5309,"he 's got to be careful , you know ."
5310,''
5311,"alejo knew that the worst of gabriel 's injury was healed , but he still felt protective , maybe guilty that something so awful had happened to a member of his team and he had n't been able to stop it ."
5312,"`` so , '' stalin mumbled around a large mouthful of bread smothered in jelly , `` we 're gon na meet our clients half way up the trail , right ?"
5313,''
5314,alejo made a face at the sight of crumbs spewing across the table .
5315,"`` yeah , all eight of the paraguayans are going to meet us up there ."
5316,''
5317,"they would meet on the trail up to uchumachi , the mountain top where kory tours led the wilderness survival tours that were completely booked every other week by prism trainees ."
5318,everyone down here in coroico thought the kory tour guys were up there teaching survival skills to tourists from all over south america .
5319,"uchumachi was isolated , perfect for alejo and his team to train others ."
5320,"this weekend would be extra busy , because there would be a special guest : ishmael khan , all the way from pakistan ."
5321,"it had been a year since the khan had attended one of their trainings , but he claimed that it was long overdue , that he had missed bolivia and missed them all ."
5322,"alejo suspected that he mainly wanted to check on gabriel , his `` nephew '' , who had given him quite a scare ."
5323,"as the junior member of the leadership team , lzaro was staying behind to man the caf and kory tours ."
5324,"lzaro did n't mind terribly much , well aware that the gringa girls who came to the caf for organic coffee thought he looked hot in the irish tweed hat he always wore and that white apron ."
5325,"the caf would n't have any business without his brownies , anyway , so it was a logical choice ."
5326,"`` so , we 'll be back on monday afternoon , then ."
5327,''
5328,"alejo clasped hands briefly with lzaro , and swung one of the streamlined north face backpacks full of supplies they had prepared last night onto his back ."
5329,`` tuesday we 'll start getting everything ready for the crusade .
5330,''
5331,"alejo and his team had already picked the spot for the operation against salazar , a greasy sandwich kiosk in cochabamba 's market where the man met his old college buddy every second friday of the month ."
5332,the street was packed and hemmed in by tall buildings .
5333,no one would ever know where the sniper 's bullet had come from .
5334,"`` call me with any news , '' alejo instructed half-way out the door , then turned back to snatch another brownie off the table ."
5335,`` thanks for breakfast .
5336,''
5337,`` anytime !
5338,''
5339,"lzaro called , tipping the brim of his hat to them all ."
5340,"as they left , alejo could have sworn he saw lzaro checking his reflection in the bamboo-framed mirror along the wall , flicking off stray bread crumbs with a satisfied smile ."
5341,it was 8:30 in the morning on sunday when alejo 's sat phone buzzed with a call .
5342,the group had just finished a discussion called `` ethical questions related to justice '' and were now lounging around debating and munching granola bars for breakfast .
5343,"he pulled the phone out of the leg pocket of his pants , glancing at the screen for id ."
5344,`` lzaro .
5345,''
5346,alejo wandered from the clearing and entered the relative coolness of the forest at the top of the uchumachi mountain .
5347,"a thick cloud of mist still hung over the tops of the tangled foliage , not yet burned away by the mid-morning tropical sun ."
5348,`` alejo .
5349,i 've got news .
5350,''
5351,lzaro 's voice twitched with excitement .
5352,`` the speaker for the crusade we 've been planning ?
5353,.he 's down here .
5354,i saw him .
5355,''
5356,"alejo blinked , suddenly at a loss for words ."
5357,"`` uh , he 's there ?"
5358,in coroico ?
5359,''
5360,was n't that what lzaro had just said ?
5361,`` do you know why ?
5362,''
5363,"`` yeah , you 're going to love this ."
5364,it appears the guy is some kind of amateur sculptor and he entered that contest here in coroico this weekend .
5365,"i saw the guy walk by on the sidewalk this morning , when i was setting up the caf ."
5366,"he 's with five staff members , and i followed them over to henrich 's for breakfast ."
5367,"i got a table close to theirs out on the porch and heard , like , everything they said ."
5368,''
5369,"a long , long pause ."
5370,"`` he 's going to thailand again , '' lzaro said ."
5371,"`` after her leaves coroico , the day after tomorrow ."
5372,''
5373,"alejo clenched his teeth , hard ."
5374,"`` ok , i 'm not sure you really want to hear the rest , '' lzaro rambled on , `` but you 're going to anyway ."
5375,''
5376,gabriel appeared next to alejo and alejo punched the sat phone 's speaker button since they were away from the others and a thousand feet above coroico .
5377,lzaro 's voice blared distorted out of the phone 's miniature speakers .
5378,"`` after they finished breakfast , i took a little stroll through the plaza to check out the sculpture exhibition , which i had not done since i 've been so darn busy at work this weekend ."
5379,"i found , unfortunately , the statue that s ?"
5380,that the speaker entered in the exhibition and i am just sad that i 'm the one who had to see it and be here describing it to you .
5381,''
5382,`` i need to get back to the group .
5383,can you hurry this up ?
5384,''
5385,"`` i 'm getting there , '' lzaro insisted crossly ."
5386,`` so the guy made this humongous statue out of white plaster or something .
5387,i think it 's supposed to be himself as some great benefactor .
5388,"he 's got himself sitting on a chair , and then around him are four little boys on the ground , looking at him ."
5389,"there 's an older boy , like maybe twelve , sitting on the guy 's lap ."
5390,"there 's a lot of detail in this thing , so i go closer and see that all the kids have either a little notebook or backpack with their name engraved on it ."
5391,"like i said , wish you were here ."
5392,''
5393,alejo rubbed his temple and spoke before allowing himself to think .
5394,`` did any of them say ruben ?
5395,''
5396,"there was a long pause , and then lzaro said , cautiously , `` now that 's freaky ."
5397,how did you know ?
5398,that 's the kid on the guy 's lap .
5399,''
5400,"alejo 's head reeled but he managed to focus , fingers digging into the phone ."
5401,"rage filled him , and he let it , anything to keep away the tears he really did n't want gabriel seeing ."
5402,"gabriel leaned against a fat banana plant , visually disturbed ."
5403,"`` what are you going to do , che ?"
5404,''
5405,`` i 'll call you back .
5406,''
5407,alejo flipped the phone shut and jammed it into his pocket .
5408,"he and gabriel stared at each other for a moment , and then alejo whirled around and began to pace ."
5409,fallen eucalyptus leaves perfumed the air as his sandals crushed them into the ground .
5410,"`` we have to move the crusade up , '' he told gabriel , still pacing ."
5411,`` i agree .
5412,we have to do it before the trip to thailand .
5413,''
5414,"alejo slammed a fist into the trunk of the banana plant , swearing loudly ."
5415,ruben !
5416,"to think that after all this time , salazar still remembered , was still gloating ."
5417,and why should n't he ?
5418,"no one cared , no one was going to make him pay ."
5419,where was justice ?
5420,"apparently , hiding her eyes ."
5421,"no , god is justice , and his eyes are always on the earth , to reward the righteous and punish the wicked ."
5422,"and right now , i 'm his hands ."
5423,god help me if i just sit here and watch without doing something .
5424,gabriel was trying to calm him down .
5425,"`` listen , che , i 've got all the equipment we need at boris ' house ."
5426,i can hike into town and find a new spot .
5427,i do n't need a lot of time to do calculations .
5428,''
5429,"alejo narrowed his eyes at gabriel , feeling possessed ."
5430,"he tried to concentrate , running through the same arguments he had had with himself on too many occasions ."
5431,are you really thinking of killing the guy ?
5432,murder is a sin .
5433,yeah ?
5434,but so is allowing the innocent to be hurt or killed .
5435,are there other options ?
5436,let the national authorities punish him according to the law ...
5437,that really had n't gone so well in the past .
5438,salazar and anyone with the power to do anything were constantly scratching each others ' backs .
5439,"a total indifference to his activities had only made salazar more bold in breaking the law , knowing no one would care ."
5440,`` no .
5441,''
5442,alejo stopped in his tracks and held up one hand .
5443,`` in cochabamba the sniper could easily get away .
5444,it ca n't work here in coroico .
5445,''
5446,gabriel seemed crushed .
5447,"`` coroico is too small , '' alejo continued , `` too nosy ."
5448,"everyone sees everything , and the population here is too small for us to avoid suspicion in the investigation ."
5449,but i have an idea .
5450,tell me honestly if you can do this .
5451,''
5452,"he explained his idea to gabriel , whose lips twitched into a smile , then broadened into a genuine grin as he received the challenge to put his considerable talents into action-now ."
5453,gabriel let out a low whistle and looked at alejo .
5454,"`` sounds great , but there 's always the possibility of more people being onsite besides just the speaker ."
5455,"the staff , for sure , would be collateral ."
5456,''
5457,"`` of course , '' alejo said ."
5458,`` let them be collateral .
5459,"they know , i 'm sure of it ."
5460,they 're with him almost 24/7 .
5461,''
5462,"`` oh , this is going to be fun !"
5463,''
5464,"gabriel 's eyes were shining again , and he pounded alejo on the shoulder before turning back towards the clearing ."
5465,`` i 'll get some stuff from boris ' place .
5466,"then , i 'm going to mail a package ."
5467,''
5468,"gabriel marched happily back towards the khan and the other guys , probably to share the good news that they would get to be part of the operation as a bonus to the weekend ."
5469,alejo slowly slid down against the trunk of the sleek banana plant and buried his face into his arms .
5470,"8 scarlet this would never , ever happen back in ohio ."
5471,"noah stood on the edge of a jagged black boulder , wet from bare feet to shoulder with icy spray from a nearby sixty-foot waterfall ."
5472,"two sapphire butterflies slowly flapped their powdery wings as they rested on noah 's right bicep , inhaling droplets of water from his exposed skin with their thin black tube mouths ."
5473,"a dozen more butterflies soared through the spray near him , dodging clouds of crystalline mist tossed off the roaring waterfall ."
5474,"they formed a living rainbow of jade , coral , buttercup yellow , and scarlet , flitting in circles around noah 's body , landing on tobin 's and tobias ' legs ."
5475,"lzaro from kory tours , who was working even late sunday afternoon , waited for them down below next to a basket full of fresh picked mangos and oranges for a snack before they headed back to coroico ."
5476,"it was may , nearly winter in bolivia , but here the earth was still full of butterflies and tangled flowers ."
5477,"if noah were home in ohio , he would probably be sprawled on the couch in sweats , watching american idol reruns and eating doritos ."
5478,thank you god for letting me be here .
5479,bolivia is beautiful .
5480,this waterfall was the third noah and the guys had visited this afternoon with lzaro in the hired kory tours pick-up truck .
5481,noah now stood next to the foaming pool that formed the base of the waterfall .
5482,"the climb around the edge of the pool , grabbing frigid rocks for support , had been awesome ; making it to the back of the roaring waterfall , staring through the rushing water from the darkened cave behind it , had been unbelievable ."
5483,"now the sun was beginning to drop behind the forested mountains , and the chill of wet clothes caused noah to sigh and admit that it was time to change and head back to town ."
5484,"for a huge dinner , hopefully ."
5485,"with all the hiking and rock-climbing they had done today , he felt that tonight he would eat like a horse ."
5486,and sleep like a baby .
5487,"`` c'mon , i think we should go ."
5488,''
5489,eduardo had worked his way back from behind the falls and now stood ankle-deep in swirling water next to noah .
5490,he leaned close to be heard over the pounding of water upon water .
5491,`` it 's getting late .
5492,''
5493,"`` sure , ok , '' noah mouthed , and gently flicked the blue butterflies off his arm , sorry to see them go ."
5494,"the two australians had already begun to climb down the wet , slippery rocks high above the truck , baseball caps dripping water down their sun-burned faces ."
5495,"noah slipped into the cold water , feeling the push of the uneven pebbles at the pool 's bottom against his feet ."
5496,"being tall was an advantage in this case , and he did n't find it too difficult to discover all the handholds and make it safely back to the flat ground close to the road ."
5497,"all of the guys pulled on the t-shirts that they had left strewn across some scrubby plants near the truck , and then sat on dry boulders in silence , eating juicy mangos , letting their soaked shorts and legs dry a little in the sun ."
5498,it was good they had brought kory tour 's truck instead of the jeep .
5499,at least now they would n't have to get the seats of the jeep wet and squishy with their behinds .
5500,"noah smiled to himself , wiped his sticky fingers on the sides of his shorts , then got up and followed the guys to the truck ."
5501,"they made sure everyone had their cameras , phones , and was wearing shoes , then swung themselves up into the bed of the rusted white pickup , sitting on the sides ."
5502,"tobias went up front to keep lzaro company , and as soon as he had slammed the pickup door , they bumped their way back onto the road , headed to coroico ."
5503,"`` so , what did you guys think ?"
5504,''
5505,"lzaro turned around to look at them through the open back window of the truck 's cab , hands casually gripping the wheel ."
5506,the guy 's english had a funky british accent going on ; lzaro told them he had gotten his masters in england .
5507,`` are n't the falls awesome ?
5508,''
5509,"`` oh my gosh , yeah , '' tobin said , practically yelling to be heard over the noise created by speeding over the uneven road ."
5510,`` that was the most fun i 've had in a long time .
5511,"kayaking yesterday was cool though , too ."
5512,''
5513,`` lzaro is the man for kayaking !
5514,''
5515,eduardo said loudly .
5516,`` this guy taught me everything i know about camping .
5517,''
5518,noah and eduardo had come to coroico before and spent the day kayaking with lzaro as their guide last year .
5519,"it was great that lzaro had been available this year , because the guy was a lot of fun and knew everything about the great outdoors ."
5520,he even had a workshop in town where he brought people in from little villages around coroico and taught them how to promote the cool things in nature right in their towns for when the tourists came .
5521,"`` so you guys are going to cotapata tomorrow , right ?"
5522,''
5523,"lzaro asked , adjusting a pair of dark shades over his eyes and pulling his wool irish cap down against the glare of the setting sun ."
5524,his pearly teeth shone against his tan as he grinned at them in the rearview mirror .
5525,"`` yep , '' eduardo said ."
5526,`` we 're really pumped for this hike .
5527,''
5528,cotapata national park was going to be amazing .
5529,"a diverse ecosystem , filled with species that ranged from the giant condor to the spider monkey ."
5530,"lzaro let up on the gas a little bit now , as coroico was getting closer and a higher speed could be risky with more vehicles on the road ."
5531,"spiky bushes laden with tiny red coffee beans lined the road , and behind them glossy banana plants sprouted , bundles of ripening violet bananas clustering from their stalks ."
5532,"the citric aroma of the three oranges noah had eaten wafted to his nostrils , still on his skin , and he inhaled deeply ."
5533,this was tropical paradise .
5534,the pickup slowed down even more as they rounded a curve in the gravel and came across a girl walking along the edge of the road .
5535,"the long indian skirt and maroon bandana tied over her hair caused noah to stare for a second before he realized they were familiar because he was looking at wara , walking back into coroico ."
5536,"`` hey , stop the truck !"
5537,''
5538,"he called to lzaro , leaning forward to bang on the outside of the cab ."
5539,"tiny pebbles skidded as lzaro calmly slid the truck to a stop , still to wara 's back ."
5540,noah leaned over the side of the truck .
5541,"`` tu , mujer !"
5542,''
5543,he called out in his most booming voice .
5544,"`` you , woman !"
5545,''
5546,"eduardo , also realizing it was wara , crossed his arms and looked down at the ground , laughing ."
5547,"wara whipped her head around with startled eyes , then her face spread into a smile when she saw who was in the back of the truck ."
5548,"`` hey , guys !"
5549,''
5550,"she said in english , waving ."
5551,`` you scared me !
5552,again .
5553,are you heading back into town ?
5554,''
5555,"`` yeah , '' noah said ."
5556,`` can we give you a ride ?
5557,''
5558,she shrugged .
5559,"`` ok , sure ."
5560,"i was taking a walk , but i 've been gone for a long time now and it 's staring to get dark ."
5561,''
5562,she walked over to the truck and climbed up into the back before tobias could even get out of the front to offer her the more comfortable seat .
5563,`` go up front !
5564,''
5565,"eduardo smiled at her , motioning for tobias to be a gentleman ."
5566,`` it 's dusty back here .
5567,''
5568,"`` it 's fine , '' wara waved away his concern ."
5569,"`` we 're , like , almost there ."
5570,''
5571,"eduardo and tobin were taking up most of the space on one of the small pickup 's sides , so wara came and sat down next to noah , tucking the fabric of her pretty skirt between her knees ."
5572,"`` thanks , man !"
5573,we can go now !
5574,''
5575,"noah called to lzaro , and the truck zoomed to life , sending gusts of wind flowing around their bodies again ."
5576,"little strands of wara 's dark hair were tickling her face , and noah leaned forward to kiss her on the cheek and say , `` hola !"
5577,''
5578,`` hola !
5579,''
5580,"she said back , seeming a little nervous ."
5581,wara 's probably not used to riding in the back of pickups .
5582,i should have made tobias get out of the front .
5583,"`` so , what have you been doing today ?"
5584,''
5585,"he asked her , casually balancing one of his arms on the side of the truck close to her back in case they hit a bump ."
5586,would n't want to lose her .
5587,"`` oh , well , mostly just exploring , enjoying time by myself since nazaret left this morning ."
5588,the martirs came to pick her up on the way to another bible conference in caranavi .
5589,"i just came from that really cool restaurant , villa bella ."
5590,ever go there ?
5591,''
5592,"`` yeah , ."
5593,''
5594,noah remembered .
5595,`` that place run by the hippy lady and her family .
5596,yoga classes upstairs .
5597,in the middle of the jungle .
5598,their homemade ice cream rocks !
5599,''
5600,"`` uh-huh , and it 's all organic ."
5601,''
5602,"wara smiled , apparently distracted from fears of falling out of the truck enough to look into noah 's eyes ."
5603,"`` i had pineapple ice cream , and then , '' a dramatic pause , `` i got some henna tattoos ."
5604,just because i 'm too much of a chicken to get a real one .
5605,''
5606,"her eyes twinkled , and noah realized she was n't wearing her glasses today ."
5607,the thought struck him that wara cadogan really was beautiful .
5608,why had n't some guy snatched her up ?
5609,"`` wow , do we get to see , wara ?"
5610,''
5611,"tobin asked loudly , then flushed and cleared his throat ."
5612,"`` i mean , depending of course on where you have them ?"
5613,"ok , never mind ."
5614,''
5615,"wara raised one eyebrow , seeming to enjoy tobin putting his foot in his mouth ."
5616,noah could n't help but laugh .
5617,`` they 're just on my hands and feet .
5618,''
5619,wara shook her head and held out a hand and a sandaled foot for viewing .
5620,`` that 's where henna tattoos work the best .
5621,''
5622,"before noah 's eyes could focus on the designs wara had on her feet , lzaro 's voice came from the front of the truck : `` wara cadogan ?"
5623,''
5624,"noah glanced over to see his tour guide/friend staring at them in the rearview mirror , jaw hanging , eyes still hidden behind the glasses ."
5625,lzaro knew wara ?
5626,"waiting for wara to answer to her name , noah turned back to her , about to say something-until he saw her face ."
5627,"she looked as if she had just seen a phantom appear at the foot of her bed at midnight , while wide awake ."
5628,`` wara ?
5629,eres tu ?
5630,''
5631,"lzaro kept driving , but turned around to see wara himself , staring longer than was healthy when at the wheel ."
5632,`` is that you ?
5633,''
5634,"lzaro slid off his shades , and noah heard wara gasp , audibly ."
5635,`` lzaro ?
5636,''
5637,"she said , unsteadily ."
5638,"`` yeah , it 's me ."
5639,''
5640,"lzaro sounded unnaturally cheerful , and his eyes were glued to wara in the mirror ."
5641,`` imagine seeing you here .
5642,''
5643,"his gaze flitted to noah , and then to noah 's arm behind wara on the truck bed wall ."
5644,"lzaro 's face blanched , and then , after a long pause , noah heard him say , `` well , dude , i 'm not sure if i should congratulate you on your choice in women ."
5645,i did n't know you two were together or i could have warned you about her .
5646,"fun for one night , you know ."
5647,not quite the good little missionary girl you might expect.
5648,``
5649,"noah felt his neck begin to burn , shocked by the words coming from lzaro 's mouth ."
5650,he whipped around towards wara and saw her cheeks painted scarlet .
5651,`` why are you doing this ?
5652,''
5653,she squeaked .
5654,lzaro ignored her .
5655,"`` she 's pretty though , is n't she , noah ?"
5656,''
5657,he winked into the mirror and then slid his dark glasses back on .
5658,`` enjoy .
5659,''
5660,`` stop the truck !
5661,''
5662,"wara 's hoarse voice broke into noah 's pounding head , just in time to see that they were about to pass the hotel bella vista , where the girls were staying ."
5663,`` i 'm getting out !
5664,''
5665,"the brakes slammed to a halt in a billow of dust and lzaro muttered , `` fine ."
5666,''
5667,wara was out of the back of the truck before noah could even process what had just happened .
5668,she jogged into the hotel without even looking back .
5669,`` wara !
5670,''
5671,"noah called after her , absolutely furious , shivering with anger ."
5672,"lzaro had already hit the gas , but noah stood up just as the truck jerked into action and he vaulted over the side onto the gravel ."
5673,"the momentum threw him down onto one knee with a skid , and he leaped up and raced after wara into the hotel ."
5674,how could he ?
5675,what is lzaro 's problem ?
5676,`` wara !
5677,wait !
5678,''
5679,"noah saw her disappearing down a hallway at the back of the hotel , and he slid on the tile past a fountain and managed to stop just outside the door to her room , which slammed shut in his face ."
5680,"muffled , gasping sobs came from inside the door , and noah froze ."
5681,he was angry .
5682,really angry .
5683,"trying to compose himself , he knocked loudly on the door ."
5684,`` wara ?
5685,please .
5686,i ca n't believe he would say that .
5687,do you want me to go beat the jerk up ?
5688,we actually ?
5689,he was our tour guide .
5690,i know where he lives .
5691,i 'll go ?
5692,''
5693,"`` noah , just go away !"
5694,''
5695,"wara wailed from inside , voice muffled through the thick wooden door ."
5696,"`` i 'm going home , to cochabamba !"
5697,right now !
5698,''
5699,`` i 'll ?
5700,''
5701,`` i 'm sorry ?
5702,i ca n't .
5703,go away !
5704,''
5705,she 's really serious .
5706,"but i 'm not letting her get on some bus or taxi alone , like this ."
5707,"noah glanced around the empty hallway , dripping all over the hotel 's wooden parquet floor and staring at the turquoise grout in between the red tiles on the wall ."
5708,i 'll go back with her .
5709,i do n't need to go to cotapata with the guys .
5710,"wara was n't going to be in the mood to discuss this at the moment ; in fact , noah could imagine her inside the hotel room , angrily throwing clothes into her purple backpack , ready to leave this place forever ."
5711,"breaking into a run , noah bounded down the hotel 's steps three at a time and spun out onto the street ."
5712,"he sprinted across the plaza towards his hostel to get his stuff , face still burning , images of his fist connecting with lzaro 's jawbone flashing through his mind ."
5713,"he had better be done dropping the guys off by the time i get to the hostel , or i may have to do time in a bolivian jail for assault , noah raged ."
5714,what happened ?
5715,"i thought lzaro was a nice guy , and suddenly he turned into a lying idiot ."
5716,"bolivian jail was n't on the menu today ; the white pickup truck was nowhere in sight when noah burst through the door of his hostel , panting like some rabid tourist from the wild ."
5717,"he jammed the key into the lock of his room and stuffed his few clothes , in various states of muddiness , into his backpack ."
5718,"pulling on his last pair of dry pants , noah slammed the door of their room shut and half-ran down the hall again , while dialing eduardo 's number on his cell ."
5719,"eduardo , and the australians in the background , protested from the mexican restaurant where they had been dropped off that noah should n't miss out on their trip to cotapata just because lzaro had suddenly become a moron ."
5720,"`` thanks guys , but i 've got to go with her , ok ?"
5721,sorry .
5722,i 'll catch you later .
5723,''
5724,"`` alright , sure ."
5725,"we 'll miss you , man ."
5726,it wo n't be the same without you .
5727,''
5728,"noah flipped the phone shut just as he rounded the corner into the plaza , right on the street where all the buses parked before they took off for la paz ."
5729,"wara would need to get to la paz first , then take another bus to cochabamba ."
5730,"at the moment , the street was dark and empty under the glowing street lamps ."
5731,"the pharmacy where he knew they sometimes sold bus tickets when the agency was closed on sundays still had its door open , and noah could see that a man in a white lab coat was rearranging bottles behind the counter ."
5732,"he jogged over and burst in , gasping , `` buenas noches !"
5733,are there any buses to la paz tonight ?
5734,''
5735,"`` no , no buses tonight , '' the elderly man answered his inquiry ."
5736,the scent of mint pomade and syrupy orange made noah 's head buzz .
5737,"`` the agencies do n't want to take passengers out this late , you know ."
5738,not safe on that road .
5739,''
5740,oh yeah .
5741,the road of death .
5742,"`` but buses do leave at night sometimes , do n't they ?"
5743,''
5744,noah really hoped he could help wara out .
5745,`` i think i rode a bus to la paz after dark one time .
5746,''
5747,"`` there is that one bus , parked down there by the store ."
5748,''
5749,"when noah looked lost , the man came around the glass display counter and walked with noah over to the door , pointing a block to the north ."
5750,`` that 's a chartered bus that some group is going back to la paz in tonight .
5751,"the driver is over there , smoking , just outside the door ."
5752,maybe you could talk with him .
5753,''
5754,`` thank you very much .
5755,''
5756,"noah shook the man 's leathery hand , and backed out of the pharmacy , destination medium-sized bus near the store ."
5757,"just like the pharmacy guy said , the driver was sitting on a rubber step of the bus , smoking , wearing a cheap brown sweater and scuffed leather shoes ."
5758,`` can we buy a ride on this bus ?
5759,''
5760,"noah asked him , trying not to appear crazed and breathless after so much running around ."
5761,`` for me and one other person .
5762,do you have room ?
5763,''
5764,the man took a drag of his cigarette and sized noah up .
5765,`` we have lots of room .
5766,this bus was hired to take a certain group of people back to la paz tonight .
5767,"but the tickets would be expensive , so we do n't have many other passengers ."
5768,''
5769,"`` that 's fine , '' noah said , willing to shell out the few dollars more ."
5770,he could n't forget wara 's white face when lzaro had said all that crap .
5771,`` how much ?
5772,''
5773,"`` eighty bolivianos , '' the driver said , after a pause ."
5774,`` each .
5775,''
5776,noah peeled the bills out of an outer pocket of his backpack that was still dry .
5777,`` what time does it leave ?
5778,''
5779,he realized he should have asked first .
5780,"`` right now , '' the man said , though no one else seemed to be around ."
5781,"the bus driver shuffled up the stairs into the bus and reappeared with a ticket book , where he made noah print the two passengers ' names and identification numbers ."
5782,"he scribbled his passport number , and then totally made up a number for wara , since he had no idea what her passport number was and at the moment really did n't care ."
5783,`` eight o'clock .
5784,"en punto , '' the driver said , carefully ripping the tickets off and passing them to noah ."
5785,`` on the dot .
5786,''
5787,"`` sure , '' noah replied distractedly , wondering if wara would show up by then ."
5788,what if she did n't come ?
5789,he should get back to the plaza so he would n't miss her .
5790,"noah walked back to the plaza , ignoring the tempting aroma of frying hamburgers from a silver food cart on the corner ."
5791,"a group of well-dressed people , laughing together in muted tones , passed him , headed towards the bus ."
5792,noah felt a moment of panic .
5793,what if the last bus out tonight left without them ?
5794,"right then , like magic , wara came towards him across the plaza , nearly flying ."
5795,she was wearing jeans instead of that beautiful skirt and noah would have recognized that light blue alpaca sweater anywhere .
5796,"how long had wara had it , three , four years ?"
5797,"noah slid down onto an empty bench right in her path , feet planted on the ground , really hoping she would n't be angry ."
5798,"`` hey , '' he said , as wara stopped cold in front of him ."
5799,"she looked devastated , red eyes visible even in the dim lighting of the plaza ."
5800,"`` please do n't be mad , but i got some bus tickets for us ."
5801,"it was n't easy , cause , like , no buses were going out tonight , but i found a special one that i think will be really nice ."
5802,it 's leaving right now .
5803,''
5804,wara 's mouth opened and then snapped shut .
5805,she stared at the two tickets noah clutched in his hand .
5806,"`` i 'm gon na go back to cochabamba with you , '' he added , just in case he had forgotten to mention that part of his plan ."
5807,`` i just did n't want you to go all alone .
5808,''
5809,"he paused , noticing her lip was quivering ."
5810,`` are you mad ?
5811,''
5812,"wara burst into tears , and then tried to hide it by taking a deep breath ."
5813,`` but ?
5814,your trip ?
5815,''
5816,`` who cares ?
5817,''
5818,noah shrugged .
5819,`` another time .
5820,''
5821,he got up and held out his hand for wara to hand him her backpack .
5822,"`` c'mon , i think i saw the guys who hired this bus heading over there , so we 'd better hurry up ."
5823,''
5824,"amazingly , wara allowed herself to be led over to the bus , whose engine was now purring lustily , and they climbed up the steps into the darkened interior ."
5825,"inside , the bus was only about a third full , most of the people sitting towards the back in a group , settling in for a nap on the way back to the capital ."
5826,"the men wore slick jackets with dress shirts , and most of the women seemed to be wearing pantsuits of some kind ."
5827,probably the group who chartered the bus .
5828,not very comfortable clothes for traveling .
5829,"noah squinted at their tickets , and then found the seat numbers on the right side , pretty near the front ."
5830,"he put wara 's purple backpack under the seat by the window , and then he waited , a little nervously , for wara to get into her seat first ."
5831,she 's not talking to me .
5832,is she mad ?
5833,of course she 's mad -- -the stuff lzaro said !
5834,that idiotic jerk .
5835,why would he spout off like that about wara ?
5836,noah felt his face get hot again as he slid into his spot next to the aisle and he wondered how wara could be so quiet .
5837,`` why are you doing this ?
5838,''
5839,"he heard wara 's broken voice echo in his brain , and he leaned back into his seat with a sigh ."
5840,"oh god , i really need some help right now , cause i 'm really angry ."
5841,help me to love my enemy-that 's who our psychopathic tour guide has suddenly morphed into-and make this sudden turn of events work according to your plan .
5842,"noah turned his eyes to wara , and saw , with a twist of his heart , that she had leaned forward to rest her forehead against the velvet seat back in front of her , tears sliding silently down her cheeks and dripping onto the floor ."
5843,9 silver never before had wara truely understood the expression `` i wanted to crawl into a hole and die .
5844,''
5845,"noah sat next to her , and she wanted to die , just die ."
5846,what was he even doing here ?
5847,nothing was ever going to be ok between them ever again .
5848,"she barely noticed as the last of the passengers filed onto the bus , sitting somewhere behind her and noah ."
5849,good .
5850,her eyes were so bloodshot and swollen from sobbing in the hotel room that she could n't even pretend to be civil to anyone in the mood to talk .
5851,"wara stared out the window , nervously winding her foot up in the strap of her backpack under the seat , again feeling her eyes sting ."
5852,`` she 's a lot of fun for one night .
5853,not the good little missionary girl you may imagine ?
5854,enjoy !
5855,''
5856,"his voice ran through her head without her permission , and wara blinked away the tears , truly wishing for that dark hole and covers to pull over her head and hide -- -forever ."
5857,"with a soft hiss , the bus door closed and the vehicle rumbled to life ."
5858,"she sat in a daze as the bus began to crawl its way along the narrow , darkened streets , leaving coroico behind ."
5859,"the hum of the highway enveloped them and wara slumped forward against the seat back , miserable ."
5860,"she knew he was there and was going to say something eventually , but she actually jumped when noah 's voice broke the silence ."
5861,"`` i ca n't believe lzaro would just make up all that stuff about you , '' he spat ."
5862,"she glanced at him for a millisecond and saw that his jaw was squared , eyes stormy ."
5863,"`` i mean , what is his problem ?"
5864,"this is the second time we used his tour group to do stuff here in coroico , and i thought the guy was cool ."
5865,how in the world did he ?
5866,''
5867,the look on wara 's face must have cut him off .
5868,noah thinks lzaro made it all up .
5869,"her heart broke then and she felt herself staring at him , pale in the moonlight streaming through the window ."
5870,`` it was n't a lie .
5871,''
5872,she nearly gagged on the words .
5873,`` i used to date him .
5874,''
5875,`` huh ?
5876,''
5877,noah blinked .
5878,wara felt her face crumple .
5879,"`` oh , noah !"
5880,why did you come with me ?
5881,you should have stayed ?
5882,do you want to go back ?
5883,we 're barely out of town .
5884,''
5885,"now she was blubbering , but the memory of everything was taking over : the things lzaro said ."
5886,things that had happened that first year .
5887,`` no .
5888,there 's no way i 'm letting you stay on this bus yourself .
5889,''
5890,noah still seemed a little stunned by what she had just said .
5891,`` you used to date lzaro ?
5892,''
5893,`` for like six weeks .
5894,the first year i lived in cochabamba .
5895,we met at a church youth thing .
5896,''
5897,"this breath , this space in the universe she now occupied next to noah , who she loved and had to confess these things to , was without question the worst moment in her life ."
5898,"if she could just say what had happened , she might curl into the seat and die in peace , next to noah ."
5899,"`` so one night , '' she mumbled , `` i had too much to drink ."
5900,''
5901,like the other night .
5902,"for a little while , wara had totally forgotten about that lovely scene at caf paris ."
5903,new waves of shame washed over her .
5904,her hands twisted the hem of her sweater into a pulp .
5905,`` and it was like he said .
5906,that night was the last time i saw him ?
5907,because i could n't handle seeing him after what happened .
5908,''
5909,"she was telling all this to the velvet pattern on the back of the seat , terrified to look at noah and see his disgust ."
5910,"he was n't looking at the girl he thought he knew , and now he realized the truth about her ."
5911,"`` wara , '' he started , but she cut him off , laughing breathlessly ."
5912,`` and that 's not everything !
5913,"the morning after it happened , we were supposed to fly to puerto rico together for his brother 's wedding ."
5914,"he made such a big deal about it , because he said he 'd never had a 'nice ' girlfriend before to take home to meet his family and he knew his mom was going to be all proud of him ."
5915,lzaro 's parents even paid for our tickets .
5916,''
5917,"wara felt dizzy , and she squeezed her eyes shut ."
5918,had she really done all this ?
5919,"she 'd spent so long trying not to think about it , pretending she was the kind of person who would never act this way ."
5920,but it was all true .
5921,"she licked her lips , determined to finish the story ."
5922,"`` so , the last night i saw lzaro , he gave me five thousand dollars for the trip , just to keep for him because in the morning he had to stop in the market and get a present for his mom and he did n't want to get robbed there on the way to the airport ."
5923,and ?
5924,he also gave me the diamond wedding ring for his brother 's wife .
5925,"she had him buy it in bolivia , because it was cheaper than in puerto rico ."
5926,that was at dinner .
5927,"but later , i felt so horrible about everything that i never showed up to go to puerto rico in the morning ."
5928,i just stood lzaro up at the airport .
5929,i went to montana for four months and never talked to him again .
5930,when i came back to cochabamba he was gone .
5931,"i just ran away from him , because it was easier to just not think about it ."
5932,never gave him back the money and the ring .
5933,he definitely hates me now .
5934,''
5935,"there , she 'd told him everything ."
5936,there was a giant split somewhere inside her heart : this adventurous girl who loved languages and jesus and living here in bolivia .
5937,"and then , on the dark side , this liar who had slept with a guy while working as a missionary and never had the guts to face him afterwards ."
5938,"she felt like she had just turned herself inside out , here on this bus in front of noah : the rotten inside she always kept hidden from the world was now revealed , stinking up this bus , her entire life ."
5939,"noah was speaking , but focusing on his voice was a struggle ."
5940,`` but you repented .
5941,''
5942,"the tone was a statement , not a question ."
5943,`` and god forgave you .
5944,''
5945,`` yes .
5946,''
5947,wara shrugged weakly .
5948,`` but it does n't feel like it .
5949,''
5950,"noah pulled wara 's chin up with one finger , until her face was tilted towards his ."
5951,"`` c'mon , look at me !"
5952,''
5953,he insisted .
5954,"wara tried , but abject humiliation would n't let her eyes connect with his ."
5955,"`` in that story jesus told , '' he said , `` the father took his son back after he spent everything in wild living , like we all do ."
5956,''
5957,noah took both of wara 's hands in his and leaned in closer .
5958,"`` but when the son came back , the father did n't just let him slave away as a servant ."
5959,he threw a party .
5960,"he loves you , wara ."
5961,you 're back .
5962,''
5963,"noah 's adam 's apple bobbed and he paused , gazing out the window behind wara , seemingly lost in thought ."
5964,a moment later his eyes rounded and he jerked his gaze back to her .
5965,his grip on her hands tightened .
5966,and he was staring at her .
5967,wide-eyed and staring .
5968,"`` i have something to give you , '' he finally said , releasing her hands hastily and digging around in his pocket ."
5969,"wara 's gaze spiraled to the floor , still dizzy with shame in spite of noah 's reminder that she was forgiven ."
5970,"nice words , yeah ."
5971,"god could forgive , but how could he ever feel same about her , seeing what she had done ?"
5972,"it was one thing to not punish her for her sins , and quite another to still like her , to want to spend time with her ."
5973,the same for noah .
5974,he was witness to her worst moment .
5975,maybe several worst moments .
5976,"he could still be nice , but he would never look at her without thinking about ?"
5977,that .
5978,"her heart was aching when she felt noah slide closer , wrapping one long arm around her shoulder ."
5979,"wara inhaled sharply and met his eyes , completely confused ."
5980,noah was touching her ?
5981,he was supposed to be repulsed .
5982,"he sat like that in silence for a full minute , eyes flickering , obviously running through something in his head ."
5983,"then he slid his arm from her shoulder and scooted back to his own seat , fist tightly closed around something in his left hand ."
5984,`` i have something to ?
5985,"to ask you , '' he announced , and the goofy grin that began to spread across his face caused wara to blink ."
5986,`` now might not be a good time .
5987,"in fact , you just might kill me ."
5988,"but we 've known each other for a really long time now , so i just ?"
5989,''
5990,"noah 's voice faltered and wara sniffed , completely mystified ."
5991,"he better not be about to ask me advice about some sin problem he has , now that we 're on the subject and he happens to have a friend here who is quite familiar with sinfulness !"
5992,`` ?
5993,i just have this ?
5994,"for you , '' noah was going on ."
5995,"`` feel free to laugh at me , as long as it makes you feel better ."
5996,''
5997,"wara 's eyes focused blankly on a silver ring engraved with arabic letters that noah was holding out towards her , glimmering in the faint light from the front of the bus ."
5998,"`` wara , i ?"
5999,''
6000,"noah shot her a lopsided smile and murmured to himself , `` you 're doing this all wrong ."
6001,''
6002,"he leaped to his feet , almost banging his head on the bus 's dark ceiling , and managed to get down on one knee in the aisle ."
6003,wara 's eyes popped and flashed between the silver ring and noah .
6004,what ?
6005,had he gone crazy ?
6006,"`` ok , now i 'm sweating , '' noah said , rubbing a hand across his face and sucking in a deep breath ."
6007,`` i 'm kind of messing this up .
6008,this ring is something i got in egypt when i studied there for a semester when i was twenty .
6009,"i kept it for a while , to give to the unlucky girl i will attempt to trick into dating and then marrying me ."
6010,"it says , '' noah held the ring out towards wara again , on one shaking palm , `` 'my beloved is mine and i am his ' ."
6011,i wanted to ask you if you would consider thinking of me like that ?
6012,if you would like to be with me ?
6013,get to know me ?
6014,think about marrying me someday !
6015,"if you did n't get sick of me while we 're dating , you know ."
6016,''
6017,"noah 's hands were shaking , though he tried to smile , and he actually seemed on the verge of tears ."
6018,"wara 's jaw went slack as noah quickly added , `` i mean , you do n't have to decide right now , but i would like us to get to know each other ."
6019,"i want to be with you , wara !"
6020,''
6021,`` what ?
6022,you ca n't .
6023,how could you ?
6024,''
6025,"wara tried in vain to think of something to say , jerking around in her seat as scattered applause broke out from the back of the bus ."
6026,they were watching !
6027,why was noah on his knees ?
6028,he 's crazy !
6029,he said he wanted to be with me ?
6030,is this a joke ?
6031,it 's not a joke-he 's sweating and waiting for me to answer !
6032,he looks like he really ?
6033,still likes me ?
6034,"in reality , noah 's eyes said that he still loved her ."
6035,"`` of course , i love you , '' wara blurted ."
6036,`` but how could you ?
6037,''
6038,`` ssshhh ?
6039,''
6040,"noah hauled himself out of his scrunched up position in the aisle , laughing but looking stricken ."
6041,`` are you serious ?
6042,you actually love me ?
6043,''
6044,"noah sat down next to her again , and wara gaped at him , dumbstruck ."
6045,she nodded .
6046,"`` ok then , '' he said nervously ."
6047,"for a moment no one spoke , and wara 's heart pounded in her ears like a tom-tom ."
6048,"`` we , my dear , have a lot to talk about ."
6049,but not now .
6050,"let 's just rest , ok."
6051,come here ?
6052,just rest .
6053,''
6054,"noah put his arm around her tentatively , watching her to make sure it as ok."
6055,"as he pulled her close , he slid the silver ring on her finger and squeezed her hand ."
6056,"all wara could do was lean against him in an amazed stupor , thinking this could not be real ."
6057,`` everyone in the world is desperate for grace .
6058,''
6059,the quote from a book wara had read this year exploded in her mind like sparkling firecrackers .
6060,`` this is what 's unique about christianity : grace .
6061,no other religion has a god who gives grace .
6062,''
6063,"her heart was thudding against her ribs , but her eyelids drooped ."
6064,"wara leaned back against the seat , noah 's arm around her , and her heart slowed until she finally fell asleep ."
6065,she came to consciousness as if in a dream .
6066,a roaring heat swallowed her and something solid and icy smacked her in the head .
6067,"wara 's eyes flew open as wide as they had ever opened in her life , and what she saw was a mountain of writhing silver flames ."
6068,and then it was gone .
6069,"she tried to grab on to something , but it was like a nightmare catapult flung her into space ."
6070,"the flames spiraled overhead again and she opened her mouth to scream , hearing only a sickening crunch of metal and glass shattering around her like crystal rain ."
6071,the flaming bus lifted off the ground over her head and hurdled away with a whoosh of fire and wara realized she had fallen out of the window of the bus onto her back .
6072,"just like that , there was nothing but the star-studded sky overhead and the most awful sound wara had ever heard in her life : metal punching against boulders as the bus rolled down the ravine ."
6073,"screams echoed for a few seconds , and then another explosion battered the ground and all was deathly quiet ."
6074,wara began to shake .
6075,"she did n't know if she was dying , but this had to be what dying felt like ."
6076,"there had been an accident , and ?"
6077,where was noah ?
6078,"she had to see if she could get up , because noah had been right beside her , and he had to be right beside her still ."
6079,she tried to roll onto one side and was terrified to feel her head weighed about a hundred pounds .
6080,she could barely move .
6081,"gasping for breath , wara forced her eyes to the drop-off where the entire bus had disappeared ."
6082,"to her left was an expanse of flat ground and spiky , clumped grass ."
6083,she struggled to turn her head to the right and laid her cheek against the cold gravel .
6084,"shadowy trees bent over the ravine , dipping low in the wind towards death below ."
6085,there was no one there .
6086,"wara sprawled on the edge of the cliff , eyes unseeing , until everything faded into darkness ."
6087,"10 midnight blue alejo was stretched out on the floor of the tent on his stomach , trying to ignore stalin 's noisy snoring , eyes boring into the darkness and having absolutely no success at sleep ."
6088,"the sat phone 's glowing display said it was nearly midnight , and the clearing that held their tents buzzed with cicadas and singing frogs and the forest 's pulsating hum ."
6089,"a snap cracked above the quiet chorus , and alejo jerked his head up ."
6090,he recognized the raucous voices that floated into the clearing as belonging to the paraguayans and bolted to his feet .
6091,he unlatched the opening to the tent and jogged across the darkened clearing towards the group who was just exiting the forest .
6092,"gabriel and some of the guys had made the hike down towards the spot where the bus should have gone over , anxious to see the results of the hastily-planned operation ."
6093,"it was too early for any news on the radio they had stashed with the supplies ; the heavy tropical growth down the sides of the mountain was so thick that no one passing by would even notice the bus had crashed , unless the explosion had left a pile of debris next to the highway ."
6094,"gabriel had n't wanted any tell-tale signs left over that the accident had n't really been accidental , and so had moved in to check the scene ."
6095,`` hey .
6096,''
6097,alejo made out gabriel 's pale face at the front of the line .
6098,he was relived to see that his friend seemed pleased .
6099,"`` two questions : is he dead , and does it look like an accident ?"
6100,''
6101,"`` 99.9 % probability , and yes , check , '' gabriel said merrily ."
6102,"some of the others , william and marco , drew up next to gabriel , laughing too loudly , and snickering something to the guys behind them ."
6103,"alejo finally made out the dark forms of christian , daniel , and osmar strolling casually out of the forest , hauling something between them ."
6104,something that had the shape of a human .
6105,"frowning sharply , alejo opened his mouth just as they dropped their burden to the dewy grass ."
6106,"the person rolled over , moaning , and a head with long tresses turned to one side , revealing a white face streaked with blood ."
6107,"alejo swore , immediately understanding what was going on ."
6108,"he glared at all of them , including gabriel ."
6109,"`` what were you thinking , bringing her here ?"
6110,she survived ?
6111,''
6112,"`` yeah , she was on the bus , '' gabriel explained , happiness slightly subdued ."
6113,"alejo noticed gabriel was carrying a purple backpack that obviously did n't belong to him , which he carelessly slung to the ground ."
6114,the girl moaned again and then her eyes slit open .
6115,"she thrashed one way and then the other , then flew up to a sitting position with a loud gasp and yelled , `` noah !"
6116,''
6117,noah ?
6118,not a bolivian name .
6119,"`` she 's american , '' christian grinned , crooked teeth visible in the darkness ."
6120,`` passport in her bag .
6121,''
6122,alejo 's heart took a nose dive .
6123,not one of salazar 's staff .
6124,how many others ?
6125,"`` yeah , this is cool , huh ?"
6126,''
6127,william continued the jittery prattling from alejo 's left .
6128,`` we just thought you might want to share in the spoils of victory .
6129,''
6130,"a few lewd comments rumbled from around the circle of men , and the american girl looked up sharply , terrified ."
6131,"`` i w-w-was in a bus accident , '' she managed to say , in perfect spanish ."
6132,`` where am i ?
6133,my friend was also on the bus-did you see anyone else ?
6134,''
6135,"she looked around frantically , trying to get up but obviously lightheaded ."
6136,"`` you were n't in no bus accident , sweetheart , '' william drawled , reaching out to touch her dark hair ."
6137,`` your bus has been bombed ?
6138,''
6139,`` basta !
6140,''
6141,"alejo snapped , pushing william back hard ."
6142,`` enough .
6143,''
6144,`` bombed ?
6145,''
6146,the girl 's voice faltered .
6147,alejo clenched his fist and fought the urge to knock william out .
6148,"they should have left any survivors on the road , so they could get to help ."
6149,"now , instead , the girl was here , in the hands of some very unsafe men , himself included ."
6150,alejo 's plans had n't included this possibility .
6151,how could anyone have survived the explosion ?
6152,this girl did n't even seem to be burned .
6153,"stalin , long hair fuzzy around his very sleepy face , had by now joined the rest of the guys , who stood leering and making savage jokes ."
6154,"he rubbed his eyes , then slowly grinned , offering a hand to help the girl up from the dirt ."
6155,"`` come on , '' he said , helping her stand up by his side ."
6156,`` you guys should n't talk that way around a lady .
6157,it 's not her fault she ended up here with all of us .
6158,was n't supposed to happen .
6159,''
6160,"`` oh , cut it out , stalin !"
6161,''
6162,christian grinned .
6163,`` always such a gentleman .
6164,she 's going to die anyway .
6165,she 's a witness .
6166,we thought we might as well bring her up to join us for the party in honor of our last night in coroico .
6167,''
6168,alejo 's mind seemed full of sludge .
6169,there were n't supposed to be other people on the bus .
6170,only salazar and his staff .
6171,"but you did n't know that for sure , did you ?"
6172,an accusing voice bit back at him .
6173,there could have been children on that bus .
6174,your own family could have been on there .
6175,acid scalded alejo 's stomach and he took a deep breath .
6176,"the girl was on the point of tears , looking all around , trying to find something ."
6177,or someone .
6178,alejo 's mind cleared and he decided what he was going to do .
6179,"marching over towards stalin , alejo motioned for him to move out of the way ."
6180,"he looped an arm under the girl 's arms and dragged her smoothly to her feet , anchoring her back against his chest ."
6181,"her weight sagged against him , so weak she could barely protest ."
6182,"with his free hand , alejo forced the girl 's face to tip backwards so he could see her ."
6183,"he could feel her lower jaw trembling in his palm , and large honey-colored eyes with thick lashes met his , runny with tears ."
6184,alejo allowed himself to grin wolfishly .
6185,then he glared at the guys who were still leering at their prisoner .
6186,"`` if anyone 's having any fun here tonight , it 's me ."
6187,"sadly for all of you , i am in charge , and unless you want to have your salaries cut off by the khan himself i need all of you to get your rears back to your tents and sleep-now ."
6188,we 'll start tomorrow at six .
6189,last session before it 's over .
6190,''
6191,alejo felt the girl 's rapid breathing as he set his jaw and pulled her back tighter against his chest .
6192,"a chorus of complaints arose around him , which he ignored , turning towards gabriel with a wink ."
6193,`` good work everyone .
6194,"especially you , gabo ."
6195,''
6196,"gabriel was staring at alejo slack-jawed as the rest of the guys gave up and whirled around to head towards their tents , muttering bitterly ."
6197,"alejo motioned towards the purple backpack with his chin , and said , `` pass me that , will you , gabo ?"
6198,she and i are going to retire .
6199,''
6200,gabriel picked up the backpack and passed it over .
6201,"`` sorry , '' gabriel barely whispered as he leaned closer ."
6202,`` the other guys made me bring her .
6203,but she would have had to go anyway .
6204,she 's a witness .
6205,''
6206,"`` yeah , i know ."
6207,everything 's going to work out .
6208,''
6209,"alejo winked again and then said a little louder , `` you did it ."
6210,it worked .
6211,''
6212,"`` thanks , '' gabriel said , glowing expression admitting he enjoyed the praise ."
6213,the girl began to squirm feebly against alejo .
6214,`` what are you guys talking about ?
6215,"please , my friend might still be around and i have to go back ?"
6216,!
6217,''
6218,"alejo plugged the girl 's mouth tightly with his hand and started towards his tent , dragging her in front of him and really hoping she would n't bite ."
6219,`` good night !
6220,''
6221,"he called to gabriel , then raised his voice as he approached the tent ."
6222,`` stalin !
6223,get your butt out here with your sleeping bag .
6224,bad news -- -you 're going over to bunk with benjamin .
6225,''
6226,"alejo ripped open the entrance to his large tent as he heard a low moan and `` awww , man !"
6227,alright .
6228,''
6229,"grumbling , stalin gathered up his sleeping bag and pillow , then grabbed his bottle of antacids and the ridiculous stuffed snoopy that he insisted on bringing along on every trip ."
6230,"alejo and the girl ducked inside his tent , which was lit by a camping lantern perched on a box they always left up here in the clearing ."
6231,"still keeping her tightly in his grip , he cautiously slid his hand off her mouth , waiting for stalin to leave ."
6232,"she sucked in air with a shudder , still sagging against alejo ."
6233,stalin passed by them on his way to the door .
6234,"he managed to free one hand from his mass of possessions and held it out to the surviving girl , rather sadly ."
6235,"`` the guys say your passport says you 're a missionary , senorita ."
6236,"i admire the way you missionaries share what you believe , far away from home ."
6237,''
6238,"stalin sighed dramatically and then ran a finger down the girl 's bloodied cheek , almost guiltily ."
6239,"`` i do n't think you 'll be here much longer , but if anyone ever deserved to go through those heavenly gates , i think it would be you ."
6240,''
6241,`` wait !
6242,please ?
6243,?
6244,''
6245,wara tried to reach after stalin as he darted out the door .
6246,`` wait !
6247,''
6248,"she screamed again , and alejo clamped his hand over her mouth and growled lowly into her ear ."
6249,"`` i 'm not going to hurt you , ok ?"
6250,stop yelling .
6251,"i need everyone else in their tents , where they wo n't be paying any attention to you ."
6252,''
6253,"he removed his hand from her mouth , then scooped her up and carried her , kicking and struggling , towards his rumpled sleeping bag ."
6254,`` you 've got to lay down !
6255,''
6256,"he insisted , inwardly kicking himself because he knew he was scaring her to death ."
6257,"`` you were in an accident , ok ?"
6258,i 've got to see how badly you 're hurt .
6259,"you probably have a concussion , so you need to hold still ."
6260,''
6261,"he tried to keep his tone calm , because the usual way he barked out orders was probably not going to make this girl stop kicking ."
6262,"she stiffened , then curled up on the sleeping bag , eyes squeezed shut ."
6263,"in the light of the tent 's lamp , alejo took in his captive 's dusty jeans and sweater ."
6264,"her dark hair , coated with a fine film of dust , was streaked with burgundy highlights and scattered around her shoulders ."
6265,"with tan skin and light brown eyes , she did n't look like the typical north american girl ."
6266,"alejo slid to the floor of the tent , one knee in the air , and let out a long sigh ."
6267,"after deliberation he finally said , `` i 'm sorry for the crudeness outside , but i just wanted to get you in here to keep you away from the other guys ."
6268,ok ?
6269,''
6270,"she slit her eyes open and searched his face , as if wanting to believe him , then gave up and curled back up in a ball ."
6271,"he did a double take , noticing the girl had coffee-colored , indian-style tattoos on her palms ."
6272,henna .
6273,`` what 's your name ?
6274,''
6275,"`` wara , '' she muttered ."
6276,alejo was surprised to hear a bolivian name .
6277,aymara language .
6278,means `` star .
6279,''
6280,a gold star ring twinkled in the america girl 's nose .
6281,`` why do you have a name from bolivia ?
6282,''
6283,"he saw her swallow , hard ."
6284,"`` my grandpa was a missionary , too ."
6285,in peru .
6286,he married a quechua lady .
6287,my parents let my grandma name me and she gave me a native name .
6288,''
6289,`` are you hurt ?
6290,''
6291,alejo felt himself staring .
6292,"the girl 's explanation of her name had suddenly brought it home : she was very real , with a very real family somewhere who would miss her if alejo just killed her here in cold blood ."
6293,"`` i have a medical kit , '' he said hoarsely ."
6294,`` cuts from broken glass ?
6295,''
6296,he sounded like an idiot .
6297,his team needed him to kill this girl .
6298,"for the mission , he had to kill this girl ."
6299,and he was asking her if she needed band-aids .
6300,"she glared at him then , jaw clenched with anger ."
6301,`` why do you care ?
6302,''
6303,she hissed .
6304,"`` my best friend was sitting right next to me , and if you did n't find him he could be dead ."
6305,what have you done ?
6306,''
6307,"her tone rose frantically , and she curled up tighter on his sleeping bag ."
6308,"alejo 's stomach burned at her words ; the others on the bus had almost certainly been taken out , but he could n't think about if salazar was gone or not until he heard the news that the body was found ."
6309,if they ever found a body .
6310,alejo stared at this girl with the nose ring in his tent and saw a life he had just utterly devastated .
6311,`` who else was on the bus ?
6312,''
6313,he asked against his better judgment .
6314,his mouth was bone dry .
6315,"wara stared at the olive wall of the tent , obviously exhausted by her tirade ."
6316,`` i was ?
6317,with noah .
6318,i did n't really pay attention .
6319,there were a bunch of people in the back in suits and then some more people came on at the last minute .
6320,''
6321,alejo felt sick .
6322,more people possibly unrelated to salazar .
6323,and this girl in front of him .
6324,wara .
6325,"uncontrollable nausea welled up in the pit of alejo 's stomach , and he knew there was no holding it in ."
6326,"`` excuse me , '' he told the girl briefly , then ripped open the door to the tent and ran outside into a nearby cluster of banana plants ."
6327,"he threw up until there was nothing left , then wiped his chin on his t-shirt ."
6328,"alejo sank down onto the ground with a clear view of his tent , still feeling sick and undone ."
6329,"thankfully , it looked like everyone was in their tents snoring ."
6330,no one had seen him out here vomiting .
6331,"sucking in a slow breath , alejo tried to clear his mind and think ."
6332,"if he helped the girl leave this place alive , he would have to leave the prism ."
6333,forever .
6334,the guys could even be sent after him to kill him .
6335,and then look for his family .
6336,"she would have to leave and never come back , always look over her shoulder ."
6337,and she would tell the authorities everything .
6338,thank god the khan is gone .
6339,"lzaro had met him in the jungle near boris ' house tonight , and the two were driving to la paz in lzaro 's chartreuse brasilia ."
6340,"ishmael was off to peru , then home to peshawar ."
6341,"if ishmael were here , she 'd be dead already ."
6342,this time alejo felt he had no plan .
6343,"there was always a price to pay , he 'd learned , for doing what was right ."
6344,"this time , the payment might have to be wara , the american missionary girl ."
6345,11 coffee she must be shock .
6346,"she had to be , because how else could she keep breathing , how else could she even think , when noah might be dead ."
6347,"she was sprawled on a sleeping bag in some tent , captured by some dangerous guys who had probably made her bus crash and killed noah ."
6348,no !
6349,"she forced herself to erase that thought , scrub the eraser madly across the pencil lines on the page until it was gone altogether ."
6350,that could n't be right .
6351,noah had to be just fine .
6352,"and it was good he was n't here , with these awful guys who had threatened wara outside ."
6353,"she closed her eyes against the cool material of the sleeping bag , feeling sick and dizzy , but surprisingly , not in pain ."
6354,"the thought crossed her mind that she could just get up and walk out of here , but she was sure they would catch her ."
6355,"thoughts of noah in the bus at the bottom of the ravine paralyzed her , filling her body with lead ."
6356,"the door of the tent rustled and the guy came back in , brooding and dangerous looking , with stormy hazel eyes ."
6357,"she blinked , noticing he was n't wearing a t-shirt anymore ."
6358,"the guy looked about her age , maybe five ten , wearing khaki pants with pockets everywhere and leather sandals ."
6359,"wara cringed , because she knew whoever these guys were , this one was the leader ."
6360,"she 'd heard how he 'd ordered the guys around outside , sending them away mumbling with muted curses ."
6361,and now she was stuck here with him .
6362,"who in the world were these guys , and where was she ?"
6363,what happened ?
6364,the haze in wara 's mind suddenly drifted away and she dragged herself to sitting .
6365,"the guy with coffee-colored skin stalked over to a backpack in the corner , yanked out a gray t-shirt and pulled it over his head ."
6366,"he eyed her , then lowered himself to sitting at the other end of the sleeping bag ."
6367,"`` my name is paulo , '' he said ."
6368,`` you should sleep .
6369,''
6370,there was no way she felt like going to sleep right now .
6371,"in this tent , with him ."
6372,"`` someone said something about a bomb , '' she blurted out , needing to understand what kind of situation she was in here ."
6373,`` please at least tell me what 's going on .
6374,''
6375,"paulo pressed his lips together and folded his arms across his chest , looking even more dangerous ."
6376,wara fought not to shrink back .
6377,"`` there was a bomb on the bus , '' he said finally ."
6378,`` it was in a package that we mailed freight to la paz .
6379,you and noah had nothing to do with it .
6380,you were an accident .
6381,you were n't supposed to be there .
6382,''
6383,"wara stared , dumbfounded ."
6384,"`` but , why ?"
6385,why would you ?
6386,what ?
6387,?
6388,''
6389,"how could she say , why did you do this to us ?"
6390,paulo sighed .
6391,`` there are a lot of things i ca n't explain to you .
6392,"you were n't supposed to be there , but you were ."
6393,and now you 're a witness .
6394,''
6395,icy fingers ran down wara 's arms .
6396,"so , what ?"
6397,they were just going to kill her ?
6398,`` so you 're just planning on killing me too .
6399,like right now ?
6400,what are you waiting for ?
6401,''
6402,"that came out sounding much too hysterical , but wara was really scared ."
6403,paulo 's eyebrows lowered even more and he uncrossed his legs and rested his forearms on raised knees .
6404,"`` i would have had the guys just leave you on the road , for someone to find and take to the hospital ."
6405,you never would have known a thing .
6406,''
6407,was it her imagination or did he actually wince hearing his own words ?
6408,"`` but you got brought here , '' he continued , `` and so now everything is more complicated ."
6409,"if we let you go , that causes some major problems for us ."
6410,"i 'm going to do the best i can to think up a solution for this , ok ?"
6411,but no promises .
6412,''
6413,"she just then noticed that this guy called paulo had a water bottle in one hand , which he held out to her ."
6414,`` take these .
6415,''
6416,wara felt her eyes narrow in suspicion at the sight of two huge white pills on his palm .
6417,"`` it 's ibuprofen , '' he said , mouth twisting wryly ."
6418,"she took the medicine silently , draining half a bottle of water ."
6419,she was so thirsty .
6420,`` you 're sure you 're not bleeding ?
6421,''
6422,"the question made her furious as she thought about noah : where he was , if he was hurt right now ."
6423,bleeding .
6424,she was just fine .
6425,for now .
6426,"but when paulo pulled on a sweater and stretched himself out on the tent floor as if to sleep , claustrophobia set in ."
6427,"`` i 'll have to wake you up every hour , '' he informed her ."
6428,`` since you could have a concussion .
6429,"and just so you know , we have motion detectors around our camp ."
6430,do n't try to escape .
6431,we 'll catch you .
6432,''
6433,and paulo switched off the camping lamp .
6434,"it was pitch black in the tent , but she heard his even breathing , imagined him already sleeping , not affected at all by the way he had just destroyed her life ."
6435,sorrow gripped her chest like a vise and she let herself sink back into the sleeping bag .
6436,"she twisted the silver ring on her finger , feeling she was really in a dream ."
6437,"in the real world , girls like her did n't survive bus crashes and get dragged off by a bunch of crazy guys as their prisoner ."
6438,"in the real world , nice guys like noah did n't still love girls like her when they found out who they really were ."
6439,or give them silver rings .
6440,noah .
6441,oh noah .
6442,how could you do that ?
6443,"she felt herself sinking into the ground , asleep in the tent somewhere under the stars , and in her dreams she was back in cochabamba in caf amara with noah ."
6444,"it was three in the afternoon a few months ago , and the caf was nearly empty ."
6445,"bittersweet chocolate and coffee from coroico scented the air , fairly dripping from the lime green silk plastered on the walls ."
6446,"sweet corn mixed with white cheese and anise wafted from the kitchen , where dona filomena , the quechua lady who wore perpetual smile creases around her obsidian eyes , was boiling humintas in an enormous dented pot ."
6447,"wara always imagined her in there , praying under her breath in tongues while she cooked or washed dishes , wide velvet pollera skirt swaying against the counter ."
6448,"across from wara at a smooth wooden table , noah looked up from his toshiba tablet and said , `` so , how did it go on tuesday ?"
6449,did you get in trouble ?
6450,''
6451,`` huh ?
6452,''
6453,"wara frowned at him , glancing up from the quechua book she d been reading while waiting for nazaret to show up ."
6454,"the two girls were teaching a group of ladies to read in quechua at a church downtown , close to caf amara ."
6455,wara saw the twinkle in noah 's eye and suddenly got what he was talking about .
6456,"her face spread into a grin and she lay the book on the table , right over half of che guevara 's face that some local artist had painted in pastels ."
6457,"she leaned back into the chair , raised an eyebrow at him and fingered the little gold star on the side of her nose ."
6458,`` about this ?
6459,"well , i do n't think they liked it , but i 've always been a little weird ."
6460,the bennesons are nice missionaries ; they did n't say anything .
6461,"plus , c'mon , my name means star ."
6462,in a bolivian language .
6463,''
6464,"she peered at noah over the top of her maroon glasses , still grinning ."
6465,`` it 's you you should worry about .
6466,just cause you did n't go to prayer meeting on tuesday does n't mean the rest of the team is n't gon na find out next time .
6467,''
6468,`` you got me .
6469,''
6470,"noah ran a hand through his straggly sandy blond hair , pushing it aside to reveal a little silver hoop in his right ear ."
6471,`` they might be mad .
6472,but i 'm not sure what the big deal is .
6473,half the bolivian guys i 'm friends with here have an earring .
6474,or a couple earrings .
6475,''
6476,"he let the hair fall back over his ear and they both sat there , smiling , enjoying the moment of feeling like naughty missionaries ."
6477,"well , at least one of them was n't really naughty ."
6478,noah was just a nice guy who wanted an earring .
6479,clay dishes clinked from the kitchen and the aroma of lemon bubbles joined the coffee floating around them in the empty coffee shop .
6480,"footsteps scuffed on the pavement outside the open caf entrance and tiago slouched by under a black backpack covered in skull patches , wearing baggy black jeans with chains as usual ."
6481,"noah and wara threw him a wave , and he grinned back , revealing a silver stud in his tongue wara did n't remember seeing before ."
6482,"noah and i have a ways to go before we beat tiago in the piercing count , she thought , still smiling ."
6483,noah had stretched his legs out under the table and was back typing furiously at his little tablet .
6484,"he was squinting at the thing with extreme concentration , like a successful young stock broker in an armani suit instead of a missionary in cut-off khaki shorts that really needed a haircut ."
6485,"`` ok , so , look at this , '' he told wara , whirling the screen around so she could see ."
6486,`` remember last week when we saw all those muslim ladies passing out tracts in the plaza ?
6487,''
6488,sure she did .
6489,"wara had been with noah and nazaret , and they had come upon a big group of women in veils , right in the plaza colon ."
6490,most of them were bolivians who had converted to islam through the influence of the small-but-growing muslim community here in south america .
6491,"the ladies had been passing out tracts about islam , and the whole scene had been kind of surreal because back in the day , christians used to be the only group you would see doing things like that ."
6492,wara scooted her chair closer to noah and planted an elbow right in che guevara 's eye as she positioned herself to squint at his tiny screen .
6493,"`` so i was checking online a little about islam , '' noah said , `` cause i was kinda curious about how it 's growing so much around here ."
6494,look at this website i found.
6495,``
6496,"wara 's eyes fell on something like a powerpoint presentation , all in spanish , with photos of dramatic mountain backdrops fading away around the large letters ."
6497,"`` islam is the only hope for latin america , '' the title proclaimed ."
6498,the following screens explained how islam really is the heritage of spanish-speaking peoples and they should return to it with all their hearts .
6499,islam is the only light for latin america .
6500,and islam gives us a common cause as brothers : fight against injustice and western imperialism .
6501,`` that 's a little bit freaky .
6502,''
6503,wara bit her lip while meeting noah 's eyes .
6504,`` the part about fighting against western imperialism .
6505,"the way so many people feel about western imperialism in bolivia these days , that seems like a great reason for a lot of people to join islam."
6506,``
6507,noah cocked his head to one side and shrugged .
6508,"she could see the earring again , and he looked kind of cute with it ."
6509,"the thought occurred to her that there must be a ton of bolivian girls in love with this guy , and it almost made her laugh ."
6510,`` did n't your parents want you to be a stock broker ?
6511,"or something , '' she asked him , totally changing the subject ."
6512,"noah blinked , then settled back slowly into his chair ."
6513,"`` yeah , something like that ."
6514,they made me study international business .
6515,"and they are not too happy with me right now , as i 'm sure i told you before ."
6516,maybe if i wore a tie to work it would help.
6517,``
6518,"they both snorted , then burst into laughter , tears leaking out of their eyes as they looked at themselves ."
6519,noah in the cut-off shorts and a wrinkled t-shirt with giant hawaiian flower flip-flops .
6520,"wara was wearing frayed jeans and yet another hippy shirt , this one a pumpkin orange with purple tie-dyed rings and little brass bells hanging from the sleeves ."
6521,"yeah , maybe noah should start wearing a pinstripe silk tie with that outfit , when he went to play with the kids at the martirs ' aids center and give them their medicine ."
6522,or when he sang here at the caf .
6523,tobin and tobias could get one too .
6524,they both laughed and swiped tears from their eyes until nazaret came to get wara for their class .
6525,"12 hazel a hard whisper jerked her awake , cutting violently through the darkness ."
6526,the memory of where she was crushed her .
6527,she and noah were n't laughing in the caf together .
6528,"they had been in a bus accident , and she did n't know where noah was ."
6529,"she was here in a tent somewhere , captured by some really dangerous guys ."
6530,"wara froze on the sleeping bag , praying that if they thought she was still asleep , they 'd leave her alone ."
6531,"the guy who 'd kidnapped her , paulo , had woken her up a few times in the night , just to make sure she was still alive ."
6532,before they killed her .
6533,`` hey !
6534,''
6535,the insistent whisper came again .
6536,"`` time for prayers , che ."
6537,''
6538,"wara cracked her eyes open in the direction of the tent door and saw a thin , pale face with a little goatee leaning inside , calling paulo ."
6539,"nylon fabric rustled as paulo staggered up off the floor , shivered , then pulled a second black sweater over his head ."
6540,"`` ya voy , '' he whispered , and the light-skinned man disappeared , leaving the tent flap hanging open ."
6541,`` i 'm coming .
6542,''
6543,paulo turned his morbidly serious gaze on wara and she tensed and did her best to appear fast asleep .
6544,"she slit her eyes open as she heard him padding towards the door , saw that he was leaving in khaki cargo pants and bare feet ."
6545,"after a minute , she slipped from the sleeping bag and crawled to the door of the tent , where a star-studded sky and crescent moon gave the only light ."
6546,was it almost early morning ?
6547,or what were these guys doing up in the middle of the night ?
6548,"`` time for prayers , '' the man who came to get paulo had said ."
6549,wara frowned and bit her lip .
6550,"around six men were gathered in the clearing , close enough that she could pick up what they said ."
6551,"six more men suddenly appeared out of the darkened forest , dripping water from their hair and sleeves ."
6552,"the other six , including paulo in his black sweater , walked together into the trees and disappeared ."
6553,"wara settled in cross-legged , watching the strange scene with bleary eyes ."
6554,"when paulo 's group came back , also glistening with drops of water in the moonlight , all of the men lined up facing the same direction , now silent , without the excited chatter ."
6555,"everyone bowed their heads , and then wara heard the soft rumble of them all chanting together : allaahu akbar allaahu akbar ashhadu allah ilaaha illa-lah ashhadu allah ilaaha illa-lah ash hadu anna muhamadar rasuulullah ash hadu anna muhamadar rasuulullah wara 's pulse surged , knowing what she was listening to ."
6556,"as a linguistics geek , she could definitely recognize arabic ."
6557,god is great .
6558,i bear witness that there is none worthy of worship except god .
6559,i bear witness that muhammad is the messenger of god .
6560,"they 're saying salaat , wara thought , absolutely stunned ."
6561,these guys are muslims .
6562,"the men , still standing , all hooked their hands behind their ears , turning their palms forward , and repeated , `` allah akbar '' in a flat monotone ."
6563,"crossing one hand on top of the other in front of their bellies , they prayed more in arabic , though wara only caught a little ."
6564,"the main gist seemed to be glory and praise to allah , and at the end she heard something about satan ."
6565,she then recognized the opening lines of the first surah or chapter of the quran .
6566,"all of the men outside bowed in unison , backs straight , gaze lowered ."
6567,"wara shivered , hearing again , `` allah akbar !"
6568,''
6569,and realizing that most of the praying men wore long knives hanging from their belts in leather sheathes .
6570,"her attention span suddenly fizzled and she weakly crawled back to the sleeping bag , not quite sure what this new revelation meant for her ."
6571,she was being held captive by a group of muslims .
6572,who had put a bomb on her bus .
6573,for the first time she wondered where she was .
6574,"under the white star light outside the tent , wara had made out the shadowy bulk of mountain peaks ."
6575,"the men must have carried her , unconscious , from the road after the accident ."
6576,"they could n't have carried her far , could they ?"
6577,we could be up on one of the peaks above coroico .
6578,"the perfect hiding spot for terrorists , apparently ."
6579,"who would ever guess that islamic terrorists would be lurking around coroico , adventure tourism capital ?"
6580,"coroico , with its stunning scenery , picturesque small-town charm , thick with plantings of coffee beans and oranges ?"
6581,"feeling rather sick , wara uncapped the bottle of luke-warm water paulo had given her last night and drained the rest ."
6582,"she really needed to use the bathroom , but was n't about to ask ."
6583,yet .
6584,"right now she really needed a distraction , something to keep from thinking about muslim terrorists outside her tent and noah possibly being dead ."
6585,wara dropped the empty plastic bottle onto the sleeping bag and let her eyes wander around the tent .
6586,"the olive green tent was big enough for paulo to stand in at the center , just barely ."
6587,"six people could possibly sleep in the thing side to side , but right now the tent only held the one sleeping bag , a rust-colored hiking backpack , the lantern , and leather sandals ."
6588,and a fat golden book .
6589,"swallowing hard , wara reached towards it , thinking maybe she could work on deciphering some of the arabic lettering in this quran to keep herself from crying ."
6590,"she flipped through the gold leaf pages of the book , then frowned at the page and blinked ."
6591,because the book was n't a quran at all ; it was a bible .
6592,"the scrolling letters shimmered in front of her , and wara closed the book to see the cover , unable to believe what was in front of her eyes ."
6593,"this guy , paulo , had a bible here in his tent ?"
6594,the same paulo who was holding her captive and had tried to kill her and noah on the bus ?
6595,"something fluttered out of the arabic bible pages , swishing to the nylon tent floor ."
6596,it was a dated-looking five-by-seven photograph of a happy family seated at a restaurant .
6597,wara immediately recognized the bright colors and elephant logo of dumbo ice cream parlor in cochabamba .
6598,"the entire family in the picture was gathered around a square table with a canary yellow tablecloth , eating sundaes in tall , frosty glasses ."
6599,footsteps padded outside and wara jumped as paulo ducked in the tent .
6600,"he saw her sitting there , then paused ."
6601,droplets of water still clung to his temples and curly black hair .
6602,`` how are you feeling ?
6603,''
6604,he finally said .
6605,`` what ?
6606,''
6607,wara blinked at him .
6608,how was she feeling ?
6609,was she really supposed to be feeling anything other than awful ?
6610,paulo 's eyes flitted between her face and the photo she was holding between two fingers .
6611,it occurred to her that maybe snapping at him about how she was feeling would n't be the best way to keep this guy from killing her .
6612,"maybe she should talk to him , try to at least seem sympathetic ."
6613,"it was n't very likely he would care , but worth a try ."
6614,"`` dumbo , '' wara remarked , studying the picture again and trying to keep her voice from shaking ."
6615,`` i love this place .
6616,i go here all the time in cochabamba .
6617,who 's this in the picture ?
6618,''
6619,"paulo lowered himself onto the floor next to her and held out one hand , palm up ."
6620,"`` that 's my family , '' paulo said , obviously wanting the picture ."
6621,"but wara kept staring at it , suddenly fascinated with how the family of an evil man who bombed buses would look ."
6622,"they should be dysfunctional to the core , lounging together at a seedy bar while the kids ran wild in the streets ."
6623,what were they all doing eating ice cream at dumbo like decent people ?
6624,"two normal-appearing adults who could be the parents were both looking off in another direction , as were a few of the children ."
6625,"`` looks like you have a nice family , '' wara said , thinking that it was actually true ."
6626,"closest to the camera sat a plump teenage girl with curly ringlets , a mickey mouse sweatshirt , and huge gold hoop earrings ."
6627,"a skinny , good-looking kid with dark hair had an arm around her , wearing a red soccer jersey , grinning at whoever was snapping the picture ."
6628,"the shock started small , somewhere at the bottom of wara 's spine ."
6629,"but by the time it raced up her back , she nearly choked , sucking in a horrified gasp ."
6630,"`` please give me the picture , wara , '' paulo was saying with a tight smile , but wara had frozen , realizing that she knew the face of the girl with ringlets in the picture ."
6631,"in fact , she knew that face so well she felt it was part of her own family ."
6632,paulo snatched the picture away and wara felt the tent wall shimmer around her in waves of hot and cold .
6633,`` you 're alejandro martir !
6634,''
6635,she croaked .
6636,"she stared at the face of the guy in front of her : square , coffee- colored jaw , pretty hazel eyes ."
6637,those were the eyes !
6638,"all seven of the martir kids had them , inherited from their mother , noly ."
6639,"wara 's jaw dropped , then snapped back shut ."
6640,"paulo was blinking at her , obviously shocked ."
6641,"`` your sister , nazaret , '' she forced herself to say numbly , `` is my best friend in cochabamba ."
6642,''
6643,"paulo 's clear hazel eyes widened and then closed , very slowly ."
6644,his face confirmed everything .
6645,13 olive green it ca n't be .
6646,"wara really could n't believe it , could n't wrap her mind around this being anything other than the worst nightmare ever ."
6647,`` you 're the brother ?
6648,''
6649,she forced herself to say the awful words out loud .
6650,`` the one who 's been missing .
6651,''
6652,"she could see it now , that faded photograph on nazaret 's white dresser , surrounded by threadbare teddy bears and little jeweled vials of nail polish ."
6653,"it was him , that skinny kid from the missing brother picture ."
6654,"he was the same guy sitting next to nazaret in the ice cream shop , arm slung around her shoulders ."
6655,"and here with wara in this tent , holding her prisoner ."
6656,alejandro .
6657,she could n't believe it .
6658,one of the martirs was a criminal ?
6659,or a muslim terrorist ?
6660,"paulo-no , alejandro -- -was looking at her with deliberation , as if deciding whether it was worth insisting on the previous lie about his identity ."
6661,then he erased his pained expression and scooted closer to her .
6662,`` actually i go by alejo .
6663,how is my sister ?
6664,''
6665,"wara was furious , horrified ."
6666,`` why do n't you find out yourself ?
6667,''
6668,"she snapped at him , voice bordering on hysterics ."
6669,"`` your family has , like , adopted me in cochabamba ."
6670,they pray for you all the time .
6671,they 've been wondering for years where you 've been !
6672,''
6673,"now wara was sputtering , and she tried to calm down ."
6674,"her nerves were beyond frayed , and her hands trembled on her lap ."
6675,"nazaret 's brother looked stricken , a marked change to his former aloofness ."
6676,"`` nazaret has been doing really well , actually , '' wara glared at him ."
6677,"`` until now , because she 's going to find out that two of her best friends are dead !"
6678,"the good thing is , though , that it looks like she 'll never find out that her brother killed them ."
6679,"so i 'm sure that someday , she 'll go back to being 'fine ' !"
6680,''
6681,"tears filled wara 's eyes , and she felt furious for crying in front of this man ."
6682,but she was also afraid .
6683,"nazaret 's brother or not , this guy had kidnapped her and bombed the bus ."
6684,he had n't contacted his family in all these years .
6685,the fact that wara knew the martirs was n't going to keep alejandro from killing her so she would n't give away information about whatever he and his fellow terrorists were doing .
6686,it was n't the first time she 'd let that word float through her mind .
6687,wara swiped at the tears with her sleeve and tried to control herself .
6688,`` are you a terrorist ?
6689,''
6690,"she asked warily , fixing her runny eyes on nazaret 's brother ."
6691,"alejandro actually had the gall to draw back in surprise , screwing up his face as if offended by her insinuation ."
6692,`` what ?
6693,no !
6694,''
6695,"he insisted , waving his hand at her ."
6696,"`` we are not terrorists , ok ?"
6697,''
6698,"it could have been wara 's overactive imagination , but alejandro did not appear completely convinced of his own words ."
6699,"brief memories crossed wara 's brain of various news articles she 'd read online recently , accusations from the united states that bolivia was harboring fundamental muslims and allowing them to use their country as a base for radical islam 's cause ."
6700,"in fact , one of bolivia 's former presidents had foreseen something similar when he commented , `` bolivia is going to be the next afghanistan ."
6701,''
6702,"she remembered the web page noah had found that day in the coffee shop , the one about islam being the only hope for latin america ."
6703,"`` i 'm not sure i believe you , alejandro , '' she said ."
6704,alejandro watched her guardedly .
6705,`` actually i go by alejo .
6706,i really hate alejandro .
6707,that would be what my father called me .
6708,''
6709,what could alejandro martir possibly have against his father ?
6710,"pablo martir was a good man , a far cry from what his son had apparently become ."
6711,this was a nightmare .
6712,wara 's eyes ran over alejo 's face again : nazaret 's father 's jaw .
6713,his mother 's eyes .
6714,it was awful .
6715,being kidnapped and nearly killed by someone bearing the image of her bolivian `` parents '' was really freaking wara out .
6716,she could n't handle it .
6717,wara crumpled down into the sleeping bag and pulled the top over her head .
6718,"she squeezed her eyes shut , even after she heard alejo leave the tent , close the flap behind him ."
6719,"alejo martir left her alone for a long time , just stopping back once to remind her that the tent was surrounded by motion detectors so she 'd better be sure not to escape ."
6720,"he asked if she needed the bathroom or food , but she did n't even acknowledge him , still curled up under the sleeping bag ."
6721,"alejo and the other guys were close by in the clearing , having some kind of meetings ."
6722,probably terrorist stuff .
6723,"maybe about noon he came back and caught her staring blankly at the cover of the fat golden bible `` brought you some granola bars , '' he said grimly ."
6724,`` and some more water .
6725,"but before you eat , there 's a stream close by in the forest ."
6726,i thought maybe you 'd want to go down there ...
6727,"'' he squatted and picked up a bag from behind his backpack in the corner , which he held out towards wara ."
6728,"she blinked , realizing it was her purple backpack ."
6729,`` how did that get here ?
6730,i do n't remember .
6731,''
6732,"alejo shrugged , one foot tapping on the floor , probably anxious to get back to whatever he was doing outside ."
6733,"`` i 'm going to have gabriel and stalin take you down to the creek , '' he informed her ."
6734,"noting a look of protest about to spread across her face , alejo raised one hand and said , `` most of the guys have already gone back home ."
6735,the ones that are left i trust .
6736,they 're going to take you there and bring you right back .
6737,ok ?
6738,''
6739,`` fine .
6740,''
6741,wara shrugged helplessly .
6742,what choice did she have ?
6743,"she was his prisoner , right ?"
6744,"`` thanks for the food , '' she said in a small voice , glad right now for any small kindness ."
6745,alejo nodded curtly and eyed her again before turning to stride out of the tent .
6746,"she heard him giving instructions to someone outside , and then the tent flap pulled aside and two faces poked in : the pale goatee who woke alejo for prayers this morning and the pudgy guy who last night had told her that when she kicked the bucket she deserved to go to heaven ."
6747,`` ready ?
6748,''
6749,they asked politely .
6750,"wara stood up warily , racking her brain to try to remember if these two had been among those making nasty comments upon her arrival last night ."
6751,"as far as she could recall , the stringy-haired guy had only been standing and staring-and she remembered him giving her a hand up and telling the guys to stop with the lewd jokes ."
6752,and the skinny guy-now it was all coming back .
6753,"he had leaned close when alejo had his arm practically around her neck and whispered , `` i did n't want to bring her , but the guys said i had to ."
6754,''
6755,so far so good .
6756,"`` ok , sure ."
6757,''
6758,wara shrugged and tried to pick up her rather heavy backpack .
6759,the bulky guy stepped forward hesitantly and held out one arm for her bag .
6760,she handed it to him without a word and followed the two of them outside .
6761,"after a few steps in blinding sunlight , they entered the shade of the trees ."
6762,a chorus of cicadas and tropical birds was rising above the canopy .
6763,"wara jumped as a reedy voice said , `` so , i 'm stalin ."
6764,in coroico i 'm a professor .
6765,i teach kids morality and ethics class .
6766,''
6767,"`` uh , hi ."
6768,''
6769,morality and ethics class ?
6770,is he serious ?
6771,`` my name is gabriel shara .
6772,''
6773,"wara noticed that the taller , thin guy had a baby face with kind-looking greenish eyes ."
6774,"`` i 'm wara cadogan , '' she said , wondering if they really cared ."
6775,"`` yeah , we know ."
6776,''
6777,gabriel was starting to cheer up .
6778,`` we read your passport .
6779,you 've been here in bolivia for a really long time .
6780,''
6781,"`` six years , '' stalin remarked , stepping carefully over a very tall rock , slippery with the morning dew ."
6782,"wara felt the dampness soak through her canvas shoes and into her ankle socks , and decided that whatever time left to her in life she would live barefoot ."
6783,"`` just a second , '' she said , stopping in the middle of the forest and beginning to peel off her soaked shoes and socks ."
6784,`` my shoes are all wet .
6785,''
6786,`` but-we 're almost to the stream !
6787,''
6788,"stalin insisted , seemingly shocked by the sight of a gringa stripping off her footwear in the middle of the cloud forest ."
6789,`` you 're going to get cut on the rocks !
6790,''
6791,"`` well apparently i might die today anyway , so i might as well enjoy my last day , right ?"
6792,am i supposed to be afraid of dying with a few cuts on my feet ?
6793,''
6794,"she wadded the damp socks up into her shoes and began walking again , picking her way over broken sticks and squishy moss ."
6795,"stalin and gabriel walked alongside her in morose silence , until the gurgling of water told wara that stalin had been right ."
6796,"a shallow , rushing stream cut its way through a dirt patch of the forest just ahead , tripping over small stones in its path ."
6797,"stalin set her backpack down on a flat rock by the stream , and then motioned to gabriel ."
6798,"`` ok , so we 're going to leave you here for a while , but do n't do anything foolish because we 'll be close by ."
6799,''
6800,"stalin cocked his head to one side and then said , `` we wo n't be peeking , though ."
6801,"i mean , we 'll be far enough away ?"
6802,''
6803,"gabriel looked mortified and glared at stalin , who grinned lopsidedly and let gabriel lead him away ."
6804,gabriel turned back towards her with a cool grin .
6805,"`` do n't even think about disappearing , ok ?"
6806,"i 've got equipment up here you 've never even heard of , and i 'll find you like that ."
6807,''
6808,"he snapped his long fingers , and then whirled back to continue off to some point in the banana plants where they would be waiting ."
6809,"shivering in the coolness of the mountain air , wara quickly unzipped her backpack and dug out a change of clothes ."
6810,"she pulled on black pants and a green tank top , then knelt next to the stream to try to wash the dried blood from her cheek and hair ."
6811,`` still there ?
6812,''
6813,a masculine voice hollered from somewhere in the bushes .
6814,`` yes !
6815,''
6816,"she answered , biting her lip ."
6817,"`` just a second , ok ?"
6818,''
6819,`` just making sure !
6820,''
6821,a different voice called back .
6822,the frigid water burned her scalp and she realized she probably did have some cuts .
6823,she remembered the side of her head smacking against something in the bus as she saw the wall of silver fire go spinning over her like a ceiling .
6824,"i must have gotten thrown out the window , she realized with a shiver ."
6825,but i hardly have any cuts .
6826,maybe the explosion blew the glass away first .
6827,"nausea filled her as she imagined noah , arm ripped away from her shoulder as he was thrown further into the fiery bus by the explosion , while she was tossed out the window in the opposite direction , to safety ."
6828,"`` i know women take a long time , but we really have to get back ."
6829,''
6830,wara thought the too-cheerful voice was skinny gabriel 's .
6831,she slogged across the spiky grass on her bare feet and scooped up her backpack .
6832,"`` ok , you can take me back now , '' she called sadly ."
6833,"in a way , she wished they would just tie her up out here instead of bringing her back to the clearing ."
6834,"here , sapphire blue butterflies were flitting across the racing surface of the stream , licking up crystal drops , dipping their spindly black legs into the water ."
6835,"stalin and gabriel crunched their way out of the foliage , staring at her standing there in bare feet ."
6836,"obviously deciding not to mention the feet again , stalin wordlessly took her backpack and motioned for her to follow them back to the camp ."
6837,sunshine hit her damp hair with a welcome warmth as she stepped out of the shade and into the clearing .
6838,the sight of all the olive green tents quickly brought the chill back .
6839,"alejo was sitting on a rock , talking to a short guy with wire rim glasses and a little brown goatee ."
6840,"`` take care of things for me a while , will you benjamin ?"
6841,''
6842,alejo told him and wara was not happy with the way alejo 's eyes ran over her as stalin and gabriel passed her over to him .
6843,"alejo 's lips curved into a wry smile and he grabbed her arm , half-dragging her with him towards his tent ."
6844,"she really had to focus on keeping her feet under her as alejo marched her along , then pushed her through the door of the tent ."
6845,"inside , her dropped her arm and latched the tent door shut ."
6846,"`` bad news , '' alejo frowned at her , then immediately began to pace ."
6847,"wara blinked , noticing the bead of sweat that had popped out on his forehead just then ."
6848,what was going on ?
6849,"she started to ask , but alejo held up a hand to cut her off ."
6850,"`` let me think , '' he ordered crossly ."
6851,"wara bit her lip and sank down onto the sleeping back , hooking her hands around her raised knees ."
6852,"a few loud shouts rang out in the clearing , and alejo muttered a very bad word ."
6853,animated conversation drew nearer outside the tent .
6854,"`` you did n't have to come back here , sir , '' someone said cheerfully ."
6855,`` we have everything under control-no worries .
6856,''
6857,a pause while a lower voice rumbled something .
6858,"then , `` yeah , she 's in there ."
6859,alejo 's been keeping her .
6860,of course we understand that .
6861,"he just wanted to wait until the paraguayans were gone , not make a show of it ."
6862,''
6863,"alejo swore , glanced at the tightly-closed tent door , and then swore again ."
6864,"he pressed one hand against his temple , and then fixed his eyes on wara , taking a deep breath ."
6865,"`` i hope you can forgive me for this , '' he muttered , then swung down to yank her to her feet , pulling her against his chest ."
6866,"panicked , wara tried to pull away , but alejo 's fingers dug into both of her wrists ."
6867,"when he let go , she could n't bring her arms around from behind her back ."
6868,"something thin and biting dug into her flesh , pricking her hands ."
6869,alejo had bound her wrists together .
6870,she barely had time to register this fact before alejo threw an arm around her and dragged her tighter against his chest .
6871,"her rib cage slammed into his and he hooked a leg around the back of hers , preventing her escape ."
6872,"before she knew it , he was kissing her , the scarce stubble of his chin like sandpaper against her cheek ."
6873,"appalled , wara struggled against him , trying to free one of her legs to kick him hard ."
6874,it was no use ; she was caught like a worm on a hook .
6875,"heavy footsteps sounded outside , and sunlight flooded the tent as someone flapped open the door ."
6876,"alejo took his time finishing the kiss , then finally let wara draw back and turn towards the door ."
6877,"her vision swam as she took in the familiar figures of stalin and gabriel , along with two new faces watching them from just inside the tent ."
6878,a shower of sparks shot through her skull as alejo grabbed her hair and tilted her face upward towards his .
6879,"his eyes were glinting with a thousand specks of green fire , and she felt her face burn , absolutely humiliated ."
6880,"alejo winked at her , then turned towards the guys at the door ."
6881,`` what is it ?
6882,''
6883,he grinned .
6884,`` we 're a little busy right now .
6885,"i told the guys i 'd be right back , ishmael ."
6886,''
6887,wara shivered at his mocking tone .
6888,"alejo released her hair and she turned to see the newcomers , face still flaming ."
6889,"standing next to stalin stood a tanned figure , jaw hanging open as he gaped at her and alejo ."
6890,it was lzaro .
6891,14 beet red sharp purple stars exploeded in front of wara 's eyes .
6892,this could not be happening .
6893,`` lzaro ?
6894,''
6895,"she struggled to push away from alejo , all the while unable to take her gaze off lzaro in the doorway ."
6896,"he was wearing the same kind of irish cap he had always worn , along with a casual sweater , jeans , and hiking boots ."
6897,his eyes were hidden behind the same sunglasses he had been wearing in the truck in coroico .
6898,wara gasped loudly .
6899,lzaro ripped the sunglasses from his eyes and gaped at alejo .
6900,`` wara ?
6901,''
6902,"lzaro said dumbly , gaze dashing back and forth between wara and alejo ."
6903,`` you 're the one they found ?
6904,?
6905,''
6906,wara 's eyes were torn away from lzaro as alejo 's hand forced her head against his chest .
6907,"she tried to pull away angrily , then froze , weak-kneed , as she heard him unsheathe the hunting knife from his belt and saw its blade out of the corner of her eye ."
6908,"remembering her position as captive , wara let herself hang limply against alejo as one of his hands continued digging into her cheek ."
6909,"with the other , he pulled at the plastic ties around her wrists and cut her hands free ."
6910,"through his t-shirt , wara could hear the steady , slow tempo of alejo 's heart , totally composed , completely devoid of the fear that caused her own heart to race ."
6911,she hated him for it .
6912,"by now , the bridge of lzaro 's nose had turned beet red , and his fists clenched at his sides ."
6913,"`` that 's my girlfriend , you idiot !"
6914,''
6915,he growled .
6916,alejo started with surprise and a moment of silence rang over the tent .
6917,"`` your ex-girlfriend , is n't it ?"
6918,''
6919,he finally said coolly .
6920,`` this is the missionary you used to go out with ?
6921,well you should thank me then for doing you a favor .
6922,"her boyfriend is dead , along with salazar ."
6923,do n't get your knickers all up in a knot .
6924,"c'mon , let 's take this outside !"
6925,''
6926,alejo 's fingers dug into her arm as he dragged her through the tent door .
6927,the others drew back to make room .
6928,"lzaro , apparently not satisfied in the least with alejo 's calm explanation , swore foully and then rushed him , slamming into him from behind ."
6929,wara felt the momentum of the push twisting her off her feet .
6930,"an arm caught her around the shoulders , yanking her back up to standing as alejo released her ."
6931,"she saw alejo land on both palms just before hitting the ground and release a lightening backwards kick that caught lzaro under the chin , spinning him around with a grunt ."
6932,"wara struggled to look behind her and realized that the man now holding her was benjamin , the one with the wire-rim glasses ."
6933,"one forearm clamped tightly around her neck , threatening to cut off her airway if she moved ."
6934,"wara was trapped , watching as lzaro and alejo flew at each other again in some kind of martial arts stance , each taking a few violent punches ."
6935,"like alejo had said earlier , most of the guys who had been up here on the mountain were already gone ."
6936,"an older guy wara had n't seen before had appeared , however , watching the scene with displeasure , arms crossed in front of his chest ."
6937,"the man was actually much older than the others , wearing olive green pants with multiple pockets , a t-shirt , and one of those khaki vests full of zippers and flaps favored by foreign journalists in a war zone ."
6938,"a neatly-trimmed beard peppered with gray gave the impression that he could be a kindly grandfather , except for how his eyebrows were now knit into the perfect v , scowling first at her , then at the fight ."
6939,"confused and numb by all the blows and shouts , wara 's mind finally registered that alejo had launched himself from the ground with a somersault and brutally knocked lzaro to the dirt with a kick to the ribs ."
6940,"spinning in a half circle , lzaro fell with a thud , swore at the attempt to rise , then gave up ."
6941,`` enough ?
6942,''
6943,"alejo panted , sweat running down his back ."
6944,"`` i like you , che , and i really hope that 's enough ."
6945,"i did n't know , i promise you ."
6946,"just for you , i wo n't touch her again ."
6947,''
6948,"`` yes , i think fun time is over ."
6949,''
6950,the authoritative voice of the grandfatherly newcomer carried over the group .
6951,"`` asalaam alaikum , ishmael ."
6952,''
6953,wara saw alejo grin at the older man .
6954,"then nazaret 's brother began speaking a different language , clipped , as if reporting facts ."
6955,"lzaro was painfully picking himself up off the ground , a bloody gash running above his right eyebrow ."
6956,"he walked gingerly towards the rest of the group , keeping a wary distance from alejo , listening ."
6957,from time to time he threw a guarded glance at wara .
6958,"soon after their little conference , the older guy turned his beady gaze back on wara ."
6959,"she was still pinned against benjamin , eyes barely slit open , for the first time ever not trying to figure out what language everyone was speaking ."
6960,sweat dripped down her back and she was terrified .
6961,"`` i am so sorry , '' the older guy was saying with a smile in smooth spanish , `` that this has been allowed to drag on this long ."
6962,i 'm sure you are a nice girl.
6963,``
6964,"the smile died away , and he unsheathed a long , curved hunting knife with a smooth whine , turning his gaze towards lzaro ."
6965,"`` my son , it 's time for us to move on , '' he explained patiently to lzaro in accented spanish ."
6966,"`` apart from being a witness to the bus accident , she can identify you ."
6967,''
6968,a trickle of blood from the wound alejo left was slowly winding down lzaro 's face like a shiny maroon caterpillar .
6969,"he gaped dumbly at the knife that the man now extended towards him `` lzaro , '' wara stammered , heart slamming against benjamin 's arm ."
6970,"the fact that lzaro , too , was here , part of this , was absolutely surreal ."
6971,`` how could you do this ?
6972,"noah was your friend , was n't he ?"
6973,how could you want to kill him ?
6974,he never did anything to you !
6975,``
6976,"lzaro just stared at her , possibly realizing for the first time that noah too had been on the bus ."
6977,"he glanced at the old guy , nervously , and his hand closest to the offered knife twitched ."
6978,"wara took in that gabriel , standing next to lzaro , appeared ready to vomit , one hand clutching his throat , staring at wara 's neck ."
6979,"feeling faint , wara realized that they were going to slit her throat ."
6980,"lzaro stumbled a slight step back , and at that moment wara saw the flash of the knife against the sun as the old guy moved straight towards her , impatient ."
6981,"she felt benjamin 's grip on her tighten as he said , `` i 've got her , mr ."
6982,khan .
6983,''
6984,"and then , from the side , alejo was moving forward , marching towards her with a face full of calm fury ."
6985,"the fist that connected with her face shot white hot rays of pain through her head , splattering her vision with colored lights ."
6986,benjamin must have released her just as alejo 's punch slammed into her nose .
6987,"wara twisted around backwards on lifeless knees , then crumpled to the ground with a jolt of fire ."
6988,"evil lights flashed in front of her eyes , and she wanted to pass out , die , anything ."
6989,no such luck .
6990,"wara shrieked in agony as someone grabbed her hair and pulled her to her feet , wrapping an arm around her shoulders to secure her against them because it was obvious that there was no way she could stand ."
6991,"oh god , please help !"
6992,get me through this part ?
6993,`` stand up !
6994,''
6995,"a voice grated into her ear , and wara 's heart sank as she realized it was alejo she heard herself breathing loudly , vision swimming with the pain ."
6996,"alejo yanked her hair back and wara saw the silver of a razor-sharp knife blade , only an inch away from her exposed neck ."
6997,"`` we have extenuating circumstances here , sir , '' she heard alejo say calmly ."
6998,`` gabriel should n't have to watch this .
6999,i 'll take her into the forest .
7000,''
7001,"he dragged her in front of him so her bare feet skimmed the grass , then barked into her ear , `` walk !"
7002,''
7003,"to the other men he called , `` we 'll meet in town !"
7004,''
7005,"alejo pushed her ahead of him into the cover of the mossy forest , dragging wara along as he stomped through the grass ."
7006,"her vision had cleared enough to make out the trees , but everything still shimmered and she was sure if alejo were n't holding her up she would have just dropped to the ground ."
7007,she absently realized the salty stuff dripping across her lips was blood and that her nose was probably broken .
7008,"may nazaret never hear about this , about what her brother has done ."
7009,"they pushed quite a ways into the forest , ducking under hanging tree fronds and circling giant banana plants ."
7010,then wara 's foot hooked on a big root and she went hurdling towards the forest floor .
7011,the vision of the flashing knife waving near her neck told her alejo was going down with her .
7012,"wara 's breath pumped out of her chest with a sharp gasp as his body slammed on top of hers , pushing her face into the raspy grass ."
7013,"a rough hand clamped across her mouth , sending rays of pains surging though her skull ."
7014,"`` do n't scream , '' he whispered lowly in her ear ."
7015,"`` whatever you do , do n't scream ."
7016,i 'm not going to hurt you .
7017,''
7018,"breathing heavily , alejo rolled off of wara and sat listlessly on the ground by her side , one arm propped up on his knee ."
7019,"in a daze , wara rolled over onto her back painfully , unable to stop shaking ."
7020,her eyes were beginning to swell .
7021,she gingerly wiped her sleeve across her face in an attempt to clear away some of the blood that was still flowing from her nose and stifled a sob at how much it hurt .
7022,"god , what is happening ?"
7023,"`` you 're going to kill me later , then ?"
7024,''
7025,"even though alejo had told her to be quiet , she had to know ."
7026,"he had been staring off into the jungle , but now his gaze jerked sharply back to her ."
7027,"wara winced and raised her arm , cringing ."
7028,"he did n't hit her again , and she opened her eyes in time to see alejo hurl the knife off into the forest as if it were a deadly scorpion ."
7029,"he turned away from her and threw up onto the prickly tropical grass , gasped for breath , and then threw up again ."
7030,"finally he lifted his head , white as a sheet , and wiped his mouth shakily on his sleeve ."
7031,"`` i 'm so sorry , '' he choked ."
7032,`` i told you i was n't going to hurt you .
7033,"oh god , i 'm so sorry ."
7034,"nothing 's going to happen to you now , ok ."
7035,i 'm gon na take you where it 's safe .
7036,''
7037,wara started to feel everything around her fading away .
7038,maybe she was dying .
7039,the giant pine tree branches overhead were starting to sway as if a lazy breeze ran through them .
7040,"no , that was ridiculous ."
7041,she could n't be dying from a broken nose .
7042,"but she felt so dizzy , and simply could n't move ."
7043,what was nazaret 's brother saying ?
7044,that he was sorry he had broken her nose ?
7045,why ?
7046,he had n't looked sorry a few minutes ago when he did it .
7047,and what was with the puking ?
7048,everything is spinning around so fast .
7049,wara vaguely realized that she had been scooped up and was moving through the trees .
7050,alejo must be carrying her .
7051,"she slumped against his shoulder , and the sounds of crickets singing among the banana trees and grass crunching underfoot slowly faded away ."
7052,"15 pale she felt herself gently swaying back and forth , face hugging something scratchy and warm ."
7053,"for several minutes she drifted blissfully between semi-awake and half-asleep , trying to pry her eyes open but at the same time being quite sure she did not want to wake up ."
7054,"she remembered passing out , and that alejo had hit her , and yeah , the pain was definitely still there ."
7055,"wara gasped and jerked wide awake , rolling into a sitting position and looking over her shoulder ."
7056,"he was still here , sitting with arms propped on his knees ."
7057,wara grabbed her head as black and silver flashed across her eyes in a violent parade .
7058,the sunlight was blinding .
7059,"they were in the back of a truck , surrounded by high wooden slats ."
7060,"alejo was staring off to one side , watching the road through gaps between the rough boards ."
7061,"he turned towards her when he heard her groan , but wara could only close her eyes and take deep breaths , trying to keep the world from spinning around backwards ."
7062,"freakily , alejo 's expression had completely changed from the way he had looked at her with remorse in the jungle for those few minutes after he had thrown the knife away into the wild ."
7063,"now , his face had settled into such a serious mask that wara was glad she was too dizzy to look at him ."
7064,those intense hazel eyes were just plain scary .
7065,"she moaned again and weakly flopped back into a fetal position in the straw of the floor of the truck , her back to nazaret 's brother ."
7066,he had given her a concussion ; she was sure of it .
7067,"against her closed eyes , she saw again the scene in the clearing of the camp , alejo 's face as he swung at her in rage ."
7068,the rest of the blank faces as they simply stared .
7069,`` why did n't you kill me ?
7070,''
7071,wara barely recognized the croaking voice that came out of her own mouth .
7072,"she cleared her throat slowly and curled up tighter in her corner of the truck bed , too weak to do anything else but wait for his answer ."
7073,"after a long pause , alejo answered her , voice detached but non-threatening ."
7074,`` i never wanted to kill you .
7075,"i just could n't let you know that , or you would have given away the escape plan ."
7076,''
7077,`` what ?
7078,''
7079,wara squeaked .
7080,`` my friends are very smart .
7081,they would have been able to tell if you trusted me .
7082,i never meant to have to hit you '' -- his voice faltered for a second there- '' but it was the only way to get you out of there with what i had to work with .
7083,i was in charge of the rest there at the camp .
7084,"but that man who showed up with lzaro is ishmael khan , our handler ."
7085,"he 's our boss , and as soon as he arrived , i knew that you were as good as dead ."
7086,''
7087,wara frowned as alejo went on .
7088,"`` ishmael was already coming at you with the knife , because lzaro would n't do it ."
7089,"i had to stop him cold in his tracks , and hitting you was the only way i could think of ."
7090,two more seconds and he would have cut your throat .
7091,"gabriel was robbed and had his throat slit in pakistan a month ago , and lzaro was involved with you , so i had a good excuse to take you out of their sight and eliminate you ."
7092,they could n't have handled it .
7093,and because you were ?
7094,"incapacitated , benjamin and the khan assumed they did n't need to come with me to keep you from escaping ."
7095,thank god they did n't .
7096,''
7097,there was a long pause as wara tried to focus on the details of what alejo had just said .
7098,he had to break her nose to save her life ?
7099,`` you broke my nose !
7100,''
7101,"she blurted out , then gasped at the nausea waves produced by the effort of shouting ."
7102,"`` i wo n't be able to tell if your nose if broken until the swelling goes down , '' alejo said , still maddeningly calm ."
7103,"`` if it 's broken , i can set it ."
7104,"i 've set a lot of broken noses , including mine ."
7105,''
7106,there was no way she was letting alejo touch her swollen nose .
7107,she dared to raise a hand to her face and realized that there was n't nearly as much dried blood as she remembered .
7108,had alejo cleaned blood from her face while she was sleeping ?
7109,the thought made her frown .
7110,"she just lay there , slumped into the straw , not knowing what exactly she was allowed to ask in the presence of a terrorist who was also the brother of her best friend ."
7111,how did she address the man who had broken her nose and then saved her life ?
7112,wara found she did n't care anymore ; everything had become much too confusing .
7113,"`` so , who are you ?"
7114,''
7115,"she finally asked , slowly working her way over onto her back ."
7116,a painful blush spread across her face as the memory of alejo kissing her in the tent played across her mind .
7117,"she supposed it was part of his lovely escape plan , but she still did n't like thinking about it at all ."
7118,`` you have a handler ?
7119,"are you , like , a hit man ?"
7120,''
7121,"sitting cross-legged next to her , alejo snorted , a frustrated , annoyed kind of sound ."
7122,"`` no , i 'm not a 'hit man ' !"
7123,"i work for a muslim organization that works for justice by fighting against the bad guys , wara ."
7124,''
7125,`` but you have a bible .
7126,a really big one .
7127,do you even read that thing ?
7128,''
7129,of course he did n't read it .
7130,he was a muslim .
7131,and a murderer .
7132,"we fight against the bad guys , wara , alejo had said ."
7133,"well , wara was pretty sure nazaret 's brother was confused about the definition of `` bad guy ."
7134,''
7135,alejo sighed and pressed his lips together .
7136,"`` i 'm not a muslim anymore , '' he finally said ."
7137,"wara glanced at him , blinking away the confusion ."
7138,alejo looked away at the wooden truck slats .
7139,"`` i was , but now i 've decided to follow jesus '' wara did n't think she could have been more shocked if he had proposed marriage right then and there ."
7140,this guy was a nutcase !
7141,`` how can you follow jesus and ?
7142,go around killing people ?
7143,''
7144,she demanded .
7145,"she tried to scoff , but the effort just hurt her nose ."
7146,she settled for scowling at him .
7147,alejo turned towards her sharply .
7148,`` we do n't just go around killing people .
7149,"i have high-level training from hezbollah 's militant wing , and i take advantage of that to get rid of the guys who hurt the poor and oppressed ."
7150,"i do things that i know are wrong , but it 's worse , wara , to just sit around and do nothing while you watch innocent people suffer ."
7151,we 're not terrorists .
7152,''
7153,wara was n't convinced .
7154,`` so you follow jesus by killing people .
7155,''
7156,alejo cut her off .
7157,"`` a couple weeks ago , my good friend gabriel was robbed and they slit his throat ."
7158,"a few seconds later , a pakistani man came along and found him lying there ."
7159,he could have just left him alone-it was really inconvenient for him to help .
7160,"but he did help him and he saved gabriel 's life , like in the story jesus told about the samaritan ."
7161,''
7162,alejo played absently with the fringe on a canvas bag of oranges that was part of the truck 's cargo .
7163,`` what if that pakistani guy had come along while gabriel was still being attacked ?
7164,"should he , or the good samaritan , have just politely stepped aside and waited until the thieves finished , before stepping up to see if the victim was still alive and they could help ?"
7165,"or if they were stronger than the thieves and had a gun , should they have saved the man from being robbed and nearly killed in the first place ?"
7166,''
7167,"wara frowned , remembering gabriel with the friendly green eyes who had taken her down to the creek and how he had one hand to his throat as he watched them about to kill wara ."
7168,"`` jesus said to love your enemies , '' she finally managed ."
7169,"no matter how much using violence seemed to be justified , the results could never be worth it , could they ?"
7170,what about noah ?
7171,`` i know .
7172,''
7173,alejo was still frowning darkly .
7174,"`` but he also said he came to set the captives free , and to show love to everyone ."
7175,"as horrible as it is , sometimes those two commands just ca n't both happen at the same time ."
7176,''
7177,"alejo was morosely silent for a moment , and wara squinted up into the streaked sky ."
7178,"they were driving under the leafy branches of clustered palm trees now , and the sunlight flashed onto her face , then disappeared behind the temporary shade of their latticed leaves ."
7179,"he could have killed me , but instead he saved my life , wara realized ."
7180,"she would like to think alejo was just insane , but some of what he said made sense ."
7181,"she just lay there , squinting against the bright sky , trying not to think about how much everything hurt ."
7182,`` what about you ?
7183,''
7184,she finally asked to break the unpleasant silence .
7185,`` you were in charge .
7186,are n't you going to get in big trouble for this ?
7187,''
7188,"she tried to meet his eyes , hoping he would see that she was grateful , despite the possible broken nose , several unwanted kisses , and the fact that he was the one who had nearly killed her on the bus in the first place ."
7189,"but wara found alejo staring off at the pile of blue canvas orange sacks , looking much more serious than she had hoped ."
7190,"`` actually we are in big trouble , '' he answered a little mechanically , eyes not meeting hers ."
7191,"`` i 'm going to keep you safe , i swear it ."
7192,but first there 's something i have to do .
7193,i think that ?
7194,i 'm pretty sure that ?
7195,`` alejo stopped and swallowed hard .
7196,"`` in punishment for me betraying the group , i think they 're going to try to kill my family ."
7197,''
7198,wara suddenly could n't breathe .
7199,`` what ?
7200,''
7201,she croaked .
7202,a wave of ice engulfed her .
7203,his family .
7204,the martirs .
7205,`` i know they 're going to look for them .
7206,''
7207,alejo shook his head bitterly .
7208,`` i was a leader ; i know everything .
7209,there 's no way the khan is n't going to be furious .
7210,he saw me as family and i betrayed him .
7211,''
7212,`` nazaret ?
7213,''
7214,wara whispered .
7215,a shiver ran from her toes to her scalp .
7216,`` they would hurt them ?
7217,what are we going to do ?
7218,''
7219,"`` if we can warn them first , they can run ."
7220,''
7221,alejo 's voice was flat and a sheen of sweat painted his forehead .
7222,wara was horrified .
7223,`` but ?
7224,how much time do we have ?
7225,''
7226,"`` when you heard us talking in pashto , ishmael was telling us to kill you right away and throw your body in the waterfall that 's about a half-hour walk into the forest ."
7227,"the body would have drifted down into the main river , which runs through the canyon near the bus ?"
7228,accident .
7229,i told them i 'd meet them down in coroico .
7230,"i say we have two more hours before they start to wonder , three before they realize what i 've done ."
7231,''
7232,alejo rested his arms on his knees and hid his face .
7233,"`` oh god , '' wara heard him whisper raggedly , shoulders slumped with despair ."
7234,`` what have i done ?
7235,''
7236,16 canary yellow `` bajamos !
7237,''
7238,alejo 's no-nonsense voice boomed as he banged on the side of the truck through the slats a few minutes later .
7239,"whoever was driving must have heard his announcement that the people in the back wanted off , because the truck 's gears shifted down and the heavy vehicle scraped to a stop ."
7240,"wara 's head hurt even more now , thanks to the shocking news about the martirs ."
7241,the rusty back gate of the truck clanged open revealing a young guy with a che guevara baseball hat and greasy black ponytail waiting for them to get out .
7242,"alejo hauled wara to her feet , and for a moment everything shimmered violet and green ."
7243,"her legs were n't feeling so weak anymore , and she took a few shaky steps across the filthy truck bed , avoiding the giant sacks stuffed full of tropical fruit ."
7244,"alejo passed the driver a red hundred boliviano note , then lowered wara onto the ground and jumped out behind her ."
7245,wara heard the truck grind into gear and chug away behind them .
7246,`` i can walk now .
7247,''
7248,wara realized alejo 's arm was around her waist .
7249,she shrugged away from him and began to pick her way carefully through the tangled mass of plants .
7250,"`` ya , '' alejo said ."
7251,the spanish equivalent of `` fine .
7252,''
7253,"wara glanced at him and saw he was still sweating bullets , the weight of the world on his shoulders ."
7254,could it really be possible that his family could die because he had become part of this group ?
7255,she wrinkled her nose painfully .
7256,`` where are we going now ?
7257,''
7258,"she whispered , not sure if there might be bad guys lurking about in the wild ."
7259,"alejo seemed startled by her sudden question , but he did n't slow his stride ."
7260,`` there 's an airplane here .
7261,we can take it to get to cochabamba and warn my family .
7262,''
7263,wara struggled not to stumble at the reminder that someone could hurt the martirs .
7264,`` is there a pilot ?
7265,''
7266,`` i can fly it .
7267,''
7268,alejo 's answer was clipped but not impatient .
7269,"wara frowned and shifted her gaze over to him , not sure what to think ."
7270,"alejo apparently read her thoughts because his mouth twisted wryly and he said , `` i fly the plane for work , wara ."
7271,"this is the only airplane that brings tourists in and out of coroico , so we make good money ."
7272,it 's not because i 'm plotting to fly the thing into a building like 9/11 .
7273,''
7274,"before she could answer him , they came into a little clearing holding a squatty adobe house half-shaded by a thick mass of arching orange trees ."
7275,"a battered blue motorcycle leaned against a sleek banana plant , and a gaggle of scraggly chickens pecked lazily in the powdery dirt ."
7276,"there appeared to be a larger clearing beyond the house , and sure enough , a straw-colored airplane was sheltered under a structure made of corrugated tin sheets ."
7277,"and in the distance , a spacious , cleared area with dirt tracks down the center : a runway ."
7278,"alejo hollered out a greeting in spanish and a stout , balding guy wearing a stained white undershirt swaggered out from behind a sheet fluttering over the house 's open door ."
7279,`` alejo !
7280,''
7281,the man 's ample face instantly spread into a grin .
7282,"he covered the distance between himself and his visitors quickly , clasping alejo 's hand firmly in his own beefy one ."
7283,there was a tattoo of a mermaid with red scales and a set of panpipes on his upper arm .
7284,"wara knew she should be wondering who this guy was , but thinking about the martirs made her feel dizzy ."
7285,her face still hurt .
7286,a lot .
7287,"`` che , how 's it goin ' ?"
7288,''
7289,the guy with the mermaid tattoo slapped alejo on the shoulder .
7290,`` you gon na take helda up ?
7291,''
7292,he turned to greet the girl at alejo 's side but stopped short of the kiss on the cheek when he saw the condition of wara 's face .
7293,"the balding man took her hand carefully instead and held it , frowning back at alejo in concern ."
7294,"`` che , what have you been doing to this woman ?"
7295,"i hope it was n't you , eh ?"
7296,''
7297,"he was trying to joke , but the alarm in the guy 's eyes said he suspected it was indeed alejo who was responsible for the condition of wara 's nose ."
7298,"she suddenly felt ashamed , standing there with bare , filthy feet and dried blood caked on her tank top ."
7299,"alejo laid a hand on her shoulder , and she cringed , stepping away ."
7300,"`` boris , i 'm taking her to the doctor ."
7301,''
7302,alejo saw her glaring at him and smiled tightly .
7303,`` since i 'm going into cochabamba anyway on business .
7304,''
7305,"`` well , good ."
7306,''
7307,"the fat , mermaid tattoo guy named boris nodded , shooting another worried glance at wara ."
7308,`` do n't forget .
7309,you 'll bring me back helda tomorrow ?
7310,maybe bring some tourists back ?
7311,''
7312,"`` sure , if we 're lucky ."
7313,but now i 've got ta fly like a bat outta hell .
7314,do you think we could get her up in five minutes ?
7315,''
7316,`` why not ?
7317,''
7318,boris shrugged and his belly jiggled under the white undershirt .
7319,`` on the way back we can have a beer .
7320,i wo n't tell the khan .
7321,"just sign the log please , and i 'll get her ready ."
7322,''
7323,boris winked and pulled a tattered notebook sporting the fading image of the incredible hulk out of his back pocket .
7324,"alejo pulled the lid off a ballpoint pen with his teeth , scribbled something in the notebook , and flipped the pen and notebook back towards boris ."
7325,"the portly airplane owner whipped around with amazing agility and started towards the airplane , shouting instructions into a small black radio he had somehow produced and now held up to his mouth ."
7326,`` boris !
7327,''
7328,alejo yelled after him .
7329,boris turned around distractedly as he dictated what appeared to be flight coordinates to someone across the radio waves .
7330,`` let your daughter lend some clothes to this poor girl .
7331,''
7332,wara wanted to sink into the ground as alejo motioned towards her with a sheepish grin .
7333,`` c'mon !
7334,i 'll bring her something new back from the market in cochabamba when i come .
7335,''
7336,"boris must have nodded his approval , because wara heard alejo holler `` gracias '' , then motioned her forward towards the ramshackle house ."
7337,he yanked the blue-checked sheet draped over the doorway aside so wara could enter the house .
7338,she clenched her fists as she squeezed past alejo 's sweat-soaked t-shirt .
7339,"the room just inside the door was cramped , graced with a burnt orange couch with torn upholstery and a few armchairs ."
7340,an antique wooden shelf holding a murky fish tank and an army of porcelain clowns and teddy bears was stuffed in a corner .
7341,with the low glass coffee table in the middle of the room there was barely space to turn around .
7342,"a wicker ceiling fan swirled above , lop-sided and losing the battle to cool the room from the tropical heat ."
7343,a chubby teenage girl with deep red lip liner and a black brittany spears tank top with rhinestones stuck her head out of the doorway of one of the back rooms .
7344,"`` hey , alexis , '' alejo greeted the girl ."
7345,`` what 's up ?
7346,"say , your dad said i could ask you a big favor ."
7347,my friend here would like to borrow some of your clothes .
7348,i told your dad i 'd bring you something new back from the market in cochabamba .
7349,''
7350,alexis kissed alejo on the cheek but looked skeptical about his offer .
7351,she raised one plucked eyebrow and took in wara 's bloody face and disgusting appearance .
7352,`` my dad said that ?
7353,''
7354,"wara squared her jaw , determined to get through this , to get to the martirs and make sure they were safe ."
7355,alejo tried his most convincing smile .
7356,"`` c'mon , i bet i 've got good taste ."
7357,''
7358,"`` fine , no problem , alejo ."
7359,''
7360,alexis shook her head and rolled her eyes .
7361,she took one last glance at wara but did n't seem to be concerned as she sauntered into the back room .
7362,apparently boris ' little adobe house was the kind of place bloodied strangers could show up and no one would blink an eye .
7363,wara was feeling weak again and wished she could sink down into the faded orange sofa .
7364,a sudden thought halted her midstride towards the couch .
7365,`` i know the numbers of all your family 's cell phones .
7366,we can call them .
7367,"good old alexis must have a phone we can use , right ?"
7368,''
7369,"`` nope , '' alejo shook his head firmly ."
7370,`` i 'm not about to use the cell phones here -- -could be tracked afterwards .
7371,"my sat phone stayed with stalin , since he had it on him when i went into the tent to ?"
7372,talk with you right before the khan showed up .
7373,''
7374,`` what about internet ?
7375,''
7376,"wara was feeling desperate , like she was trying to run through quicksand , not able to move a single step forward ."
7377,"there had to be some way to warn nazaret 's family , before alejo and wara could make it to cochabamba in the plane outside ."
7378,"`` yeah , there 's internet ."
7379,''
7380,"`` well , i can catch your sister on facebook ."
7381,she 's online like all the time .
7382,she 's got to be online right now .
7383,''
7384,`` my sister still uses that ?
7385,are n't there social networking pages that are a little more ?
7386,modern ?
7387,''
7388,"`` yeah , well ."
7389,some of us still use it .
7390,''
7391,"alejo led wara into the first side room , where , sure enough , there was a very sleek , cobalt-colored computer sitting atop a battered bamboo desk ."
7392,`` do n't we have to ask ?
7393,''
7394,wara looked up at him .
7395,alejo was opening a little black fridge in the corner of the office .
7396,"he pulled out a bottle of very cold water , twisted off the lid and handed it to wara ."
7397,`` here .
7398,drink this .
7399,"nope , me and my friends kind of half live here ."
7400,''
7401,"alejo was already flipping on switches and in a few seconds wara was sitting before a picture of alexis in a canary yellow bikini , along with several swarthy teenage boys , next to one of the cascading waterfalls just outside of coroico ."
7402,nice .
7403,"she gulped half the water bottle , then signed into facebook while alejo drank the rest ."
7404,`` yes !
7405,i knew it !
7406,''
7407,she hissed triumphantly .
7408,"the little green icon blinked back at her , telling her nazaret was signed in , as usual ."
7409,that girl was always on facebook .
7410,"alexis came in , winked at alejo and tried to strike a sultry pose ."
7411,"`` bring me a pair of really tight jeans , ok alejo ?"
7412,you 'd better take a good look so you can remember my size .
7413,''
7414,"she unceremoniously dumped a pile of clothes on the desk , posed again , then scoffed and stalked away when alejo did n't even look at her ."
7415,wara was typing furiously .
7416,"`` nazaret , are you there ?"
7417,?
7418,"please , let me know if you are there , quickly ."
7419,it 's urgente !
7420,''
7421,"ten eternal seconds passed , and then the reply message blinked , `` wara ?"
7422,?
7423,?
7424,are you ok ?
7425,''
7426,"by now , nazaret must have heard about the accident ."
7427,eduardo and the australians must have told the martirs that she and noah had been on the bus .
7428,but there was no time for beating around the bush .
7429,`` i 'm ok.
7430,you could never guess who is here with me right now .
7431,i am here with your brother .
7432,alejandro .
7433,''
7434,"more time clicked by , and wara could n't even begin to imagine the look on her friend 's face ."
7435,finally a single word came back from nazaret .
7436,`` what ?
7437,?
7438,?
7439,?
7440,?
7441,''
7442,"`` there 's no time to explain it to you right now , but i 'm here with your brother , and he was involved with some people ?"
7443,".anyway , he knows you are in trouble ."
7444,some really bad people are going to come looking for your family to kill you .
7445,you have to run .
7446,now !
7447,''
7448,"`` tell them to go to the hostel salta , '' alejo whispered , leaning over wara and gripping the edge of the desk ."
7449,`` alejo says to go to the hostel salta now !
7450,''
7451,wara 's fingers flew across the keys .
7452,`` do they remember where it is ?
7453,''
7454,"`` you know where it is , right ?"
7455,''
7456,"apparently the martir family had experience with the place , maybe knew the owners ."
7457,a pause .
7458,"`` yes , i remember ."
7459,''
7460,wara could almost see tears slipping down nazaret 's cheeks .
7461,"`` they need to register as the rojas family , '' alejo told her ."
7462,`` well meet them there .
7463,''
7464,"as wara typed , she heard the airplane being fired up outside and wished she was already in it , soaring towards cochabamba ."
7465,"`` they have to turn their cell phones off and leave them behind or they will be tracked , '' alejo whispered lowly , and she passed along the instructions ."
7466,`` tell my brother i love him .
7467,''
7468,"wara glanced down and saw that nazaret had left one final message , and that she was gone ."
7469,"for once , her status was listed as offline ."
7470,it looked very final .
7471,alejo was staring at what his sister had typed .
7472,he slid his hands over to the keyboard and nudged wara 's out of the way .
7473,"`` i 'm erasing this conversation , '' he said ."
7474,`` they 're going to come here when they realize i 'm gone .
7475,''
7476,"one last click of the keyboard , and then alejo scooped up the clothes alexis had left and laid them on wara 's lap ."
7477,"`` put these on in here , '' he instructed ."
7478,`` i 'm going to help boris ready the plane .
7479,''
7480,"wordlessly , wara gripped the pile of clothes and forced herself to rise from the computer chair as alejo closed the door behind him ."
7481,the windows in the small room were covered by rickety bamboo blinds .
7482,alexis had been so kind as to donate a pair of gray jogging pants that had sparkly pink lips on the rear and said diva .
7483,"the shirt was orange with a koala , or wombat , or some such thing cheerily stuffing a stalk of bamboo into its mouth ."
7484,wara managed to put everything on and slipped into a pair of white rubber flip flops with large silver jewels lining the straps .
7485,this is a lot of bling .
7486,"underneath the jewels , her smudged toes wiggled back at her , adorned with a myriad of henna flowers ."
7487,"wara clamped one hand on the bamboo desk unsteadily as her memory flashed back to the pickup truck and noah sitting at her side , just about to see her henna tattoos when lzaro began to speak ."
7488,"go outside , she ordered herself , gritting her teeth ."
7489,get on the plane and find the martirs .
7490,just find them .
7491,"17 brick red the white toyota corolla taxi squeezed into a spot along the curb , directly in front of an elderly man with his wooden cart full of sea green chinese fingernail clippers and long tubes of colgate toothpaste ."
7492,"alejo paid the taxi driver in a hurry , then nearly took out the corner of the elderly man 's decrepit cart as he yanked open the back door on wara 's side and tried to help her out ."
7493,"she stared at his outstretched hand as if it were a poisonous millipede and he staggered back , nearly tripping on the cart 's metal wheel ."
7494,"wara frowned at him and eased herself out of the taxi , obviously in pain and very angry ."
7495,they both headed for the steps of the hostal salta .
7496,"the place was just as alejo remembered it , back when his dad 's friend from church used to run it ."
7497,three unlit stars sagged on a brick red wall splattered with graffiti .
7498,"the hostel was six skinny floors , straight up , smack dab in the center of the market ."
7499,"it was now sundown , and despite the chill , alejo felt feverish ."
7500,"if something happened to his family , he would never forgive himself ."
7501,"inside , wara veered off towards the sofas in the waiting area , just like he 'd instructed her in the taxi ."
7502,"they needed to not call attention to themselves , and walking into a hotel with a swollen , purple nose was a good way to make someone remember you ."
7503,"alejo signed the check-in papers and got the key , making animated conversation about the latest soccer game with the kid at the counter , all the while dying inside ."
7504,"`` got the keys , honey , '' he called to wara , throwing her one of his best grins ."
7505,`` ready to go upstairs ?
7506,''
7507,"the guy behind the counter must think he was the cheapest guy in the world , bringing his date to a dive like this ."
7508,but cheap hostels did n't ask for copies of your id .
7509,"alejo slung an arm around wara 's shoulder and pulled her into his side as they made for the stairs , hoping it looked romantic instead of like he was trying to hide her ."
7510,wara panted right behind him up three flights of stairs .
7511,he had gotten them the room right next to pablo martir .
7512,alias pablo rojas .
7513,his family had made it here .
7514,and he was going to have to face them .
7515,"alejo stopped in front of room 303 and rapped on the door , blinking away a bead of sweat that ran through his lashes and into his eye ."
7516,a hurried grinding noise sounded inside as the door quivered .
7517,`` si ?
7518,''
7519,"wara whispered loudly through the door , shoulders sagging with relief ."
7520,`` it 's me .
7521,we 're here .
7522,''
7523,"the door opened with a soft whoosh , revealing an entire clan of people , gathered behind alejo 's father in a nervous cluster ."
7524,alejo blinked .
7525,and stared .
7526,"pablo martir looked the same , except for the sprinkling of silver in his jet black hair ."
7527,"he was a little shorter than alejo , but the square jaw that the pastor clenched as he stared at alejo was the same one alejo saw in the mirror every day ."
7528,"`` hello , '' he stammered ."
7529,"then , `` c'mon , we should get inside '' ."
7530,"head spinning , he guided wara by the arm through the doorway as his parents and all the children scuttled out of his way ."
7531,alejo closed the door with one foot and slid the deadbolt into place .
7532,"his mother stood there , older but still beautiful ."
7533,had he really not seen his mother in so many years ?
7534,noly martir was staring at him as if she were seeing a ghost .
7535,"`` i-i 'm glad that you 're here , '' he said hoarsely ."
7536,"next to him , wara sunk onto one of the room 's many beds ."
7537,"the room was large and lined with about eight single beds , all with pink pinstriped sheets ."
7538,"alejo paced to each of the windows , making sure they were secured and not easy to open ."
7539,`` anyone following you on your way here ?
7540,''
7541,he asked them .
7542,`` any strange cars outside your house ?
7543,''
7544,"everyone shook their heads no , staring at him with wide hazel eyes that mirrored his own ."
7545,`` everyone left behind their cell phones ?
7546,''
7547,alejo was relieved that they all nodded .
7548,"he had a couple of implanted tracking devices , in case anyone needed to track him when he was on assignment ."
7549,"they would n't be a problem now , though , because the things had to be activated at close range by whoever was going to track him ."
7550,"the teenager who must be his little brother nathaniel watched him with something like awe , never leaving his mother 's side ."
7551,"when alejo left cochabamba to live with his uncle , nathaniel had been two and toddling around the patio in soiled pampers ."
7552,"nareth , nadia , nestor , and naveli huddled on one of the beds , not recognizing him even a bit ."
7553,they had all been little babies when he stopped by his parents ' house for the only time after running away .
7554,he only went home to get some of his clothes and cds .
7555,just a quick stop before he headed back to santa cruz and his uncle on the bus .
7556,no time to spend with a preachy old preacher and a mother who constantly prodded about how he was doing and a house-full of raucous little martirs who kept multiplying like rabbits .
7557,naveli had been born several years after he had last seen his family .
7558,"now he picked her out right away , a little seven-year old hanging on one of pastor martir 's legs , whimpering ."
7559,"alejo sank down onto one of the unmade beds and planted his feet firmly on the floor , determined not to be sick ."
7560,"`` there are definitely some things you need to know , '' he swallowed hard , `` now that i 've gotten you in this mess , but first ?"
7561,''
7562,he stood up stiffly from the bed and fought the urge to pace .
7563,"`` we need to get wara to a doctor , '' pastor martir interrupted with concern , staring at wara and surely thinking about the fact that she had been in a near-fatal bus accident ."
7564,alejo held up one hand .
7565,"`` i know that she 's in some pain , but she 'll be fine ."
7566,i asked the guy downstairs to have a taxi sent over with some anti-inflammatories from the pharmacy .
7567,"the nose is probably broken , but i wo n't be able to tell for forty-eight hours if it needs to be set ."
7568,the swelling has to go down first .
7569,''
7570,"noly and nazaret audibly gasped as they swung around toward wara , noticing for the first time her puffy , bruised face ."
7571,crusty patches of blood had dried around her violet and yellow nose .
7572,"alejo felt low as a dog , knowing everyone was looking at wara and assuming this had happened to her in the bus accident ."
7573,the accident that he had caused .
7574,"before punching a girl in the face and knocking her to the ground , then dragging her away with a knife to the throat ."
7575,`` oh dear lord !
7576,the accident !
7577,''
7578,"noly gasped , catching her hand over her mouth ."
7579,`` i still ca n't believe ?
7580,"we heard on the news that everyone was dead , even though sar search and rescue has just begun to bring up the bodies ."
7581,and then you chatted with nazaret ?
7582,''
7583,noly 's pale face flashed back towards alejo .
7584,`` and she said you were with alejandro .
7585,wara ?
7586,''
7587,"nazaret 's mother hesitated , then tentatively asked , `` noah was with you ."
7588,do you know ?
7589,?
7590,''
7591,`` i do n't know ?
7592,"what happened to noah , '' wara said , expression clearly saying she wished alejo would slither away like the snake that he was ."
7593,`` i was thrown out of the bus .
7594,"he was sitting right by me , but i could n't find him ."
7595,''
7596,"her lip shook , and she visibly forced herself not to cry ."
7597,"`` these guys , '' she jerked her chin over alejo 's way in the bolivian style of pointing , `` say that no one else but me survived ."
7598,"i passed out , and then was picked up , by the killers ."
7599,''
7600,"nazaret 's blond ringlets appeared next to her mother , eyes full of tears ."
7601,"alejo remembered her , the sister closest to him in age ."
7602,and suddenly he knew he 'd missed her .
7603,`` wara ?
7604,''
7605,"she said , `` they say on the news it will take at least another day to continue the search for survivors and ?"
7606,bring up the rest of the bodies .
7607,''
7608,her voice choked and she grabbed onto her mother for support .
7609,"`` the bus fell more than a thousand feet down the ravine , and then it-it exploded ."
7610,i just ca n't believe you 're alive !
7611,''
7612,"nazaret was sobbing now , and alejo felt as if he were in another world , a twilight zone that could not be reality ."
7613,never in his worst nightmares had he imagined being reunited with his family like this .
7614,"`` wara , '' noly martir 's tear-stained voice continued , `` a man from noah 's mission told me today that noah 's parents will be in la paz by tomorrow night ."
7615,your parents were still waiting to see what happens .
7616,the sar search and rescue have n't ?
7617,found any one who survived the crash .
7618,everyone from the bus is presumed dead .
7619,''
7620,"alejo felt his fists clench hard at his sides , the words hitting him like a load of bricks ."
7621,franco salazar must be dead .
7622,and wara and noah paid the price for the man 's sins .
7623,"everyone was crying , well at least it seemed like it ."
7624,"his mother , his sister nazaret , several of the little kids whose faces he did n't even recognize ."
7625,"alejo 's chest began to constrict , and he tried in vain to be rational ."
7626,he had thought this out .
7627,"salazar needed to die , whatever the cost ."
7628,of course it was possible there could be other casualties .
7629,i am a murderer .
7630,`` alejo .
7631,''
7632,the broken voice of his father sliced through his heart .
7633,alejo turned towards him as if in daze .
7634,"pablo martir 's eyes were red-rimmed as alejo managed to meet them , steeling himself to do the right thing and give whatever it took of himself to make this right , as much as possible ."
7635,"i , alejandro benjamin martir , am a murderer , and it 's time to pay ."
7636,"`` son , '' pastor martir began , `` wara said that she was found by the killers ."
7637,''
7638,"alejo 's father placed one protective hand on his wife 's shoulder , moving in front of her and nathaniel as he spoke ."
7639,`` and that she was with you .
7640,''
7641,"the unspoken question hung in the air , surrounded by children 's shuddering sobs ."
7642,"as if in slow motion , one by one , the other members of the martir family moved up next to their father , warily , staring at him with those hazel eyes ."
7643,"the little one , naveli , sniffed loudly and cried , `` noah !"
7644,''
7645,"`` i 'll tell you everything , '' alejo promised hoarsely ."
7646,`` but not in front of the children .
7647,"18 dark alejo led his parents up to the roof , followed by nazareth and nathaniel ."
7648,his heart ached as he left wara with the youngest children in the room and pushed open a door that led to the flat concrete roof of the hostal salta .
7649,a high brick wall held together with globs of roughly-formed gray mortar provided privacy .
7650,"a few threadbare , freshly-washed sheets flapped in the breeze in one corner of the roof , drying in the fading sunshine ."
7651,"alejo trudged to the center of the roof , where rusty metal chairs circled a wobbly table ."
7652,"he absently stared at the surrounding buildings , praying-yes , praying-that there would n't be any problems with security at their present location for at least the next few hours , until he could explain to his parents how it came to be that he had set assassins on the trail of his baby sisters ."
7653,"a squeaking of metal told him that his family had taken seats in the awkward silence , unsure of what to do ."
7654,"my parents may have done many things that were wrong , but they and the kids did n't deserve this ."
7655,"the silence suffocated , and alejo needed to escape it ."
7656,"`` i work with a group that partners with hezbollah , '' he finally said , avoiding nazaret 's teary gaze ."
7657,"with a start , he wondered if he should use the past tense ."
7658,everything is happening so fast ?
7659,`` until this afternoon .
7660,''
7661,"for the first time in a very long while , alejo found himself struggling for words ."
7662,"how could he explain who he was , when his family had not known him for fourteen years ?"
7663,and who are you now ?
7664,alejo thought .
7665,do you even know ?
7666,"nazaret was staring at him , white face stricken with shock ."
7667,`` you 're a muslim ?
7668,hezbollah ?
7669,they 're terrorists !
7670,''
7671,"`` no , hezbollah has renounced terrorism , '' alejo insisted ."
7672,`` you 're thinking of hamas .
7673,or al-qaeda .
7674,''
7675,"alejo paused , trying to come up with words ."
7676,`` i was a muslim .
7677,i ?
7678,am not anymore .
7679,''
7680,he could n't even bring himself to mention the name of jesus in this discussion as his reason for leaving islam .
7681,the weight of what he had done felt as if it could never be erased .
7682,alejo cleared his face of emotion and tried to state the facts clearly .
7683,`` i was the leader of a team in an organization that kills evil men .
7684,my team put explosives on the bus that left coroico on sunday night .
7685,"it was supposed to contain only the targets , but noah and wara apparently got on the bus at the last minute ."
7686,"the men from my team brought wara to me , after they found her by the road , alive ."
7687,"they would have killed her too , and i left with her to avoid that ."
7688,so i suppose my membership in the organization has been canceled .
7689,''
7690,"alejo 's mouth flattened into a wry , grim line ."
7691,`` wara 's bus !
7692,''
7693,pablo martir 's face flooded red .
7694,his knuckles tightened violently around the edge of his chair .
7695,`` you ?
7696,you did that ?
7697,''
7698,nazaret squeaked .
7699,everyone else seemed too horrified to even speak .
7700,"`` not only that , '' alejo 's voice was strained , `` but when i left the organization , i put your lives in danger ."
7701,"they do n't like traitors and as soon as they found out i left with wara , i 'm sure they started to look for you ."
7702,"i was a leader , and the punishment for leaving is death for my family ."
7703,''
7704,"now alejo leaned back into his chair , hating the looks on their faces , hating that he was the one who had caused all this ."
7705,"wara said they have prayed for me for years , that i would be safe and following jesus , he remembered bitterly ."
7706,"and now i show up , a muslim , a criminal , who has ruined their lives ."
7707,"`` oh god , '' noly martir whispered , covering her mouth with her hand ."
7708,for a second no one could speak .
7709,"then alejo 's mother stood up unevenly from the iron chair , a look of intense sadness quivering on her face ."
7710,"`` alejo , those are your little brothers and sisters below us in that room ."
7711,"are they safe sleeping here , with you ?"
7712,what is going to happen to them ?
7713,"oh god , '' she repeated , her voice breaking ."
7714,"`` you never even knew them , and already you have made their lives forfeit ."
7715,''
7716,`` noah !
7717,''
7718,"nazaret cried , breaking into sobs as well , dropping down onto her knees on the concrete floor ."
7719,`` and wara ?
7720,why ?
7721,what have you done to them ?
7722,"alejo , do n't you know how much i loved you ?"
7723,how much i missed you ?
7724,''
7725,"`` wara told me , '' alejo muttered , struggling to meet his sister 's weepy eyes ."
7726,"he turned towards his mother and held out a hand towards her , then dropped it to his side ."
7727,"`` i will do all that i can to keep them safe while they 're sleeping , '' he promised gravely ."
7728,alejo felt that until now his father had been ominously silent .
7729,"dropping down on a stack of concrete blocks facing his family , alejo watched him out of the corner of his eye , struggling against his will with all the ancient bitterness that welled up in the presence of pablo martir ."
7730,was the pastor shocked that his son had been living as a muslim ?
7731,"well , i was happy as a muslim , dad ."
7732,"did you really , honestly expect me to want to be a christian ?"
7733,"did you ever realize what you had done , when you heard about ruben ?"
7734,"apparently , if ruben had affected his family at all , they had recovered just fine ."
7735,word was that pablo martir was still a pastor .
7736,not much appeared to have changed .
7737,"alejo 's father leaned back in his chair with a firm , metallic clink as the legs shifted against the uneven concrete ."
7738,"alejo jerked his head around to look at him , eyes blank , ready to be verbally decimated ."
7739,he was almost looking forward to it .
7740,"`` amor , '' pablo began , in a deep , only slightly unsteady voice directed at his wife ."
7741,`` please go back downstairs with the kids and stay with wara .
7742,i need to talk with our son ?
7743,alone .
7744,''
7745,"fine , alejo steeled himself ."
7746,man to man .
7747,"alejo was glad his father appeared sufficiently cool-headed and rational , even after alejo 's horrifying revelation ."
7748,he needed to talk with his father about a plan to save their lives .
7749,"it was a heavy first conversation , all in all , after fourteen years ."
7750,"noly and nazaret still could n't speak , and the two of them made their way unsteadily towards the black door that led back to their room ."
7751,"nathaniel followed them slowly , eyes dark , glancing back at his long-lost brother with a mixture of morbid curiosity and fear ."
7752,he gently closed the rusting door with a slight clang behind him .
7753,"alejo opened his mouth to speak as pablo abruptly pushed one of the wrought-iron chairs across the concrete with his foot , causing a high-pitched scraping sound ."
7754,`` please sit down .
7755,''
7756,"alejo 's father motioned towards the chair , directly across the table from himself , with his chin ."
7757,"alejo sat down in the chair , hiding his uneasiness ."
7758,"`` are your brothers , sisters , and your mother safe downstairs ?"
7759,''
7760,pablo asked first .
7761,"his voice was even and low , but alejo noticed a bead of sweat riding his father 's forehead ."
7762,`` for now .
7763,i have to get all of you out of here as soon as possible .
7764,it 's ?
7765,"not safe for you here anymore , and you 'll all have to ?"
7766,leave the country .
7767,''
7768,"alejo winced as he heard his own words , suddenly realizing how crazy they sounded ."
7769,"i have n't seen them in years , and now i show up and tell them they have to leave the only country they 've ever known ."
7770,now .
7771,"`` you need to explain this to me again , '' pablo sighed seriously ."
7772,"`` you were involved with a muslim organization that you have become uninvolved with , and because of that they are after us , to kill us ?"
7773,''
7774,"alejo nodded , miserable ."
7775,"`` yep , they as in some pretty well-trained , smart guys ."
7776,"if i do n't get you into hiding , they will find you ."
7777,''
7778,now a little of his father 's composure crumpled and he swallowed hard before getting out the next question .
7779,`` you ?
7780,killed noah ?
7781,the bus ?
7782,you ?
7783,did that ?
7784,''
7785,had he not believed it before ?
7786,bile rushed into alejo 's stomach and he curled his fingers around the chair 's sharp armrests with an iron grip to avoid once again emptying his stomach .
7787,"he had never seen the man , but noah had been one of his sister 's best friends ."
7788,"in the taxi , wara had told him how noah had been in charge of getting his sister home safely every night they worked until late at a caf in downtown cochabamba ."
7789,"`` franco salazar was on the bus , heading back to la paz , '' alejo managed ."
7790,"`` he was an evil man , and the bomb was meant for him ."
7791,''
7792,"alejo 's father 's face looked very pained , and he searched his son 's eyes carefully ."
7793,"alejo felt sick , not at all ready to get into a discussion of the past with his father ."
7794,"his father 's face , however , was unreadable ."
7795,`` did you only come back to warn us because we are your family ?
7796,''
7797,alejo nearly shot out of his chair .
7798,`` no !
7799,"i told you , i 'm not a muslim anymore , and i have left the organization !"
7800,"i knew i needed to leave for a while , when i realized that i believe what jesus taught , not islam ."
7801,"but i found out that if i left , they would come after you !"
7802,''
7803,"rambling and stammering , alejo 's statement about believing jesus obviously came as another shock to his father ."
7804,"surely the last thing that makes any sense right now is to hear that his son has just left islam , after committing murder , and is now declaring himself to be a follower of jesus ."
7805,alejo groaned and leaned back heavily in his chair .
7806,"`` i did n't want anything to happen to you , '' he ground out flatly , `` but they were about to slit wara 's throat ."
7807,i had to leave with her .
7808,''
7809,`` thank god you did ?
7810,''
7811,"pablo muttered , appearing to be still trying to take it all in ."
7812,"`` so , you kill people as part of your job , but you decided to help wara ."
7813,and now you left that job ?
7814,''
7815,`` dad .
7816,''
7817,"alejo cut him off , his whole body tense ."
7818,`` i ca n't talk about all this now .
7819,i just ca n't .
7820,"i feel bad-it 's been a long time , and i just show up and ruin your lives ."
7821,"for that , you do n't know how sorry i am ."
7822,"now , unfortunately , we 've got to talk about getting you all out of here ."
7823,"i have more than enough money , and i 'll do whatever it takes ."
7824,''
7825,"pablo seemed hurt by alejo 's tone , and he stared at his son , maybe trying to find the skinny fourteen year old boy who had left his house in anger ."
7826,"alejo shifted his eyes uncomfortably , refused to let his gaze ride to the floor ."
7827,"`` son , '' pastor martir finally said , voice breaking a little , `` where have you been ?"
7828,your mother thought you must be dead .
7829,"or working for drug dealers , in prison ?"
7830,''
7831,"`` well , '' alejo clipped , stomach tight , `` as you can see , everything is so much better than you imagined ."
7832,''
7833,he immediately regretted his sarcastic words as his father looked away .
7834,"`` dad , '' alejo said with a sigh , `` there 's nothing i can do to make this reunion a happy one for you ."
7835,''
7836,"his father looked dazed , then asked , `` so this was all about franco salazar ?"
7837,''
7838,"alejo felt his heart leap into his chest , and the acid that rushed into his stomach told him that there was no way he could talk about this with his father , not now ."
7839,"`` i told you , dad , i just ca n't talk about it , '' he insisted , eyes dark ."
7840,"pablo martir 's face looked so pained that alejo tried to soften his tone , ignoring the nausea ."
7841,`` maybe someday we can talk .
7842,but not today .
7843,"right now the only thing that is important is getting you all out of here , so you can live ."
7844,''
7845,"the strong shoulders of alejo 's father finally slanted as he crumpled back into the chair , desolate ."
7846,"alejo 's footsteps dragged as he trudged down the narrow stairs , leaving his father alone on the hostel roof ."
7847,seeing his parents again still had the sheen of unreality .
7848,"a dark , nightmare-ish unreality , in light of the situation he had put his entire family in ."
7849,his mother was right .
7850,"he was still confused about half of the kids downstairs , which face went with what name ."
7851,he did n't know them .
7852,"but they were his brothers and sisters , for goodness sake !"
7853,"alejo loosed a heavy sigh and waited outside the hostel room door , fighting the urge to find cigarettes and do some serious smoking ."
7854,"he 'd quit years ago , after finding that wheezing while trying to outrun danger and bullets could be pretty inconvenient ."
7855,"and now , suddenly , that life was over ."
7856,"he , alejo martir , was no longer employed by the prism , and he might never see his team , who were like brothers , again ."
7857,"and if he did ever see their faces , it could be behind the muzzle of a gun ."
7858,"alejo blinked , startled , as the wooden door jerked open and he found himself facing nazaret ."
7859,"`` you should n't have opened to me , '' he scolded softly ."
7860,`` ask first .
7861,you did n't know who i was .
7862,''
7863,nazaret 's round face waned exhausted .
7864,"she met his eyes sadly , shattering him with a million memories of blanket forts under the dining room table and licking popsicles on the front porch ."
7865,"`` i still do n't know who you are , '' she said , then left him standing at the door and returned to flop onto an unmade bed ."
7866,"alejo carefully closed the door then turned to his youngest siblings , trying a reassuring smile ."
7867,"`` your dad will be down in a minute , '' he told them ."
7868,they 're probably worried i left him dead up there on the roof .
7869,what kind of brother am i ?
7870,"alejo forced his gaze from the wide-eyed little martirs to his mother and wara , sitting wearily together on one of the beds he was glad to see pills on the bedside table ; the stuff he had ordered must have arrived from the pharmacy ."
7871,"wara and noly had obviously been in deep discussion just before alejo interrupted them and his heart sunk three notches lower , easily imagining that little chat ."
7872,"there would be the part about how alejo had smacked her in the face , then nearly slit her throat ."
7873,"and before that , how he had handcuffed her and kissed her ."
7874,alejo felt his face heat .
7875,"no matter how highly he thought of himself and his problem-solving abilities , there really was no fixing this situation , was there ?"
7876,alejo suddenly felt very tired and sank down onto a bed across from wara .
7877,"`` we should call your family , '' he said ."
7878,wara speared him with reddened eyes .
7879,`` i already did .
7880,from the street .
7881,"i called the bennesons , who work with my mission , too ."
7882,''
7883,"alejo nodded once , admiring how she seemed to make good decisions even in stressful situations ."
7884,"`` they must want you to come home , right away ."
7885,''
7886,"noly martir lowered her brows at her son , expression a mixture of love and annoyance ."
7887,"`` of course they do , alejandro ."
7888,their daughter almost died .
7889,but she wo n't go .
7890,''
7891,"alejo eyed wara , whose jaw was set firmly ."
7892,`` she wo n't go until she finds out if noah is still alive .
7893,''
7894,"alejo remained silent , removing his gaze from his mother and sister and folding his arms across his chest ."
7895,his mother and sister must think him a psychopath .
7896,and maybe i am .
7897,"keys jingled in the lock and alejo tensed , then relaxed as pablo martir entered the room ."
7898,"it was time to leave this room , and quickly ."
7899,"he and wara would be just on the other side of the thin wall , definitely within his ear shot in case of danger ."
7900,"basically ignoring his wayward oldest son , pastor martir walked among his younger children , forcing a smile and patting them each on the head ."
7901,noly pulled little naveli onto her lap and kissed her .
7902,"`` i 've been talking with your brother , '' pablo addressed the whole family , `` and he has some very good ideas of how to help us , which we 'll talk about tomorrow ."
7903,"now it 's time for all of us to sleep , but first we 're going to pray ."
7904,"no matter what happens , god is always with us , and he keeps us all in the palm of his hand ."
7905,''
7906,"strangling on the need to escape this little moment of martir family prayer , alejo quickly stood up and moved towards wara ."
7907,`` excuse me .
7908,i 'll get out of your way so you can take care of your family .
7909,''
7910,you sound so cold .
7911,as if they were n't your family too .
7912,"but it had been so long , an entire lifetime ."
7913,"naveli peeped at alejo from long-lashed hazel eyes , lips purple around a giant lollipop ."
7914,"alejo stared at her , then tore his gaze away and motioned to wara ."
7915,"`` i 'm sorry , but you 'd better come with me ."
7916,''
7917,"everyone started , and alejo faced his parents ."
7918,`` i registered us downstairs together .
7919,"besides , i told her i 'd take care of her ."
7920,i 'm not letting her out of my sight .
7921,''
7922,alejo was surprised when wara rolled out of bed without arguing and prepared to follow him .
7923,"the zombie-like expression in her eyes , along with her lack of protest , actually worried him ."
7924,wara looked ready to collapse .
7925,"equally as worrying was the fact that no one in his family protested his orders , at least not with words ."
7926,"after all , i suppose you do n't argue with a man who 's just confessed to being a killer , even if he is your own son ."
7927,wara stumbled next to him towards the door .
7928,"alejo left his family locked in the room , more disgusted with himself than he had been in a long , long time ."
7929,19 transparent the door slid open before wara and alejo with a mute whine .
7930,"alejo flipped on the light switch and wara pushed past him into the room , identical to the martirs ' except that it held only two single beds ."
7931,"past the point of absolute exhaustion , wara stumbled over to one of the beds and kicked off her white flip-flops ."
7932,"the wool blanket covered worn , striped sheets , and she ripped back the covers and fell inside ."
7933,"she forced her breathing to even , willing herself to sleep , just sleep ."
7934,she was lying here in a hostel room with the man who tried to kill her and noah .
7935,only sleep would bring the blessed unconsciousness she craved .
7936,but sleep would n't come .
7937,"her frayed mind whirled around a single thought , faster and faster , polishing it to a weighty obsession ."
7938,"finally , she flipped herself over on the lumpy bed to face alejo , still visible in the dim light of the small bedside lamp ."
7939,"he was hunched over on the edge of the other bed , wearing the same gray t-shirt and cargo pants , head in his hands ."
7940,"for some reason , the thought crossed wara 's mind that those were now his only clothes ; nazaret 's brother had literally left his old life with only the clothes on his back ."
7941,"he frowning , wara realized that he could probably never go back and get any of his stuff from wherever he had lived , because now he was in big trouble ."
7942,because he had saved wara 's life .
7943,`` why did you do it ?
7944,''
7945,she wondered out loud .
7946,"alejo twisted to face her , hazel eyes rimmed in red ."
7947,`` the bus ?
7948,''
7949,`` no-i mean yes .
7950,but first-why did you leave your group ?
7951,you believed so much in what you were doing you were willing to even kill .
7952,''
7953,"the words tasted bitter , like copper ."
7954,`` why would you leave ?
7955,''
7956,"alejo drew in a breath , and it was sharp , hurried ."
7957,"he took his time , swinging his legs over to the other side of the bed so he could face her , eyes flickering back and forth ."
7958,the guy looked tortured .
7959,"he raised his eyes to hers , slowly closed then opened them ."
7960,"`` it started because of jesus , '' he said ."
7961,`` i realized that i ca n't believe what i believe about him and be a muslim .
7962,my group is made up of muslims .
7963,"but then there is ishmael , our boss ."
7964,''
7965,"he hesitated , eyes flickering again as if seeing some painful scene across the back of his eyelids ."
7966,wara saw the exact moment he decided to go ahead with whatever it was he was going to tell her .
7967,"`` ishmael and other powerful men do n't want the word to get out about what i saw in pakistan , '' he said ."
7968,"`` on my last trip there , ishmael took me to the tribal area near afghanistan ."
7969,that 's a place ?
7970,''
7971,`` i know where that is .
7972,''
7973,`` ok.
7974,'' wara enjoyed the moment of showing him she was n't as dumb as he might think .
7975,alejo nodded with respect and continued .
7976,"`` we were way out in the middle of nowhere , visiting a five-house town near the fighting ."
7977,"and huddled inside one of the buildings where fighters crash when they 're not out shooting rockets at each other , i found about one hundred bolivian teenagers , dressed like mujahedeen , waiting to go back to the skirmish ."
7978,''
7979,"wara frowned , confused ."
7980,`` what ?
7981,?
7982,''
7983,"`` that 's how i found out , wara , that ishmael 's foundation has been recruiting among the native peoples , especially in bolivia ."
7984,he explained to me that the recruiters visit small towns in the countryside and talk to the young guys .
7985,"they recruit them for islam , but in reality they exploit them , only telling them about an islam that they can join to fight together against a common cause : western imperialism ."
7986,they tell these converts that they are getting an expense-paid trip overseas to study for free .
7987,"but they end up in the tribal area , or god knows where else ."
7988,''
7989,`` the missing !
7990,''
7991,wara repeated the term the quechua women had used on that trip to the bible conference with noah .
7992,"`` in the countryside , a lot of women told me that their sons have disappeared ."
7993,''
7994,alejo 's mouth pressed together in a firm line .
7995,"`` i do n't know how many bolivians are over in pakistan right now , or how many have already been killed ."
7996,their families will never know .
7997,''
7998,he shook his head and then sat up straighter .
7999,"`` anyway , believing what i do about jesus and finding that out meant it was just a matter of time til i left the prism ."
8000,when you ?
8001,when i saw you ?
8002,i had to leave right away .
8003,''
8004,"alejo 's voice faltered , and he cleared his throat ."
8005,`` but ?
8006,''
8007,wara found she could n't say the thought that had just run through her head .
8008,"all she could come up with was , `` why did you have to kill us ?"
8009,''
8010,`` do you really want to know ?
8011,''
8012,alejo was quieter than wara had expected .
8013,"`` it 's not going to make you feel any better , you know ."
8014,i ca n't fix it .
8015,''
8016,"`` yes , i want to know ."
8017,how could you do this ?
8018,''
8019,she crossed her arms tighter across her chest and shivered .
8020,"alejo closed his eyes , then looked away ."
8021,`` the reason we targeted the bus you were on is because it was chartered by a guy named franco salazar .
8022,salazar is ?
8023,was ?
8024,`` alejo winced but kept going `` ?
8025,not only a government official for the state of cochabamba .
8026,"he was also a child molester , and ran the largest child pornography ring in bolivia and paraguay ."
8027,''
8028,wara fought to keep her jaw from dropping and stared back at alejo .
8029,that guy had been on her bus ?
8030,"`` he was going to leave for thailand , wara , today , from la paz ."
8031,did you know thailand is a major center for child prostitution ?
8032,this is not the first time salazar has been to thailand .
8033,''
8034,alejo 's eyes radiated hurt and horror .
8035,"despite herself , wara felt her heart twist with disgust for franco salazar-if all of this were really true ."
8036,why should i believe anything he says ?
8037,"`` the police would never touch him , '' alejo continued , `` because of bribes , high-up friendships ."
8038,the man was protected from every angle you can imagine .
8039,"how many more children would have their lives ruined , while i sat , a 'good ' man , doing nothing ?"
8040,''
8041,"alejo raised his hands to make sarcastic quotation marks in the air around the word `` good '' , lips twisting cynically ."
8042,"he paused , then asked distractedly : `` did my parents ever tell you about ruben mamani ?"
8043,"no , of course not ."
8044,''
8045,alejo caught wara 's blank look and heaved a sigh .
8046,`` they probably forgot .
8047,anyway .
8048,"before franco salazar worked for the national government , he was the mayor of quillacollo ."
8049,''
8050,a medium-sized town on the outskirts of cochabamba .
8051,"`` and before my family lived in cochabamba , they lived in quillacollo , where my dad pastored a really big , popular church ."
8052,''
8053,"wara vaguely remembered hearing that years ago pablo martir had been senior pastor of a huge church in quillacollo , with its own radio station , seminary , and everything ."
8054,alejo was still telling his story .
8055,"`` my best friend ruben was a year younger than me , and he was from a poorer family , quechua ."
8056,"he loved to come over to my house because we had cable and a big yard , and he lived in a little house with one room ."
8057,we always played cars and war and everything you can imagine .
8058,"and , '' alejo 's eyes darkened dangerously , `` we also went together to play basketball at the community center , which was set up so nicely for the boys from the neighborhood by the friendly local mayor , franco salazar ."
8059,''
8060,wara 's gut began to tell her this story was not going to have a pleasant ending .
8061,"`` when i was thirteen , '' alejo said in a strangled voice , `` ruben told me that salazar had been abusing him for three years ."
8062,"i told my parents , because i thought they would do something ."
8063,my dad had a lot of influence in the community .
8064,"they had a school , and three or four hundred people coming to their church ."
8065,my dad even had his own radio program .
8066,"i told them , thinking they would tell the police , that they would help my friend and put salazar in jail ."
8067,i was thirteen ?
8068,i did n't know what to do without their help .
8069,"well , my parents listened to me , and then they looked at each other with this look ."
8070,my father told me that we had to keep this to ourselves .
8071,"and , of course , my mother agreed ."
8072,biblical submission to your husband and all that .
8073,''
8074,"alejo 's tanned face had paled in the light of the lamp , and wara frowned deeply , scandalized ."
8075,alejo was saying the martirs told him not to report child abuse ?
8076,"`` my parents told me that if we put ourselves on salazar 's bad side , '' alejo said , `` we would lose our permission to have the church in the town ."
8077,and who would be the light of the gospel to the community then ?
8078,"they said , if they got involved in this situation , they would lose all their influence for christ ."
8079,''
8080,"a long pause and then , in a more composed voice , `` one month later , ruben ended up in a ditch , dead ."
8081,''
8082,"alejo shrugged , as if all he had said were suddenly of no importance ."
8083,"`` i went to live with my uncle , in santa cruz and went to a high school built by the iranian government ."
8084,life as a pastor 's kid suddenly just did n't seem palatable to me anymore .
8085,''
8086,"alejo finished the last sentence of his story in a rush , and then jumped up from the bed , uncomfortable ."
8087,"`` whatever has happened in the past , it ca n't bring back the people who died , '' he was saying , knuckles white , when wara thrust herself up on one elbow and hissed , `` not 'people ' ."
8088,it was n't 'people ' who died .
8089,they had names !
8090,noah hearst died !
8091,may have died !
8092,''
8093,"wara ignored how alejo looked away miserably , probably because she did n't want to give up hope that noah could still have survived ."
8094,"`` they all had names , '' wara found herself rambling , while at the same time thinking about ruben mamani , alejo 's little friend , thrown away like trash into the mud ."
8095,"by a horrible man who abused little children while pretending to be a leader who cared about the people , a benefactor ."
8096,"who built a beautiful community center for desperately poor children to come play basketball , only to lure them into his clutches ."
8097,it was good he was dead .
8098,but why could n't only he be dead !
8099,wara felt like sobbing .
8100,"now alejo did look physically sick , and he turned towards the door as if to go , then stumbled trying to turn around to again face wara ."
8101,"`` salazar was a monster , wara , but what i did is still wrong !"
8102,i am a murderer .
8103,but i did what seemed right in the moment .
8104,i had to stop it ?
8105,it was the best i could do !
8106,''
8107,"with actual tears running out of the corners of his eyes , alejo whirled away and was at the door of their hostel room in two steps , out of it in three ."
8108,alejo martir had left the room crying .
8109,"wara covered her head with the blanket and cried too , for noah ."
8110,and maybe for ruben .
8111,"20 red white and blue sometime while alejo was still up on the roof , wara fell asleep under the faded sheets and heavy blanket ."
8112,"she was startled , when her eyes cracked open , to see that the hostel room was filled with gray light , filtering through the sheer fabric of the cream curtains ."
8113,a few fiery rays of sun poked out from behind a tall red brick building .
8114,it was morning .
8115,"wara jerked into a sitting position , flipping her gaze over to alejo 's bed , half-expecting it to still be empty ."
8116,"his body was tucked under the covers , however , back towards wara ."
8117,"at the sound of wara 's movement , alejo inhaled sharply and shot up on one elbow , rolling over onto his back at lightning speed ."
8118,he seemed relieved to see it was only her .
8119,"alejo groaned and sank back onto the pillow on his back , black hair sticking up wildly in all directions ."
8120,"he scrubbed both fists across his eyes , then swung his legs over the side of the bed , sitting up to look at her ."
8121,"`` hey , '' he said grimly ."
8122,"feeling the awkwardness , wara did n't respond ."
8123,"after the emotional encounter of last night , she did n't know what to say ."
8124,"if his story were true , it made more sense how he could actually believe god would support killing a man like franco salazar ."
8125,"but the truth was , wara still did n't feel as if she could trust alejo martir at all ."
8126,"he could change personalities in an instant , one minute serious and morose , the next charming and convincing , seemingly able to manipulate anyone into doing what he wanted ."
8127,she was n't about to trust his story about salazar until she had talked with the martirs and confirmed some facts .
8128,wara threw off the covers and headed for the bathroom in alexis ' wrinkled sweat pants and wombat shirt .
8129,"when she came out of the bathroom , he was waiting , pacing by the window , staring down at the alley outside ."
8130,`` could you come over to the other room ?
8131,''
8132,he asked .
8133,`` we really need to talk about some stuff .
8134,''
8135,`` ok.
8136,'' wara shrugged .
8137,"she felt a little better than yesterday , after a quick shower ."
8138,"soaking off the dried blood had hurt a lot , and she had washed her face without looking in the mirror , afraid of what she would see ."
8139,"alejo had got her some ibuprofen , but she still felt like some foreign object was lodged on her face , twice the size of her own nose ."
8140,at least the throbbing had died down .
8141,"fighting the depression , wara trudged after alejo to the hall and the martirs ' door ."
8142,"it was cracked open , and alejo pushed the deadbolt into place after they slipped inside ."
8143,`` dad .
8144,''
8145,alejo 's voice sounded unnatural saying the word .
8146,`` can you come here for a second ?
8147,i need to run this by you .
8148,''
8149,pablo martir looked as if he had n't slept a wink all night and he was staring out the window at the mountains .
8150,"`` alright , '' he said , and he and his son moved to one of the beds in the corner , each cautiously sitting down at the furthest extremes possible and beginning a hushed , strained conversation ."
8151,wara plopped down on a bed next to nazaret and noly at the other side of the room .
8152,"the kids were huddled on the beds , munching half-heartedly on cheesy empanada pastries and sipping chocolate milk from flimsy plastic cups ."
8153,the thought of food made wara want to gag .
8154,`` have you heard any more news ?
8155,''
8156,she asked nazaret 's mom .
8157,she was terrified they might have heard more news .
8158,"as long as there was no news , there was still hope ."
8159,noly yawned and covered her mouth with one hand .
8160,"`` no , '' she said , and wara closed her eyes in relief ."
8161,"`` i made a call really early-from the street , of course ."
8162,alejandro says no cell phones .
8163,the bennesons from your mission say they still have n't identified the body of any foreigners .
8164,"so far , the confirmed dead are a government guy from cochabamba and three of his staff : two women and one man ."
8165,''
8166,she was so glad they had n't found noah .
8167,dead .
8168,"but a pang came along with it , because those people who died had been on the bus with her ."
8169,shed seen them whispering and laughing as they got on the bus .
8170,"when noah decided to get on his knees in the aisle and give her the ring , the people in the back had clapped ."
8171,"she searched for the right words , and finally said , `` i made alejo tell me why he did what he did ."
8172,he was trying to kill the man who used to be mayor of quillacollo .
8173,he said that you guys used to know him .
8174,''
8175,`` ah .
8176,''
8177,"noly 's eyes grew sad , and she glanced over at nazaret ."
8178,`` franco salazar ?
8179,''
8180,"`` yeah , '' wara nodded , snatching a watermelon bubble gum from the bedside table and popping it in her mouth ."
8181,"her body seemed to float inches above the bed , and she felt a desperate need for the sugar ."
8182,`` alejo said that franco salazar was involved in all kinds of horrible stuff .
8183,and that he killed a friend of his from when they were little-ruben .
8184,''
8185,nazaret 's face went pale .
8186,`` i just heard last night .
8187,"i mean , i remember when little ruben died , but i did n't know ?"
8188,''
8189,"`` she did n't know anything about salazar possibly being involved , '' noly murmured ."
8190,`` that part of our history is a painful memory that marked our lives forever .
8191,the kids were so young they did n't know what was really going on .
8192,"her father told her last night , because salazar came up when he was talking with alejo ."
8193,''
8194,"noly pointed her chin towards nazaret , who looked conflicted ."
8195,`` did he tell you we did n't report what happened to ruben ?
8196,''
8197,"wara rolled her eyes and nodded , waiting for noly to say that idea was ridiculous ."
8198,"but instead , noly 's eyes crinkled as she said , `` we 've regretted that decision , made out of pride and reluctance to lose our place in the community , ever since ."
8199,''
8200,wara was stunned .
8201,"she blinked and turned her head towards alejo , deep in discussion with his father ."
8202,"`` alejo ran the day ruben was found dead , just after he turned fourteen , '' noly continued , swallowing hard and swiping at mascara running down one cheek ."
8203,`` it took years for us to understand how wrong we were .
8204,"we started the children 's center in villa candelaria to try to repent , somehow ."
8205,"it 's all true , wara ."
8206,i know why he wanted salazar dead .
8207,''
8208,wara was still in a daze when alejo 's voice cut into their conversation .
8209,`` you guys are involved with the children 's center in villa candelaria ?
8210,i 'm ?
8211,surprised .
8212,and glad .
8213,i 've heard of that place -- -it 's famous all over the country .
8214,i just did n't know ?
8215,that you were involved .
8216,''
8217,"`` we are , son , '' pastor martir said from behind him , and alejo nodded slowly , seemingly confused by this new development ."
8218,`` i talked with ?
8219,"dad , '' alejo said ."
8220,the word still seemed to taste bitter in his mouth .
8221,`` he thinks it would be good for you all to try to go to the united states .
8222,to visit aunt wendy .
8223,"i have plenty of money , and i 'm going to go get as much as i can out of the bank now , before you go ."
8224,''
8225,alejo 's family all stared at him with expressions of disbelief that clearly said : go ?
8226,you mean like right now ?
8227,`` wo n't they be watching the bank ?
8228,all your buddies ?
8229,''
8230,"wara demanded , imagining gabriel and scary benjamin staking out the bank with rifles from a crumbling apartment window across the street ."
8231,alejo shook his head .
8232,"`` there are ten branches of my bank here in cochabamba , and they do n't have enough manpower to watch all of them at the same time ."
8233,"today i can get enough to take care of you all for quite awhile , and the rest is in a cayman islands account only i have access to ."
8234,i 'll get all that to you later .
8235,''
8236,"pastor martir stood frowning at his son , burly arms crossed in front of his chest ."
8237,alejo grunted and turned to wara .
8238,"`` none of the family have passports , except dad ."
8239,i want to see if the u.s.
8240,"will give them visas and put them in protection , in exchange for the information i have ."
8241,we also need to let the embassy know you 're alive .
8242,''
8243,"he took wara back to their room , and alejo dialed the embassy number on a brand-new cell phone he had picked up across the street ."
8244,wara took another handful of ibuprofen from the bedside table and forced herself to sip water while alejo talked with someone for quite a long time .
8245,"by his frustrated expression , wara could tell the conversation did n't go well ."
8246,`` so ?
8247,''
8248,she asked as he punched the end button a little too hard and slammed a fist into the bedpost .
8249,"`` they agree with you , '' alejo scowled at the little gray phone ."
8250,"`` i do n't think they bought most of what i said , but from the little i told them now , they have decided that i am a terrorist ."
8251,"and , '' alejo hurled the phone onto the bed , obviously using less force than he would have liked , `` the u.s."
8252,government does not help the family of terrorists .
8253,''
8254,`` what !
8255,?
8256,''
8257,wara squawked .
8258,`` they wo n't help them because you 're a terrorist ?
8259,but that 's why they need help !
8260,''
8261,alejo 's mouth twisted into a grim smile .
8262,`` i guess you 're right .
8263,"robert cole at the embassy told me to tell you that you should contact them so they can pick you up immediately to send you home , by the way ."
8264,they are going to call your family right away and confirm that you are alive and well .
8265,''
8266,both alejo and wara flinched at that expression .
8267,"`` they have n't found the bodies of any americans , '' he added after a while , then looked away ."
8268,wara 's heart revved .
8269,they had n't found noah 's body .
8270,which meant he could still be alive .
8271,he had to still be alive .
8272,`` so now where will you send the martirs ?
8273,''
8274,she asked shakily .
8275,`` since the good old u.s.
8276,of a has been so helpful ?
8277,''
8278,"alejo grimaced and massaged his temple , feet planted on the tile floor ."
8279,`` everyone i know who could be any help in hiding them is connected to the prism .
8280,"without all those contacts , i ca n't get passports , visas , anything ."
8281,''
8282,"he let out a frustrated breath and then sat up , looking at wara ."
8283,"`` we 'll go to plan b , '' he announced ."
8284,`` i 'll put them on a bus to lima this afternoon .
8285,"they wo n't check passports at the border , since they do n't look like tourists ."
8286,"we 'll take a taxi to sacaba , that little town outside the city , and take a bus from there ."
8287,"the guys , hopefully , will only be watching the main terminal here in the city ."
8288,they can get passports at the embassy there and take a flight to another country .
8289,"it 's all so sudden , but we have enough money and i can make a new life for my family ."
8290,''
8291,"alejo sighed slowly , watching wara ."
8292,"`` you should call the embassy to come pick you up , '' he said ."
8293,wara 's mind was reeling .
8294,"those guys she had seen on the mountain -- -they would forget about her soon though , right ?"
8295,"she could go home , see her parents , find a new place to live and work ?"
8296,come back to bolivia someday ?
8297,"at the moment , wara did n't care at all what she did or where she lived ."
8298,"only two thoughts consumed her mind : seeing the martirs safe and out of this nightmare , and finding noah hearst ."
8299,`` i ca n't go without noah .
8300,''
8301,the words slipped out before wara realized it .
8302,"alejo looked at her sharply , mouth open as if about to protest but she cut him off ."
8303,`` i wo n't leave bolivia until i know .
8304,''
8305,"his mouth snapped shut , and he got up quickly and paced to the other bed , lowering himself down cross-legged on top of the unmade covers ."
8306,he closed his eyes and massaged his temples even harder .
8307,"`` i 'll stay with you until they know , '' alejo said finally ."
8308,"`` my family can go on ahead , and we can meet them ."
8309,i 'm not going to leave you alone .
8310,''
8311,`` but ?
8312,''
8313,"wara tried to protest , but could n't come up with anything reasonable to say ."
8314,"no , you go on ."
8315,i 'll just ward off all of those killers myself .
8316,i did such a lovely job of it last time .
8317,alejo 's very presence in the room caused a veritable host of unpleasant sensations in wara 's brain .
8318,so why did her heart flood with something like relief at his plan ?
8319,"`` thank you , '' was all she finally said , fighting hard not to cry ."
8320,21 cinnamon the hostal salta seemed lonely and depressing after the martirs left .
8321,"when alejo and wara pulled up in front of the hostel in a white taxi , the street lamps were already gleaming upon the darkened sidewalk , though people still hustled by in both directions ."
8322,wara supposed it must be around seven o'clock-one hour after she had waved good-bye to the family who had been like her own .
8323,"she had barely been able to make out each face , peering through the tinted windows of a sleek double-decker bus about to depart for lima , peru ."
8324,"alejo had convinced his family to follow his plan , then had them call a friend from church to bring clothes from the market and food for the trip ."
8325,all of the kids ' clothes and toys stayed behind .
8326,the faded photograph of missing alejandro from nazaret 's dresser .
8327,anyone who brought things from the martirs house could be followed back here to the hostel .
8328,the younger kids climbed onto the bus at sacaba with huge tears in their eyes .
8329,"silky gray rain clouds swirled across the evening sky , threatening a downpour as the entire martir family boarded the bus that would take them away from bolivia ."
8330,"nazaret sobbed as she hugged wara , hesitated , and then threw herself at her brother , weeping against his chest ."
8331,"alejo 's back had been towards her , but wara had seen him put his arms around nazaret until she pulled away ."
8332,"now , wara stepped out of the taxi and slammed the door , facing the unlit stars of the hostel ."
8333,"she and alejo , who had tried to kill her , were alone here together , and wara had never felt so strange ."
8334,the faded pinstriped sheets and lumpy pillows were still waiting .
8335,"wara felt even more depressed as she entered their hostel room , realizing that alejo was now her only company ."
8336,"maybe she could call nazaret on her long bus trip later , just to hear the sound of a known voice ."
8337,"alejo had picked up several more cheap little prepaid cell phones from the viva shop , and given three to the martirs , plus one to wara ."
8338,"wara had made one call to the bennesons , to ask them to call her on this number as soon as there was any news about noah ."
8339,"explaining why they should n't give the number to anyone else had been tricky , as was trying to tell them why she was n't at home in the apartment below theirs , and could n't come back for safety reasons ."
8340,"why am i here with alejo , instead of letting the u.s."
8341,embassy pick me up and take care of me until i know about noah ?
8342,"after hanging up with the bennesons , the question had bothered her ."
8343,"because the embassy does n't even seem to believe what is going on , wara realized ."
8344,you do n't know them .
8345,alejo is a martir-and you know him .
8346,that 's crazy !
8347,wara had scolded herself .
8348,he 's one of them !
8349,alejo closed the door and turned on the light .
8350,"thirty seconds of silence filled the room , as both of them sunk down onto one of the beds , listless ."
8351,then he sighed and asked : `` do you want to go to la paz ?
8352,"the search and rescue efforts are working from there , and it 's the closest major hospital ."
8353,''
8354,"wara stared at him , feeling very weary , having a hard time understanding what he was saying ."
8355,did she want to go to la paz ?
8356,of course !
8357,"if they find noah that would be where they would take him , the best major hospital ."
8358,"noly said that noah 's parents were going to be in la paz , waiting ."
8359,"but wara could n't decide what she wanted to do at all , except that she wanted to see her best friend who she loved again ."
8360,"`` i do n't know , '' she finally said hoarsely ."
8361,`` what do you think ?
8362,''
8363,alejo looked away .
8364,"`` they 've been searching for two days now , and they should be done soon ."
8365,noah lived here ; the funeral will-would be-in cochabamba .
8366,i think you should stay here .
8367,''
8368,his words hit wara like a punch in the gut .
8369,"everything alejo said sounded so logical , but the cold reality of making such a decision based on the fact that the funeral would be here ?"
8370,for a moment she could n't breathe .
8371,"it took her a long time to collect her thoughts and say , weakly , `` ok."
8372,"'' all day she had waited with bated breath , feeling that any phone call could bring news that noah had been found , alive ."
8373,but hearing alejo say that he expected the news would be about the funeral brought wara back down to reality with a very painful crash .
8374,"after a long while she heard alejo say , `` i told danny downstairs that we 're checking out tonight ."
8375,"we need to move to another place-it wo n't be that hard for the guys to show our picture to reception at all of the cheap hostels in cochabamba , and the longer we stay in one place , the more time they have to do that ."
8376,''
8377,"his voice sounded tight , but calm , not as bone-weary as wara herself felt ."
8378,"`` alright , '' she managed ."
8379,"her eyes were closed , and she felt her breathing slow , suddenly so relaxed she felt almost one with the sagging mattress underneath her ."
8380,"she cleared her throat and mumbled , `` right now ?"
8381,''
8382,"the thought crossed wara 's mind that if she never got up off this bed again , that would be perfectly fine ."
8383,"`` yeah , right now , '' alejo said , almost sounding apologetic ."
8384,`` we need to get going .
8385,"and besides , now 's a good time ."
8386,we 'll be going under cover of darkness .
8387,''
8388,wara cracked open her eyes and raised one eyebrow at him .
8389,"his hazel eyes were watching her , expression unreadable ."
8390,"`` fine , '' she answered him , sliding her eyes back shut ."
8391,`` but i think you 'll have to pack my bag for me .
8392,''
8393,"a joke , since her belongings consisted of two changes of clothes the martirs ' friend had brought her from the market , along with a toothbrush and shampoo ."
8394,alexis ' shiny-reared sweat pants and wombat shirt had found their final resting place in the bathroom trash can .
8395,wara realized that alejo had actually gotten up and was bringing her toothbrush from the bathroom .
8396,"he made sure it was inside the brown plaid bag that had also come from the market , and then slung that and a black backpack that had been brought for him over his shoulder ."
8397,`` ready ?
8398,''
8399,"he asked , standing near the door ."
8400,`` i promise you can sleep when we get to our new place .
8401,''
8402,"wara sighed loudly and rolled off the bed , hanging on to the side until she was steady ."
8403,"her bleary gaze fell on alejo , and she thought he did n't look quite as threatening now that he was no longer wearing the military-style cargo pants and sweaty gray t-shirt from up on the mountain ."
8404,"he actually looked rather normal now in dark jeans , a hunter green hoodie , and leather tennis shoes ."
8405,`` are they going to find them ?
8406,''
8407,"she asked groggily , as she followed alejo out the door into the hallway ."
8408,"without turning around , he answered carefully , `` i do n't think so ."
8409,i would never forgive myself .
8410,''
8411,"their taxi sped along the highway towards sacaba , the same route they had taken to say good-bye to the martirs ."
8412,"not even halfway to sacaba , alejo directed the taxi driver to veer off the highway towards a gravel-covered incline ."
8413,"with a sharp tap of the brakes , the driver darted in front of oncoming traffic on the highway 's opposite lane and bumped onto the more uneven road ."
8414,"he then punched the gas , letting the shiny , newer taxi climb up towards wherever their final destination would be ."
8415,"spanish pop music filled the clean , gray interior of the taxi , and the young driver , wearing a peach polo shirt , tapped a muscular forearm against the steering wheel to keep rhythm ."
8416,"this under-maintained road took them higher and higher up one of the mountains at cochabamba 's northern edge , the bumps and ruts jolting the taxi with more violence the farther along they went ."
8417,"three iridescent cds hung from the top of the windshield on gold cords , dangling and swaying with each jolt of the car ."
8418,"`` a los moteles , no amigo ?"
8419,''
8420,the taxi driver 's eyes met alejo 's in the rear view mirror .
8421,"`` yep , '' alejo nodded to him , mouth turning up ."
8422,`` el cupido .
8423,''
8424,wara glanced over at alejo sharply .
8425,they were entering an area where the dusty road was pock-marked with rocks and shaded by eucalyptus trees .
8426,"on either side , brightly-painted walls rose up , sporting neon signs with names that did not appear to be those of respectable hotels : safari , the oasis , the `` park drive-in '' , and lover 's paradise ."
8427,"wara stared in disbelief , and then her eyes fell upon a towering sign of a glowing cupid , complete with heart-tipped arrows ."
8428,"and underneath , a giant closed gate painted the color of red hot candies with an enormous pink heart ."
8429,"oh , this was not good ."
8430,"someone had once made a comment to her that in some part of cochabamba there were `` motels '' where one could pay for rooms by the hour , usually for romantic encounters ."
8431,"the taxi that held alejo and wara had pulled up in front of the looming hot pink heart , which now filled the entire windshield ."
8432,"their taxi driver honked twice merrily and waited , still tapping the steering wheel to the rhythm ."
8433,"you have got to be kidding me , wara gaped , then snapped her mouth shut and whirled towards alejo ."
8434,`` what is this ?
8435,''
8436,she hissed .
8437,"he tried to appear unfazed , obviously having known wara would react this way ."
8438,"`` this is the only place where you can stay without having to show id , '' he whispered in her ear ."
8439,alejo scooted closer and slung an arm around her shoulder .
8440,"`` just act natural , ok ?"
8441,"i had to lie through my teeth to get danny back at the salta to let you stay without id , and he only did it because he 's a nice guy ."
8442,"we 've got these nice , dark tinted windows ."
8443,that 's why i picked this taxi .
8444,''
8445,"alejo motioned fluidly towards one of the windows , as if waiting for wara to take in how they were invisible to prying eyes outside the taxi and stop being angry that he had brought her to a motel called el cupido ."
8446,"then he continued , squeezing her close against his side for the taxi driver 's benefit ."
8447,"`` probably just some kid will come out to take our money , and then we 've got a room ."
8448,"if the guys from my team would come here , no one has got our id ."
8449,"plus , this place is pretty secretive ."
8450,i 'm sure you can imagine why '' wara swallowed hard .
8451,"she closed her eyes and counted to ten , mortally embarrassed , doing her best not to rip herself away from alejo 's grip ."
8452,"just when she thought she could n't stand it a moment longer , the huge wooden door of love swung open by some invisible hand and the idling taxi drove inside ."
8453,"the courtyard they entered was grassy , shaded with trees , and mostly dark ."
8454,"off to the right , wara could see a long row of motel rooms , each sporting a pair of hearts painted on the red hot , numbered doors ."
8455,"stifling a groan , wara leaned her head back onto the seat back ."
8456,"alejo winked at the driver , who seemed to be enjoying this ."
8457,"`` you 'll talk to the boy for us , right ?"
8458,just slit the window so no one 'll see us .
8459,''
8460,"`` no problem , '' the guy in the peach shirt nodded , and with one touch of a button the cobalt glass glided a few inches lower , revealing a brief glimpse of a young boy with chocolate skin and a tattered green hulk t-shirt ."
8461,"`` si , amigo ?"
8462,''
8463,"he said into the taxi , and wara was shocked by the squeakiness of the kid 's voice ."
8464,he could n't be more than ten years old .
8465,what was he doing in this kind of place ?
8466,"`` ask him how much for two days , '' alejo told the driver ."
8467,"`` five hundred bolivianos , '' the taxi driver announced after consulting with the boy outside ."
8468,he raised his eyebrows at alejo in the mirror .
8469,alejo pulled out a fat wad of red one hundred boliviano notes from the pocket of his jeans and peeled five off .
8470,"the driver passed them through the cracked-open window and the kid counted the money , crisping the bills in his hand with the efficiency of a los vegas casino employee ."
8471,"`` number six , '' the kids squeaked , and passed something metallic and jingly into the interior of the car ."
8472,"alejo snatched the item from the driver 's burly fist , and wara saw it was a single silver key , attached to a key chain with a cherry red , puffy , lace-trimmed heart ."
8473,"alejo started to hand her the key , saw her face , and then lowered his eyes , stuffing the key into the pocket of his hoodie ."
8474,"the driver sealed the window shut with a soft hiss , and then slowly pulled across the grass to leave them closer to the heart doors ."
8475,"without a word , alejo opened the car door for wara , then paid the driver ."
8476,"`` do n't look behind you when you get out , '' alejo breathed into her ear , and wara 's cheeks flamed as she exited into the cool night ."
8477,"she gathered her composure and followed alejo , forcing herself to stare at the double hearts ahead instead of behind her , where she thought the boy who had taken their money might still be watching in the darkness ."
8478,"but then again , the kid was probably already back inside watching cartoons , so used to this life that there was absolutely nothing exciting about the arrival of yet one more couple ."
8479,"`` see , that was n't too bad , '' alejo said under his breath as he jammed the silver key into the lock ."
8480,the plush heart bobbed around wildly as he turned the key to motel room number six .
8481,"the wooden door swung open , immersing wara in a warm glow of cinnamon red ."
8482,the entire interior of the room was varying shades of red .
8483,"lit , neon red christmas lights ran around the ceiling , and the walls were cherry red and white stripes , crisscrossed with painted cupids , arrows ready to fly ."
8484,"shaggy , worn crimson carpet blanketed the floor , cushioning wara 's ankles as she warily stepped inside ."
8485,"and in the center of the room sat a double bed , fire-truck red satin comforter shimmering under a gaudy gold headboard in the shape of a heart ."
8486,"alejo gingerly closed the door behind them and flipped on the light , causing wara to gasp ."
8487,"a monstrous , cheap crystal chandelier exploded with light above them , and every diamond-shaped light bulb was red , spreading a rosy scarlet hue across everything in the room , including alejo 's face ."
8488,`` what do you think ?
8489,''
8490,he had the audacity to ask with a crooked grin .
8491,wara did n't know whether to laugh or run out the door .
8492,`` of course you can have the bed .
8493,i 'll take that couch .
8494,''
8495,"wara followed his gaze to the wall , where a plush couch , the color of cinnamon red hot candies , snuggled against the wall ."
8496,"next to it , a wicker chair with a matching footrest was adorned with cushions to match the couch ."
8497,it was all just too much .
8498,`` i hate it !
8499,''
8500,"wara responded to his question , turning in a slow circle around the room ."
8501,`` i have never seen anything so ugly in my entire life .
8502,it 's ?
8503,indescribable .
8504,''
8505,"`` i 'm sorry i had to bring you here , '' alejo said , seemingly feeling bad for her ."
8506,`` it 's just that it really is the best spot to hide ?
8507,''
8508,"`` yeah , your reasoning does make a twisted kind of sense , '' wara sighed ."
8509,"noah would have chuckled at this , and for sure he could have written a hilarious song about this room with this taylor guitar ."
8510,"nazaret would have been shocked , then dissolved into a fit of giggles ."
8511,"wara missed both of them so much , and felt awfully , terribly alone ."
8512,"alejo hauled the wicker chair over under the room 's only window , a long , rectangular-shaped opening that ran higher than the level of their heads next to the door ."
8513,"he pulled aside the gauzy red curtain and peered outside , probably checking for any bad guys ."
8514,"the gaze he fixed on her as he stepped down from the fuzzy red couch was so like nazaret 's that for a moment she blinked , forgetting he was really so different from the other martirs ."
8515,`` were you really good friends with all those guys i saw up there ?
8516,''
8517,she asked .
8518,"alejo dragged the wicker chair back to the corner and sat down , considering how much he was going to tell her ."
8519,"finally he said , `` most of the guys that were there at first-the guys that carried you up from the road -- were only there for the weekend , for training ."
8520,"i was n't only in charge of my team , but of training all the guys in most of south america ."
8521,that 's why they 're going to be so mad .
8522,''
8523,that last sentence was muttered .
8524,`` four of the guys were on my team-we were like brothers .
8525,"gabriel , stalin , benjamin , and lzaro ."
8526,"well , not lzaro ."
8527,he 's new .
8528,but gabriel and benjamin and i shared a house together in coroico .
8529,and stalin and i have been friends for ten years .
8530,''
8531,"the memory hit her , leaving a sour taste in her mouth : alejo worked with lzaro ."
8532,"back when she knew him , lzaro had said he was a christian ."
8533,wara did not even want to think how he had reached the point of becoming a radical muslim who was about to cut her throat .
8534,and she really did n't want to talk with alejo about it .
8535,she wandered over to the bed and collapsed on it with slumped shoulders .
8536,she felt sick and weary to the bone .
8537,"wara twisted noah 's silver ring on her finger , her only comfort in this awful place ."
8538,22 sickly pink wara was exhaused .
8539,"she was suffering , and alejo had done this to her ."
8540,"he watched her , sitting there on the horrible bed in this place he 'd brought her to , playing with a silver ring on her finger ."
8541,"her eyes were ringed in dark circles , glazed over and in another world she shivered and absently scrubbed at her bare arms , trying to get warm ."
8542,alejo 's heart hurt .
8543,he got up and walked over to her backpack by the door and found a black sweater his mom 's friend had brought for wara .
8544,"`` its cold in here , '' he offered it to her ."
8545,"it was dark outside now , chilly and menacing in the shadow of the darkened andes ."
8546,she looked into his eyes as he handed her the sweater and her face was bathed in red from gaudy chandelier .
8547,"her nose was a sickly violet and yellow , puffy under her reddened eyes ."
8548,it had to hurt .
8549,a lot .
8550,"alejo closed his eyes slowly , then opened them ."
8551,`` i think we should try to rest .
8552,''
8553,he dragged his feet over to the couch .
8554,"the ugly thing was three cushions wide , good enough for a decent night 's sleep ."
8555,"he curled up facing the wall and stuffed a small , hard red pillow under his head ."
8556,"`` whenever you 're ready , you can turn out the lights , '' he told wara ."
8557,"`` i can sleep anywhere , with lights or without , so do n't worry about me ."
8558,''
8559,as if she would .
8560,alejo grimaced at the back of the couch .
8561,he had no idea what else to say .
8562,"wara switched off the light and covers rustled behind him , then everything fell silent ."
8563,way too silent .
8564,"suddenly , the horror of the day pressed into him with a vengeance and it hurt ."
8565,"franco salazar was dead , and he could n't say he was sorry ."
8566,"he believed what he 'd told wara , that he could n't just sit by and watch while thieves attacked the man in the story of the good samaritan ?"
8567,or while franco salazar abused kids .
8568,but he 'd never really thought about other people who could be hurt in the middle of delivering justice to the bad guys .
8569,"he 'd never laid eyes on noah , but alejo had seen his sister 's tears , heard how the guy played with his little brothers and sisters and made sure nazaret got home safe late at night ."
8570,"for all alejo knew , that silver ring wara was always playing with was a gift from noah ."
8571,"it was obvious she cared about him , a lot ."
8572,"always before , when alejo killed , he had been sure the man who died was scum and deserved whatever he had coming to him ."
8573,"now , for the first time , someone innocent had been taken out along with the bad ."
8574,alejo knew the reason wara 's presence was undoing him : she was the incarnation of a person simply caught in the crossfire .
8575,"he felt guilty for the other innocent people on the bus , but he had never seen them ."
8576,"when he looked into wara 's eyes and realized what he had done , there had been no going back ."
8577,"the combination of leaving islam , leaving the prism , and trying to figure out why , if he had done god 's will , he could still feel so wrong , spun alejo 's world upside down ."
8578,"a half-hour or so went by , and wara 's even breathing seemed to indicate that she was asleep ."
8579,a slightly hellish glow filtered into the dark room through the sheer red curtains from a street lamp in the courtyard outside .
8580,alejo closed his eyes but he just could n't sleep .
8581,and then there 's my family .
8582,"who he had avoided in anger for years , then dragged into the very path of death ."
8583,"he kept thinking about his father , and the few words they had had just before the martirs went to sacaba to take the bus away from bolivia ."
8584,"pablo martir told alejo he wanted to speak with him up on the roof again , alone , and alejo had steeled himself for the conversation ."
8585,he really hoped his father would understand that there was n't much that could be added to what had already been said .
8586,there was nothing alejo could say that would make it right .
8587,"there was nothing his father could say that would make alejo feel more acutely how badly he had messed up , getting his entire family into this situation ."
8588,"there was no other solution that alejo could see to the problem ; even if he would walk right back into coroico and show up at the doorstep of his old house so the prism could shoot him , the 964 would still be angry , and they could still go after his family ."
8589,and wara was still a witness .
8590,"alejo had trudged up the concrete steps to the roof , following the broader form of his father ."
8591,"all these years , he had imagined that his father was still occupied as a pastor , preaching that jesus saves while letting the world go to hell ."
8592,"somehow , finding out that he had been directing the only center for children with aids in the country , which would now be left without leadership because of alejo , made alejo feel even more depressed ."
8593,the faded sheets were still drifting lazily on the line in the afternoon breeze on the hostel rooftop .
8594,alejo 's father turned to face his son squarely .
8595,"`` son , i ca n't tell you how sorry i am we ca n't have more time together ."
8596,"there is so much more i 'd like to talk about , but as you said , now is not the time ?"
8597,''
8598,"his voice cracked a little , and alejo felt his shoulders tense ."
8599,"`` so much time lost , '' pablo continued , `` and now i do n't even know what will happen , what you ?"
8600,''
8601,"he stopped and sighed , obviously thinking something along the lines of , `` ?"
8602,"if you are going to continue being a criminal , because that really complicates our relationship ."
8603,''
8604,"`` the one thing i want to ask you before we leave , though , '' alejo 's father said after the scowl had faded , `` is about what you said before , about jesus ."
8605,you said that you have been a muslim ?
8606,''
8607,"`` yep , i 've been a muslim since i was eighteen , '' alejo confirmed dryly , wondering where his father was going with this ."
8608,"`` but you told me that you are no longer a muslim , that you are a christian ."
8609,''
8610,"alejo hesitated , the term christian still racking him with unpleasant sensations of long sermons with too many amens ."
8611,people pretending to praise god while peeking to see whose hands were raised the highest .
8612,little boys dead in the grass so that no one would disrupt the worship of god in the church building every sunday .
8613,alejo exhaled loudly .
8614,`` i guess so ...
8615,dad .
8616,i do n't want to be a christian like i was taught .
8617,i 'm sorry .
8618,when i read the bible and saw what jesus said ?
8619,it was like i had never heard most of it before .
8620,and i wanted that .
8621,i want that .
8622,"it 's him i want , not a religion ."
8623,''
8624,"pablo sighed deeply , eyes boring into his son 's ."
8625,"then he actually stepped forward to clasp alejo 's shoulder , tears in his eyes ."
8626,"`` we all need a lot of grace right now , '' he said hoarsely ."
8627,"pablo martir let go of his son and turned as if to go , then paused ."
8628,"without looking back he said , `` noah had jesus living in him ."
8629,"he would have forgiven you , alejandro ."
8630,''
8631,"alejo had shivered , staring at the back of his father 's head as he walked towards the metal door that led back downstairs and disappeared ."
8632,"then noah was a better man that i am , he thought ."
8633,"alejo , who usually could sleep like a baby even with a rock for a pillow , finally drifted into a fitful sleep on the soft red couch ."
8634,he jerked upright at a foreign sound filling the room .
8635,a cell phone !
8636,"slapping around in the darkness , he got a hold on the metal chain of a pink floral lamp next to the couch and yanked it , flooding the motel room with sickly-sweet light ."
8637,"wara had already flown across the room towards her bag and was throwing out clothes , looking for the phone that kept drilling its tinny tune into the night ."
8638,"realizing it was n't there , she dove back for the bed , crawled over it , and grabbed the phone vibrating across the nightstand ."
8639,"her hands were shaking so hard she could hardly flip the thing open to gasp a breathless , `` hello ?"
8640,''
8641,"alejo sank back into the couch , hoping the call was his sister in need of a midnight conversation ."
8642,"the odds were against that , however ; there really was n't a good chance a call in the middle of the night would bring good news ."
8643,"`` yeah , it 's me ."
8644,''
8645,wara 's voice quivered .
8646,"she waited , then waited some more ."
8647,"alejo exhaled as her entire body crumpled and sank back into the sheets , seemingly buried in the mass of fluffy pillows and thick satin bedspread ."
8648,`` when ?
8649,''
8650,"silence , and then she choked out , `` th-thank you ."
8651,''
8652,"the cell phone shut with a near-silent click , and then alejo saw wara pull the covers up over her head ."
8653,"`` you can go back to sleep , '' she finally said in a voice that did not sound like herself ."
8654,`` the bennesons just wanted to let me know that the funeral will be tomorrow at ten .
8655,''
8656,they found him .
8657,"alejo 's blood chilled , and he pulled the lamp off quickly , as if afraid to sit any longer in the light when he just found out he had caused a funeral ."
8658,"rubbing his temples , alejo rolled back onto the couch , slowly , staring up at the ceiling ."
8659,his brain told him he should say something .
8660,what kind of man just sat there without saying anything when a woman finds out the guy she loved has died ?
8661,"alejo did n't even need to run through the possible options in his mind , however , to know that finding something adequate to say to her would be impossible ."
8662,"taking a deep breath , he shivered , eyes fixed on nothing in the darkness until it was nearly morning ."
8663,a morning in which alejo would go to a funeral .
8664,23 bittersweet the morning passed by as if in a dream .
8665,"after somehow getting ready , wara followed alejo out of el cupido and waited a few blocks away on a shaded corner for a missionary family , the paulsons , to come pick them up ."
8666,"alejo had said something about the prism finding them , so they would need to try to sneak into the house where the funeral would be held ."
8667,he insisted she call someone with a van so they could hide out lying on the floor .
8668,the paulsons had quickly agreed to pick them up .
8669,corban and misty paulson had been good friends with noah ; no one said a word during the entire ride to the house where the funeral would be held .
8670,a solemn metallic clanging and the stilling of the purring engine told wara that the van had finally arrived inside the gate of the bennesons ' house .
8671,"she picked herself up off the floor , brushing crumbs off her pants in a daze ."
8672,"she followed alejo and the paulsons across the wide lawn with its spiky green grass , around a multitude of assorted land cruisers and brasilias already parked inside the house 's walls ."
8673,"the zip of cool air inside the shade of the white-walled house hit her face , along with the unnatural hush emanating from within ."
8674,everyone turned to stare as she slipped through the door .
8675,"wara swayed on her feet , overcome by the sight of all of her friends , noah 's friends , gathered here , because noah was actually dead ."
8676,`` wara !
8677,''
8678,tobin was folding her into an embrace against his bony shoulders .
8679,`` i ca n't believe this happened to noah .
8680,we were so worried .
8681,about both of you .
8682,''
8683,"wara pulled away from him numbly , only to find herself hugged by person after person from her mission ."
8684,from noah 's church .
8685,"tobias , the other australian , was scrubbing reddish eyes , obviously trying not to cry as he gave her a quick hug ."
8686,"she saw tobin 's gaze ride up to where alejo stood somewhere in the background , probably looking dangerous and out of place at a funeral with his uncut curly hair and jeans ."
8687,wara wondered for a brief moment if she should feel like a traitor for daring to come to noah 's funeral with the man who was responsible for his death .
8688,"but then she realized she could n't feel anything , not yet ."
8689,"`` wara , '' tobias was saying , `` we brought a guitar for you ."
8690,they want you to sing something for noah-just one song .
8691,can you do it ?
8692,''
8693,"wara gulped , then nodded without thinking ."
8694,"of course she would sing , if it was for noah ."
8695,it was her last chance .
8696,"`` thanks , '' tobias nodded and sniffed loudly , laying a hand on her arm ."
8697,then he was off in the direction of the living room .
8698,"she did n't know what to do , so she just followed him , practically floating in the sea of people milling around here at noah 's funeral ."
8699,it was unreal .
8700,"wara really , really wanted to cry ."
8701,"as she moved to go into the main living area , a huge , arched room painted in bold colors , rough fingers brushed her arm ."
8702,"wara looked up to find eduardo sejas , the good-looking bolivian guy who had been in coroico with noah ."
8703,"his usually twinkling eyes were red-rimmed behind black trendy glasses , and he wore a dark suit and tie ."
8704,"`` wara , '' he started , and then his voice choked ."
8705,`` you 're still alive .
8706,we were so worried ?
8707,''
8708,`` is he here ?
8709,''
8710,"wara heard herself say , glancing towards the living room ."
8711,"`` yeah , '' eduardo said , and sighed ."
8712,"`` i mean , he 's not really here , he 's with god , but ..."
8713,the casket is in there .
8714,''
8715,wara bit her lip and reached up with one hand to push a stray piece of hair out of one eye .
8716,"as she did , eduardo 's gaze followed her hand , and his mouth opened into a round `` o '' ."
8717,`` they gave you noah 's ring ?
8718,''
8719,"he asked , staring at the shining silver on her hand ."
8720,"wara frowned , not sure who he was talking about ."
8721,eduardo grabbed her hand quickly and examined the ring .
8722,`` is n't that noah 's ring ?
8723,''
8724,"he lifted his eyes to hers again , blinking behind the trendy glasses ."
8725,`` did you find it after the accident ?
8726,''
8727,"`` no , '' wara said , realizing dully that eduardo , as one of noah 's best friends , must have seen this ring sometime before ."
8728,she had never seen noah wearing it .
8729,"eduardo sniffed loudly , but his face lit up ."
8730,`` he gave it to you ?
8731,''
8732,"`` yeah , '' wara said hesitantly , not sure where this was leading ."
8733,why did it really matter ?
8734,`` that 's awesome !
8735,''
8736,eduardo was actually grinning .
8737,`` what ?
8738,''
8739,"in her present condition , wara was obviously missing something ."
8740,"`` noah saved that ring for a really long time , '' eduardo explained slowly , as if revealing a delicious secret ."
8741,"`` he said that he did n't want to just casually date someone , but that when he started a relationship he wanted it to be serious ."
8742,"well , a lot of the guys , we used to always tell him , 'well , start a relationship then !"
8743,what are you waiting for ?
8744,'
8745,"but noah would always say that he thought maybe god wanted him to be single , since god had n't brought the right girl along yet ."
8746,i told him so many times that that was a bunch of hogwash .
8747,he knew several great girls .
8748,noah was just plain scared of commitment !
8749,"he told me that his parents always fought like cats and dogs , and that they never loved each other a day in their lives ."
8750,''
8751,wara swallowed hard and circled the ring around her finger .
8752,"she knew that noah 's relationship with his parents was n't the best , mostly due to his decision to be a missionary instead of pursuing a career that would make lots of money ."
8753,he had never mentioned anything about his parents ' relationship with each other .
8754,"`` so , last weekend , when he was going to coroico , '' eduardo was going on , `` noah told me that he was taking the ring along , since god supposedly was n't bringing any girls into his life that he could give it to and he had reached the ripe old age of twenty-eight ."
8755,"he was just going to ceremoniously throw it out the side of the bus , over the road of death ."
8756,to put to death the idea of marriage and living happily ever after .
8757,''
8758,eduardo 's eyes were swimming but the twinkle was back `` but it looks like he did n't throw the ring over after all .
8759,he gave it to you ...
8760,right ?
8761,''
8762,"wara just stared at him , because her throat hurt too much to try to speak ."
8763,"she gave a curt nod , not even trying to pretend she was n't about to cry ."
8764,eduardo looked very satisfied .
8765,"`` thank you , '' she finally whispered , wanting to ask more before she had to go into the living room ."
8766,"but then she saw the couple dressed in black , standing at the back of the room through the wide double doors , weeping ."
8767,"wara had never seen their picture , but the look of utter desolation on their faces and the way their gaze shifted uncomfortably around the room as if they were in a strange land they had never before imagined they would see , told her that these were noah 's parents ."
8768,`` his mom and dad .
8769,''
8770,"eduardo touched wara 's arm , following the direction of her gaze ."
8771,"`` we 'll talk another time , ok ?"
8772,''
8773,"wara nodded , and glanced at alejo , who was standing , tight-lipped behind her , pale face revealing that he had heard who was in the next room ."
8774,"she turned her back to him and forced herself to walk through the open double doors , completely ignoring the small , hushed groups of people clustered around the room , whispering ."
8775,"her mind registered that the music she heard was noah , one of the cds he had recorded with the guys for fun at the studio on espaa ."
8776,his voice cut her to the heart .
8777,why could n't that really be you ?
8778,a long table was set up in the corner with punch and refreshments .
8779,ridiculous .
8780,who could eat now ?
8781,"along the burgundy wall at the opposite side of the living room was an espresso-colored casket , lying on a curled metal stand , closed ."
8782,wara 's knees felt weak .
8783,"before she could think she threw herself across the tile floor and drew up to the edge of the long , dark casket , spreading her hands out along the smooth wood ."
8784,"a tear dripped off her chin onto noah 's casket , and wara pressed her forehead into the cool wood , eyes closed ."
8785,"if the world ended now , that would be just fine ."
8786,the shaky voice came from a woman just behind wara .
8787,`` were you one of his friends ?
8788,''
8789,she reluctantly raised her head and stared at the speaker through bleary eyes .
8790,"it was noah 's mother : slim and fashionable , wearing a short black suit dress and a string of platinum-colored pearls , bobbed hair dyed blond gave her the appearance of being much younger than she must be ."
8791,"wara 's gaze shifted behind her and saw the portly , balding man that must be noah 's father ."
8792,he seemed at home in an expensive black suit with a sky blue tie .
8793,drops of perspiration trickled down his forehead despite the coolness of the room .
8794,"`` yes , '' wara heard herself answer ."
8795,"the overweight father shuffled uncomfortably forward , glancing around the room as if he would give his entire fortune to be anywhere but here ."
8796,he took his place at his wife 's side and tried to focus his attention on wara .
8797,wara ignored the trail left by the tear down her right cheek .
8798,`` are you noah 's parents ?
8799,''
8800,"`` yes , we are ?"
8801,were ?
8802,his parents .
8803,''
8804,"noah 's mother had mascara smears under her emerald green eyes , and wara 's heart flipped , recognizing noah 's eyes in hers ."
8805,"with a stifled sob , his mother covered her mouth with one manicured hand and wiped away a stray tear with the other ."
8806,"`` and you must have been a good friend , '' she sniffed ."
8807,"wara blurted out , `` i was ?"
8808,me and noah were ?
8809,i loved him .
8810,i was his girlfriend .
8811,''
8812,"yes , for a few minutes , but what did that matter now ?"
8813,"she had noah 's ring , and she knew that he had wanted to be with her ."
8814,"noah 's father looked shocked , and his mother burst into tears ."
8815,wara could n't miss mr.
8816,"hearst 's disparaging look that traveled over wara 's rumpled clothing , henna tattoos , nose ring , and bruised face ."
8817,"surely she did n't look fit to be at a funeral , much less to be the girlfriend of their precious son from a wealthy family ."
8818,but noah 's mother just waved her hand at her husband and held two slender white arms out toward wara for an embrace .
8819,mrs.
8820,"hearst delicately pulled her forward for a hug , and while wara was pressed against her shoulder she noticed a framed photograph on top of the casket ."
8821,"a clean-cut young man wearing a blue dress shirt and a silk tie smiled confidently from the picture , looking for all the world like a slick lawyer or a successful salesman ."
8822,"with a gasp , wara realized she was looking at a younger noah , long hair clipped off , clean-shaven and wearing a tie ."
8823,"what would noah 's parents think if they had seen him how she had known him , with the tattoo and terribly not cool clothes , playing soccer in the dust with school children ?"
8824,"this is how they wanted him to be , she thought miserably ."
8825,this picture must be from when he was studying international business .
8826,"next to the larger photograph were two smaller ones , also in gold-gilded frames ."
8827,"one was a blond boy , about six years old , wearing a star wars t-shirt and grinning at the camera while missing both front teeth ."
8828,wara had never seen a photo of noah as a kid .
8829,"the other frame showed a chubby baby with bright emerald eyes , stuffed into a starched white suit and staring at the camera while a trail of drool escaped from one side of his rosebud lips ."
8830,mrs.
8831,"hearst let her go , again swiping at tears under her painted eyes ."
8832,`` i did n't know he had a girlfriend `` she rasped .
8833,`` he never told us .
8834,"oh , we wasted so much time ?"
8835,''
8836,"noah 's mom broke off , bit her lip , then tried to compose herself ."
8837,"`` of course i do n't know your parents , but i would like to tell you , on behalf of noah 's parents , whose hearts are broken ?"
8838,''
8839,"the woman dissolved into tears again and her husband put one hand stiffly on her arm , obviously embarrassed by how his wife was carrying on ."
8840,mrs.
8841,hearst 's lip curled with anger and she yanked her arm out of his grip .
8842,"`` what was your name , dear ?"
8843,''
8844,she asked crossly .
8845,wara told her .
8846,`` wara .
8847,''
8848,"noah 's mother pronounced the foreign name and then drilled wara with her bereaved eyes , voice shaky and tight ."
8849,"`` for your parents , leave this awful country and go home ."
8850,there 's nothing for you here .
8851,look what comes of all this supposed 'doing good ' !
8852,"for the love of god , leave this terrible place !"
8853,''
8854,"wara felt shaken by the woman 's emotion , and she wanted to back away , get out of this conversation , go back where she could be closer to noah ."
8855,"she wondered briefly if the embassy had listened to alejo at all when he told them that the bus had been attacked , and if they had told the hearsts about it ."
8856,"no one 's here from the embassy , trying to find me to get more information ."
8857,the hearsts seem devastated but not furious .
8858,they must not know .
8859,"then another hand touched her arm , and she jerked around to see an athletic-looking guy with a pock-marked face and mahogany skin ."
8860,"a crisp white dress shirt was tucked into worn jeans , and his hair was slicked back with way too much gel ."
8861,he addressed noah 's mother .
8862,"`` i 'm so sorry , ma'am ."
8863,"you do n't know me , but my name is hector villanueva and i 'm a volunteer with the sar search and rescue team ."
8864,''
8865,"he paused , obviously noticing the three confused gringo faces ."
8866,"`` i was part of the team that went down to the bus accident , '' he clarified , expression grave and serious ."
8867,`` this accident ?
8868,upset me so much .
8869,"i 've been a volunteer for ten years , but this one really got to me ."
8870,"i 've been going to the funerals of nearly all of the victims , and i just wanted to tell you , the parents , how sorry i am ."
8871,''
8872,mr.
8873,and mrs.
8874,"hearst were staring blankly at the man , and wara realized with a start that they did n't understand a word he was saying ."
8875,she numbly translated most of what the sar volunteer had said into english .
8876,mrs.
8877,"hearst nodded , barely looking at the man , but noah 's father 's face had gone crimson and he lumbered forward , bearing down on hector villanueva ."
8878,"`` now listen here , '' he growled , swiping at a drop of sweat about to run into his eye ."
8879,"`` there 's a woman from the embassy here with us , i suppose as a babysitter , but the embassy does n't appear to have any information about anything ."
8880,"we 've tried for days to get information about the rescue efforts , progress , anything ."
8881,"and guess what , no one knew anything !"
8882,well -- - '' mr.
8883,hearst cut his tirade short for a moment as he noticed that wara was translating for the sar worker .
8884,"then he ranted on , `` last night , with no warning , we get a call from some missionary who knew our son that he is dead !"
8885,"well , you were there-can you tell us what has been going on since that accident ?"
8886,why did n't they find our son until last night ?
8887,"and if they found him before , why the heck did n't anyone tell us anything ?"
8888,''
8889,"noah 's father 's voice cracked , and he fell silent , swiveling his gaze over to the silent coffin along the wall ."
8890,"wara felt faint , but translated the general gist back to the man who had been there on the side of the mountain cliff ."
8891,looking for noah 's body among the twisted vines and jungle thorns .
8892,noah 's parents wanted to know what they had found .
8893,`` i ca n't do this .
8894,''
8895,"she trembled from head to toe , backing away from the three others in the conversation ."
8896,"`` i ca n't translate this , how he was ?"
8897,''
8898,"a tight hand clapped her on the shoulder , and wara lifted wild eyes to meet alejo 's , deadly serious and morose ."
8899,"`` you 've been standing up too long , '' he told her in spanish , and then the grim line of his mouth softened ."
8900,`` i 'm going to translate for them .
8901,go sit over there .
8902,''
8903,"without waiting to be told a second time , wara hurriedly slipped away from the conversation that had suddenly turned gruesome and found refuge in a tan swivel chair a few feet behind noah 's parents ."
8904,"she collapsed into it , pulling her feet up to sit cross-legged , and buried her face into her hands ."
8905,"of course from here she could still hear everything that was said , but at least she would n't be the one to translate it ."
8906,"wara focused on the sar worker 's spanish instead of alejo 's clipped , perfect english as he translated ."
8907,"hector villanueva had already launched back into the conversation , seriously stating the facts to answer noah 's father 's questions ."
8908,"he was describing the process sar , the bolivian volunteer search and rescue department , had used to scale down the rugged terrain , then systematically search for bodies ."
8909,"they had started , of course , with the charred remains of the bus ."
8910,"`` we were able to identify all but three of the bus ' passengers from the remains inside the bus , '' the man said , and wara cringed ."
8911,"she closed her eyes tightly , refusing to allow her imagination to get ahead of the conversation in whether noah had been one of those burned figures trapped inside the vehicle ."
8912,`` verifying the identity of these bodies took until yesterday .
8913,the first day we found one of franco salazar 's assistants several hundred meters uphill from where the bus came to rest .
8914,she had already passed away from severe trauma .
8915,the other two missing bodies were not found until yesterday around six p.m.
8916,", when the volunteers were just about to go home for the day ."
8917,"we had been combing the area for two days , but it was n't until we reached a spot nearly a kilometer away from the bus ' exit point from the highway that we found both of them ."
8918,"obviously they had been thrown from the bus while it was still pretty high up the mountain , to have landed so far away ."
8919,"one of the men had been dead since approximately early monday morning , according to the autopsy , but the autopsy of the other man , your son , showed that he had passed away about twelve hours before we found the body ."
8920,they just called me with the autopsy results .
8921,''
8922,wara 's whole body shook and she pressed her fingers into her forehead .
8923,"there was a deathly silence , and then mr."
8924,"hearst 's indignant voice gasped , `` are you saying that for twenty-four , no for nearly a day and a half after that accident , our son was alive down there in the jungle ?"
8925,''
8926,"`` yes , sir , that is what the autopsy report showed , '' hector reported , stiffening as if just now realizing that the giant man in front of him was simmering with rage ."
8927,"`` b..b..but -- -you 're saying that because your 'search and rescue ' team did n't find him sooner , our son died ?"
8928,he was alive for nearly two days !
8929,"if you had been more competent and found him sooner , he would still be alive !"
8930,''
8931,"`` no , sir , i can assure you ?"
8932,''
8933,hector 's voice trailed off and he sighed .
8934,`` i was there when we found him .
8935,there were too many broken bones .
8936,''
8937,"wara moaned and slumped forward in the chair , feeling hot tears slipping through her fingers ."
8938,"a death-filled scene flooded her vision : noah , bloodied and broken , lying on the cold jungle floor in the dark , unable to move , with no one to help him ."
8939,he had died all alone .
8940,but then a different picture swallowed that one up .
8941,"noah , lying on his back , in the middle of an emerald forest clearing , staring up at the tropical birds and butterflies flitting around the peaceful sanctuary ."
8942,"he could n't get up , but he was singing , quietly , and the songs he sang were only between him and his god , on his way to meet him ."
8943,"wara forced herself to swallow , then straightened in the chair ."
8944,the last scene of noah in the jungle was one she could live with .
8945,"a man had started speaking from somewhere in the room , inviting people to come take seats on the folding chairs ."
8946,"gripping the edges of the chair with both hands to steady herself , wara rose to her feet , ready to sing a last song for noah hearst ."
8947,"many people went up front to talk about noah , including the bolivian pastor of noah 's church ."
8948,"the bennesons sat up front , along with the rest of the people from the mission ."
8949,"dona filomena was there , wearing a dark pollera and cardigan with her signature gray braids ."
8950,"even tiago showed up , nearly unrecognizable in black dress pants , a starched white dress shirt , and red weepy eyes ."
8951,wara sat numbly through it all .
8952,"eventually she realized that someone had asked her to come up and sing , and she made her way towards a folding chair off to the side , tripping once and nearly planting her face into the floor before she caught herself , grabbing another chair ."
8953,"barely noticing her near-accident , wara sat down and pulled the guitar that was propped next to the chair onto her lap ."
8954,"her fingers curled tightly around the neck , metal strings biting into her flesh ."
8955,it was noah 's honey-colored taylor .
8956,they had brought it from the caf .
8957,"wara bit her lip , then strummed a chord ."
8958,the guitar was perfectly tuned .
8959,"she started a song she knew by the band mercy me , that began talking about how everyone says `` you '' are in a better place ."
8960,"as the chords vibrated out of the taylor , she moved on to the chorus , singing what may have been the truest thing she had said all day : `` i 've never been more homesick than now ."
8961,"i close my eyes , and i see your face , if home 's where my heart is then i 'm out of place , lord , wo n't you give me strength to make it through somehow , i 've never been more homesick than now ."
8962,''
8963,"her fingers fell across the strings one last time , sounding the last open-ended chord , and then she rested her forehead on the smooth wood of noah 's guitar ."
8964,"after a moment , without looking at the many faces who had gathered here to remember her best friend , wara forced herself to put the guitar back in its place ."
8965,"what she really wanted to do was sling the black guitar strap over her shoulder and walk away , never looking back ."
8966,"eduardo was coming up front to sing something , however , and she knew he would need the guitar ."
8967,wara somehow managed to make it to an empty chair .
8968,"`` if home 's where my heart is , then i 'm out of place ."
8969,''
8970,"the chorus she had just sung rang in her head , even as eduardo and tobias began to sing amazing grace ."
8971,"oh god , i can feel that so much right now ."
8972,why do i have to stay here any longer ?
8973,"if noah is with you , i want to be there too , at home ."
8974,i do n't think i can stay here one more minute .
8975,"leaning heavily forward against the metal back of an empty chair , wara 's sideways gaze fell upon alejo , standing in the back of the room , arms folded across his chest ."
8976,she had nearly forgotten about his existence .
8977,"his face was red and puffy , and he looked really , really miserable ."
8978,she was glad .
8979,he should be miserable .
8980,forever .
8981,"because thanks to alejo martir , i surely will be miserable forever ."
8982,"as wara heard eduardo sing the last line of the hymn , a cold feeling crept over her chest , as if she had put on a sweater that had been sitting outside all night in a montana blizzard ."
8983,the feelings of anger she had just been tempted with were gone .
8984,the grief seemed to be gone .
8985,all wara could feel was ?
8986,nothing .
8987,nothing except the desire to go home .
8988,"24 sea green everyone else had left the house , and alejo was left in the echoing entryway of some missionaries ' house ."
8989,"he hunched miserably on a polished wooden chair , listening to the rhythmic tick of a clock from the kitchen off to the left ."
8990,"wara lay curled up on a black leather sofa in a smaller family room , and she had n't said a word since the rest of the funeral attendees had left ."
8991,she seemed to sleeping .
8992,one more hour and we can leave this place and get back to the motel .
8993,"alejo groaned and clunked his head against the cool plaster of the wall , envisioning red silk and painted cupids ."
8994,as if that 's going to be any better than being here .
8995,"knowing the chances were fair to good that the guys had found out about the bus victim 's funeral and would be lurking about outside , alejo had told wara they needed to wait here at the house for two hours after the rest of the people had gone ."
8996,then maybe they could sneak out with no one following .
8997,"the bennesons ' house was in an upscale neighborhood , across the street from a long , shady park ."
8998,"pretty soon , alejo would call a radio taxi with dark windows to take them back to their hideous quarters ."
8999,"the clock kept ticking and alejo closed his eyes , remembering the face of noah 's mother as she and her husband left with the woman from the u.s."
9000,embassy and the crew from a funeral home .
9001,"alejo had listened in enough to know that the hearsts were going to ship the body back to the united states for burial , and that the embassy was helping them with all the necessary arrangements ."
9002,wara 's haunting voice when she sang with the guitar had cut him to the heart .
9003,"he had n't been around so many christians since he was a kid , and the experience had been overwhelming ."
9004,he thought about what his father had said back at the hostal salta : noah would have forgiven you .
9005,"it did n't seem realistic to imagine noah just punching him in the shoulder with a , hey man , do n't worry about it ."
9006,it 's all good .
9007,"but he was supposed to believe god would forgive him , just like that ?"
9008,another comment wara had made sometime during their last few days flashed through his mind : `` jesus said to love your enemies .
9009,''
9010,that was very true-jesus had even said to turn the other cheek when someone hits you .
9011,but did that mean standing there and watching while someone hit a helpless woman or child ?
9012,"god , i need help , alejo groaned out loud ."
9013,i 'm a mess .
9014,i do n't even know how to talk with you .
9015,i keep thinking i need to go wash the right way before praying and prostrate myself on the ground .
9016,"but here i am , without washing , not facing the right direction , just talking to you , slouched on a chair at some gringos ' house ."
9017,i need help .
9018,"but the chances of alejo meeting someone soon who could help him figure out who he was and why were pretty slim , since he and wara were in the middle of running for their lives ."
9019,"the funeral was over , and it was time for them to leave bolivia and go to alejo 's family , so they could all start their lives over ."
9020,just like that .
9021,"alejo realized that the phone was ringing somewhere in the house , one of those annoying , electric sounds that beeped through the air in waves ."
9022,"it finally shut up , and alejo leaned forward in his chair to peer into the room where wara had collapsed on the couch ."
9023,"she was still there , facing the wall , huddled inside the long sleeves of her black sweater ."
9024,"the phone started ringing again , only seconds after it stopped , and it was annoying as heck ."
9025,"when the caller rang a third time , then a fourth , alejo 's adrenaline picked up ."
9026,"he rose from the chair on the balls of his feet , doing a quick sweep of vision around the windows of the house ."
9027,nothing appeared to be out of the ordinary in the empty yard .
9028,he had already made sure all the doors of the house were locked .
9029,"when the sixth , seventh , then eighth call came in , alejo had a sinking feeling that the caller might possibly not be someone looking for the bennesons ."
9030,"all the phones downstairs appeared to have been disconnected for the funeral , as the only ringing came from somewhere upstairs ."
9031,"just to be on the safe side , alejo decided to answer the phone ."
9032,maybe he could just give some poor gringo directions and put an end to this .
9033,"with a last glance at wara , he bolted up the stairs , two at a time , and across a parquet wood floor to where a cordless phone was flashing on a desk ."
9034,"alejo marched towards the desk and snatched up the receiver , punching the talk button ."
9035,`` alo ?
9036,''
9037,"`` oh , good , thank goodness !"
9038,''
9039,the cheerful voice on the other end appeared to be speaking around a mouthful of food .
9040,"`` alejo , i 'm so glad you finally did me the favor of answering , che ."
9041,i was beginning to think i was going to have to come over the walls and risk getting bit in the rear by that yappy white dog in there .
9042,those little poodle things can be quite mean .
9043,''
9044,alejo 's blood chilled as he recognized the voice of gabriel .
9045,"`` che , '' he said calmly ."
9046,`` where are you ?
9047,''
9048,alejo moved in a crouch towards a plate window overlooking the quiet cobblestone street in front of the house .
9049,"a small dog , white curls graying where its belly scraped the grass , was trotting calmly around the spacious front yard ."
9050,nothing else in sight was moving .
9051,"`` oh , just outside the wall , having a snack ."
9052,"here , let me move a little bit , there , ok , do you see me ?"
9053,''
9054,"a pale hand waved into alejo 's line of vision from above the thick concrete wall surrounding the house , and then all of gabriel came into view , backing up farther across the road so he was n't hidden by the wall ."
9055,"a cell phone was plastered to one ear , and he squinted up at the window where alejo stood ."
9056,"`` i figured it might take you guys a while to come out , '' he said with a grin , `` but i really did n't feel like waiting any longer ."
9057,"it took me a little bit to get this number , though ."
9058,''
9059,`` how 'd you know the funeral was going to be here ?
9060,''
9061,alejo needed to kill time .
9062,"`` facebook , '' gabriel answered , matter-of-factly ."
9063,`` you would n't believe how many friends this guy had .
9064,makes me feel kind of bad .
9065,i only have 167 .
9066,''
9067,`` so how did you know we were in here ?
9068,''
9069,was only gabriel outside ?
9070,"if that were the case , a dozen ways he and wara could get out of here ran through alejo 's head ."
9071,"they surely would n't be so stupid , though , as to send only gabriel over to capture him ."
9072,`` my thermal imaging goggles .
9073,''
9074,gabriel 's voice was light .
9075,`` there 're all kinds of poky plants in that park across the street .
9076,i think they never cut the grass over there .
9077,great hiding spot .
9078,"i can see up to 1000 meters with these things , so that was plenty close enough ."
9079,''
9080,"alejo saw gabriel , down below , pointing off to the park across the street , darkened with shady trees and deep green vegetation ."
9081,"`` anyway , i saw two people hiding on the floor of a van that drove in , and figured that was n't the usual way guests arrive at funerals ."
9082,"the rest , as they say , is history ."
9083,''
9084,"`` so , '' gabriel continued , blithely , `` this is the way this is going to go down ."
9085,"benjamin is over at the hotel diplomat , where the deceased 's parents are in their room right now ."
9086,"there 's an empty office space right across from their big plate glass window , which has the drapes wide open , and benjamin has got all the equipment set up ."
9087,"if you do n't come out with the girl and come with me , he 'll have to take the guys ' parents out ."
9088,''
9089,alejo swore under his breath .
9090,"now that he had chickened out about killing wara , they assumed he would n't let noah 's parents die in the middle of this mess , either ."
9091,and he would n't .
9092,"`` i 'll come out , but i ca n't let you have wara , '' he told gabriel ."
9093,`` i 'll go with you and talk to the khan .
9094,she does n't know what 's going on .
9095,leave the parents out of this-they have nothing to do with it .
9096,what 's gotten into you guys ?
9097,''
9098,"downstairs , something hissed , smooth wood scraping across tile ."
9099,"alejo jerked , glancing out the window where gabriel was still on the street ."
9100,the sound of a door banging echoed throughout the house and alejo panicked .
9101,wara was going outside !
9102,"the phone receiver crashed to the floor as he raced to the stairs and leaped down them , skidding at the bottom and sprinting towards the door ."
9103,metal grated and he saw that wara had already opened the door that led to the street and was walking out like a zombie .
9104,"the space between the house and the outer wall was wide , and alejo yelled , `` wara , shut the door !"
9105,''
9106,as he ran across the grass to try to reach her .
9107,what was she doing ?
9108,"wara disappeared from view out the door , onto the street , and alejo dug up clumps of dirt racing after her ."
9109,"he pulled up at the open door in the outer wall and took in gabriel and wara , several yards away from the house next to a white delivery truck , staring at each other ."
9110,"gabriel seemed startled to see her , but then his eyes narrowed when he saw alejo ."
9111,"wara turned around so her back was facing him , holding out her hands to what alejo saw was a pair of handcuffs in gabriel 's hands ."
9112,"within two seconds , less then it would have taken for alejo to cross the space between him and his friend , gabriel had the cuffs around wara 's wrists and pushed her inside the delivery truck ."
9113,"he slammed the heavy door shut with a clang , then alejo heard a beep as gabriel pushed something near the door latch ."
9114,"numb , alejo started towards gabriel , unable to believe that wara had just disappeared into the truck while he just stood there ."
9115,"`` we 're friends , che , are n't we ?"
9116,''
9117,gabriel looked at alejo and shook his head sadly .
9118,`` or at least we were .
9119,what happened to you ?
9120,''
9121,"his eyes flickered as if trying to read alejo 's expression , and then he sighed ."
9122,"`` because we 're friends , you know that i have the door set to blow up if anyone but me , with the appropriate code , tries to open it ."
9123,did you hear that ?
9124,''
9125,"gabriel called louder , banging on the metal side of the truck ."
9126,`` yes .
9127,''
9128,wara 's single word answer came flatly from inside .
9129,"then she added , `` do n't do anything to noah 's parents ."
9130,please .
9131,''
9132,"`` i have to take you back now , che , '' gabriel told alejo , and his voice was really pained ."
9133,"`` if we 're not there in another hour , benjamin gets to do his little op ."
9134,"so do n't try anything on the way , ok ?"
9135,do i have to cuff you so you 're not tempted ?
9136,i know you could take me out like a fly .
9137,''
9138,"`` let 's go , '' alejo ground out , stalking to the passenger side of the truck and ripping open the door ."
9139,"he slid inside and closed it , waiting for gabriel to come around and stick the key in the ignition ."
9140,"without a word , gabriel revved up the truck , guided it around the corners of the peaceful neighborhood , then circled a round-about to merge onto a main avenue ."
9141,"`` i did n't want to leave all of you , che ."
9142,''
9143,alejo decided to start the conversation .
9144,"there was probably not much time until they got to wherever the khan and the rest had hidden themselves , and there was so much he wanted to say ."
9145,"`` i always did what i believed was the right thing , what god would want ."
9146,so have you .
9147,"well this time , i could n't let her die ."
9148,''
9149,alejo knew gabriel understood who he was talking about .
9150,`` it was an accident that she was there .
9151,the right thing was to let her live .
9152,''
9153,"`` that 's where i think you are wrong , '' gabriel stated firmly ."
9154,"`` when we were up there , i told you there could be people on-site who were unrelated to salazar , and you said , and i quote , 'then let them be collateral ."
9155,'
9156,unquote .
9157,''
9158,"gabriel cleared his throat and jerked the steering wheel to the right , leading them along a less traveled road towards the outskirts of town ."
9159,"`` i kind of freaked out a little , too at the idea of slitting her throat-not a pleasant idea for me , you understand ."
9160,"but there was no other acceptable option , che !"
9161,you know what you 've done .
9162,''
9163,gabriel 's voice turned dark and alejo saw that he was gripping the wheel with white knuckles .
9164,`` she knows everything .
9165,"if she 's not dead , she 'll tell ."
9166,we do n't even know if you have already tattled and gotten us in a heap of trouble .
9167,''
9168,"`` i do n't want all of you to get into trouble , '' alejo said quietly ."
9169,"`` yeah , well , then you should have not let your emotions get away with you and let ishmael take care of her ."
9170,now he 's mad as a hornet .
9171,he ca n't trust you-and you 're the most important cog in the prism in the continent !
9172,i do n't even think i could trust you anymore .
9173,''
9174,"gabriel turned his eyes on alejo for a moment , and they flashed the anger of betrayal ."
9175,"`` gabo , there 's a lot i have to tell you , and since this seems like it could be my last chance , knowing the khan , let me talk , ok ?"
9176,''
9177,"alejo sank back into the vinyl of the seat and waved one hand as he said , `` i assume you still remember our trip to the tribal area ?"
9178,"all the bolivian guys , huddled up there near the skirmish zone ?"
9179,''
9180,"`` yeah , '' gabriel nodded , `` with all that ?"
9181,"happened before i came home from pakistan , we never really talked about that ."
9182,"i thought it was amazing , so many guys ready to follow god ."
9183,''
9184,`` well i thought it was just plain wrong .
9185,"the khan is offering these poor guys scholarships to study , and then they 're just being used as fodder for religious wars ."
9186,"they 're being blown to pieces , and their families will never even know where they went !"
9187,"allah loves the poor , so do n't you think it 's wrong to offer the poor a version of islam that will only get them fired up so that someone can send them off to be mujahedeen ?"
9188,''
9189,"gabriel frowned , opened his mouth , then snapped it shut ."
9190,"finally he said , `` i ca n't criticize the men who know a whole lot more about our religion and pleasing god than i do , che ."
9191,"besides , what could be more pleasing to god then doing what those poor guys from the countryside are doing ?"
9192,"if they stayed here , they 'd live out their lives in poverty , never making a difference at all , not knowing god ."
9193,but now they 're getting a chance to make their lives really count .
9194,god 's going to reward them for that .
9195,what 's the big deal if they die ?
9196,they 're going to paradise .
9197,''
9198,alejo glanced sharply at his friend and then back at the road .
9199,"`` well , i ca n't just accept what others tell me about religion , because i 'm responsible to god for what i do ."
9200,me .
9201,"the last few months i 've been reading the bible , and i 've decided it 's not corrupted ."
9202,"i 'm going to live like what it says is true , and that means following the teachings of jesus ."
9203,''
9204,"gabriel hit a pothole in the worn gravel road they were following and swore , not even looking at alejo ."
9205,`` you ca n't do that .
9206,''
9207,"`` i am , '' alejo said evenly ."
9208,"`` if you believe all those books say , you are not a muslim anymore , '' gabriel sighed ."
9209,"adobe brick houses with scrawny chickens pecking the grass outside passed by the window , and overhead the truck was shaded by rows and rows of eucalyptus trees , lacy branches swaying in the wind ."
9210,gabriel shook his head and then drilled alejo with a serious stare .
9211,`` you 're an apostate ?
9212,''
9213,alejo exhaled and leaned his head back into the seat .
9214,"`` listen , che , you are like a brother to me ."
9215,"i wanted to tell you , but i knew if i said too much i 'd get kicked out of the prism and i might never see you again `` gabriel bit his lip and looked over at alejo , annoyed ."
9216,"`` che , i 've heard all this christian stuff before , ok ?"
9217,i do n't need some man who made the insane claim that he was god to bring me close to god .
9218,"that 's blasphemy , anyway-i ca n't believe you would even ?"
9219,whatever .
9220,''
9221,"gabriel wrinkled his nose , then said , `` the quran tells us everything we need to please god ."
9222,and i 've been doing it all .
9223,"we are the best of the best , che ."
9224,why would we need some person to take away our sins ?
9225,we are serving allah every day .
9226,we 're not unbelievers who do n't follow his laws .
9227,he 's got to accept me .
9228,''
9229,alejo 's heart felt heavy as he heard the last statement come out as an unsure hope .
9230,"a picture flashed through his mind of gabriel and himself , lounging lazily on some park bench in the plaza on a sunny coroico afternoon , licking mocha ice cream cones and grinning at the little quechua girls who sang for coins in their red plastic buckets ."
9231,alejo was going to lose one of his best friends .
9232,the chances of alejo surviving this next encounter with the khan were slim .
9233,would he ever see gabriel again ?
9234,"alejo 's head buzzed , and his throat tightened as he turned to stare at the cows and tall white grass whizzing by outside the van ."
9235,"gabriel was silent , then jerked the steering wheel hard to the right , veering the delivery truck off the gravel road onto a narrower dirt path under a thick canopy of lacy trees ."
9236,"alejo knew where they were : pairumani , a country estate that had belonged to simon patio ."
9237,"patio had been one of the wealthiest men in the world during world war ii , making his fortune through tin ."
9238,this house and its gardens and lands were his retreat from his mansion in cochabamba .
9239,"farther along the path , a low waterfall gurgled along the edge of the road , running over mossy boulders ."
9240,"the tree canopy suddenly dropped away , opening up to the breathtaking sight of a spacious field under a sapphire blue sky , white fluffy stalks of wild grain waving in the gentle breeze ."
9241,"towering over the crops , two stately rows of ponderous palm trees lined a neat dirt road against a backdrop of mountain peaks , right up to an ornate metal gate that was the entrance to the pairumani estate ."
9242,"alejo raised an eyebrow at his friend , who only turned the truck towards the gate , frowning unhappily ."
9243,"when alejo had visited this place once before , the fields had been dotted with various volunteer students working on experimental agricultural projects sponsored by patio 's charitable foundation ."
9244,"a few mornings a week , the caretakers of pairumani opened its gates , with permission from the patio family who now lived outside bolivia , for tourists to visit the beautiful grounds ."
9245,now no one was in sight .
9246,the fields were empty and seemingly overgrown and abandoned ; no uniformed guard waited near the gate .
9247,wait ?
9248,there is a guard here .
9249,"inhaling sharply , alejo recognized those glinting eyes , malicious when they needed to be ."
9250,"sauntering over to open the gate , dressed in the olive uniform of a private security guard , was benjamin torres ."
9251,`` what have you guys done ?
9252,''
9253,"alejo raised an eyebrow , bracing himself as gabriel floored the accelerator and the truck raced inside the gate ."
9254,"`` oh , no one uses this place anymore , '' gabriel shrugged ."
9255,"`` they have n't worked on those agricultural projects here in a couple of years , and the patio family is n't scheduled to come stay here for two more months ."
9256,you know the khan-always likes to stay in style .
9257,it was either this or some dumpy hostel .
9258,"believe me , this is better ."
9259,''
9260,gabriel glanced in the rearview mirror as benjamin shut the gate .
9261,`` looks like benjamin is back .
9262,he made good time .
9263,''
9264,`` the guards ?
9265,''
9266,"alejo was peering out the window , looking for any sign of the rest of his team ."
9267,"`` they 're fine , '' gabriel waved away his concern ."
9268,"`` there were only three , and they 're tied up in a nice cozy room ."
9269,we bring them food .
9270,"they did n't see our faces , so after a few more days we 'll let them go and they 'll chalk it up to armed robbery ."
9271,we 'll take a few little treasures with us to make it look authentic .
9272,''
9273,"alejo sighed and put one hand on the door , really anxious to get out of the car ."
9274,"his mind raced back to wara , still handcuffed in the back of the truck , and he tried to think how he was going to get her out of this mess ?"
9275,again .
9276,"he deserved to be here ; after all , he had broken the rules and it was only fair to have to pay ."
9277,"panic wanted to mess with his head , however , about wara ."
9278,"alejo tapped his foot compulsively against the floor of the truck , waiting for gabriel to park ."
9279,"benjamin had latched the gate behind them , and he and stalin stared solemnly at the truck as it drove slowly across the manicured lawn ."
9280,alejo 's visions of gaining the advantage through his fighting skills died down as he saw what benjamin and stalin gripped casually by their sides .
9281,"two silver guns with silencers , glinting in the afternoon sun ."
9282,alejo 's shoulders tensed and he waited as gabriel parked the truck in a cluster of a pomegranate trees .
9283,how did everything come to this ?
9284,a few months ago the khan loaded me with presents and i was an honored guest in his house .
9285,"last thursday , the guys and i were eating brownies in the caf together , ready for another day at work ."
9286,"images of the thousands of times alejo had prostrated himself to allah on the ground , barefoot , filled his mind , and he found his heart repeating the prayer , you are great , lord , you are great ."
9287,"please let me honor you , oh god ."
9288,he heard gabriel yank the key out of the ignition and saw him reach for the door .
9289,"his friend hesitated , then turned to alejo with a pained look in his eyes ."
9290,"`` i shot wara back along the road , ok ?"
9291,"in a little while , i 'm going to have to take this truck out again ."
9292,"ok , che ?"
9293,she can get out and run away .
9294,''
9295,alejo could n't help himself .
9296,"he grabbed gabriel 's skinny shoulders and pulled him into one of the manly bear hugs that only true latino men can share , then let him go ."
9297,"reaching back to rip open the tiny sliding door between the back of the truck and the cab , alejo said , `` wara !"
9298,"do n't make any noise , ok ?"
9299,you 're gon na be alright .
9300,''
9301,then he pushed the little door closed and climbed out of the truck to whatever was waiting for him .
9302,"stalin and benjamin were standing behind the truck , weapons obviously loaded and pointed casually in alejo 's direction ."
9303,"neither of them looked particularly happy ; in fact , stalin looked downright miserable ."
9304,"alejo nodded in greeting , then looked beyond them to where ishmael khan was waiting , sitting on a bronze-colored bench in the center of the garden , shaded by a lilac flowering tree ."
9305,"the rest of the neatly-trimmed lawn was dotted with giant bushes that were trimmed to be absolutely round in form , like ridiculous sea-green pincushions ."
9306,"behind the front yard , the imposing country house rose to the sky , painted cream with an opaque golden trim , windows framed by intricate colonial plaster designs ."
9307,"a stone path began near the house , leading to a shimmering pond with emerald waters and a circular wooden hut with thatched roof in the center of the pool ."
9308,"stately snow white swans glided on the surface of the water , skimming the scales of mammoth orange goldfish ."
9309,"the khan was calmly flipping through a book , which alejo recognized as his bible ."
9310,of course ishmael had found it in alejo 's tent .
9311,"in light of alejo disappearing with wara , the bible must have only given the khan one more clue as to the reason for alejo 's desertion ."
9312,`` and the american ?
9313,''
9314,benjamin 's eyebrows were raised at gabriel .
9315,"gabriel waved away his concern and put one hand on his hip , crossly ."
9316,"`` if the khan wanted her here you should have told me beforehand , because it 's a little late now ."
9317,she 's in lake alalay with a couple holes in her head .
9318,''
9319,"`` i told you it was n't about her , '' benjamin said to stalin , shooting an amused glance at alejo ."
9320,`` there 's something else going on here besides just a sudden case of true love .
9321,he does n't seem to be too disturbed that she 's dead .
9322,''
9323,"stalin sighed , glumly , and alejo felt bad for him ."
9324,`` he wants to talk to you .
9325,''
9326,"stalin jutted his chin in the direction of the bench where the pashto man sat , and gripped his gun tightly , still pointing it at alejo ."
9327,"then , quieter , he hissed , `` how could you do this , che ?"
9328,of course you know what you 've done ?
9329,''
9330,"alejo saw benjamin shake his head , face unreadable as usual , hand pointing the gun steady ."
9331,"`` so , you left the gringo couple alone ?"
9332,''
9333,"alejo asked calmly , meeting his eyes ."
9334,"`` as promised , '' benjamin 's mouth tipped up in a dry smile ."
9335,`` that would n't have been an extremely pleasant experience for me .
9336,you 're the one who 's in trouble .
9337,''
9338,gabriel 's voice cheerily interrupted them .
9339,"`` i 'm coming in a sec , guys ."
9340,i 've got ta get my gun out of the truck .
9341,''
9342,thank god he said he 'll let her go .
9343,alejo let stalin and benjamin frame him and walk him towards ishmael khan .
9344,"he kept up the quick pace gladly , because every step took them farther away from the white truck that held wara ."
9345,`` what about lzaro ?
9346,''
9347,he asked .
9348,`` have n't seen him around .
9349,''
9350,"`` he asked for time off , '' stalin said tightly ."
9351,"`` he would n't admit it , but this whole thing had him upset ."
9352,she being his old girlfriend and all .
9353,"you 're an idiot to do this to us , you know that , che ?"
9354,''
9355,"stalin continued , whispering , sweat trickling down his temple ."
9356,`` you compromised everything .
9357,''
9358,"then he fell silent as the three of them pulled up in front of ishmael khan , waiting with the bible across one knee and a gun and silencer resting on the other ."
9359,"25 crimson wara was trying to muster the will to raise herself from sprawled on the truck floor in handcuffs to sitting , when a little window at the front of the truck slid open with a whoosh ."
9360,"`` do n't move , wara , '' alejo 's voice ordered ."
9361,`` you 're gon na be alright .
9362,''
9363,"then , just as quickly , the little door closed again , followed by two slamming vibrations of the truck as gabriel and alejo apparently left it and shut the doors ."
9364,"her mouth was left hanging open , never having the chance to respond to alejo 's hurried instructions ."
9365,"his words rang in her head and she let her mouth snap shut , trying to relax and not make a sound from where she lay sideways , arms twisted behind her in the cuffs ."
9366,"wara could make out the sound of male voices outside , but they were muted and the sound did n't carry well through the metal truck ."
9367,"she ignored the burning in her arms , watching the dented white metal door ."
9368,"she expected the men to come bursting in any second , this time to kill her for sure ."
9369,"the truth was , at the moment the whole idea did n't scare her as it should ."
9370,"wara had just come from noah 's funeral , where she had seen his parents weeping over his coffin ; she was too numb to resist ."
9371,"the voices died away , followed by a few electronic beeps ."
9372,"something that sounded like rusting metal scraped painfully across both of the doors , and then a crack of daylight breached the darkened interior of the truck ."
9373,"squinting , wara made out gabriel 's narrow face , framed by a halo of light ."
9374,"he climbed into the truck , pulled the door mostly closed behind him and marched towards wara ."
9375,"she cringed , but gabriel just squatted on the truck bed next to her and put a finger to his lips ."
9376,`` ssssshhhhh !
9377,''
9378,"he cautioned , throwing her a warning look ."
9379,then the bombshell : `` i 'm letting you go .
9380,''
9381,"immediately on his feet again , gabriel strode to the back of the truck and grabbed a black duffel bag , which he unzipped ."
9382,"wara blinked at him , wondering if he was serious ."
9383,she twisted her head to follow gabriel 's movement and then froze as she saw him yank a gun out of the bag .
9384,"hands steady , he lifted a handful of oblong bullets from one pant pocket and began stuffing them into the gun ."
9385,"`` i ca n't believe i 'm doing this , '' he muttered , then whirled the gun 's chamber shut ."
9386,"gabriel bent down next to her again , glanced at the truck door , then whispered crossly , `` i told them i already killed you , so do n't make any noise unless you want me-and of course , you -- - to be blown away like poor alejo is about to be ."
9387,''
9388,wara 's head spun and unexplained panic filled her chest .
9389,"`` i 'll be back pretty soon , i assume ."
9390,"when we come back , hide under those tarps over there if you want to live ."
9391,i have to leave the door open or they might suspect .
9392,''
9393,he grabbed wara 's wrists and unlocked her handcuffs .
9394,"`` th-thank you , '' she stammered ."
9395,"gabriel looked down at her from where he stood , face slick with sweat ."
9396,`` do n't thank me .
9397,"alejo is in charge , but i 'm the one who put the explosives on the bus ."
9398,alejo does n't know how to do that stuff .
9399,''
9400,"lifting his chin , gabriel turned his back on her and stomped back to the door of the truck , causing the whole vehicle to sway ."
9401,"wara felt sick , watching him go out of the corner of her eye ."
9402,"gabriel left only a small crack of light shining into the truck , and with the doors no longer tightly sealed , she could make out the voices from outside , louder and more intense ."
9403,"wara crawled at a snail 's pace over to the crack of light and pressed her nose gingerly against it , trying to judge how far away she was from the other men ."
9404,"the truck seemed to be parked under a bunch of trees , and through the leafy branches she could make out a group of four men standing maybe fifty feet away ."
9405,"she recognized the three with guns from before -- -stalin , benjamin , and gabriel , who had just shocked her by saying he was not going to kill her ."
9406,lzaro was nowhere in sight .
9407,"alejo , in the center of them all , was the target of all of the guns ' aim ."
9408,"sitting peacefully on a bench in the beautiful garden of pairumani sat the older guy with salt-and-pepper hair , wearing a navy cardigan sweater and pressed khaki pants , like the perfect gentleman ."
9409,what are we doing at pairumani ?
9410,are n't there any tourists around ?
9411,"she had been here a few times on the weekend with friends , once with noah ."
9412,"the little wara could see of the pristine garden surrounding the mansion was empty , except for the small group of muslim men ."
9413,"she realized that she felt relief the martirs were out of the country , away from all this danger ."
9414,"but then her joy tempered as she thought , if they kill alejo , who will make sure these guys do n't find nazaret 's family ?"
9415,wara blinked and everything in front of her shimmered .
9416,"god , are they really going to kill him ?"
9417,"her hands shook and she kept them away from the open door , eyes glued to the scene unfolding outside ."
9418,the man with the grandfather face-ishmael-was speaking accented spanish .
9419,"`` stalin has been trying to tell me that this was a case of youthful indiscretion , that you were attracted to this girl ?"
9420,''
9421,"alejo shrugged , appearing no more concerned then if they were discussing what color to paint the foyer ."
9422,"`` it could have been true , but that 's not what happened ."
9423,''
9424,his strong voice carried across the garden .
9425,`` i just did n't think it was right to kill her when god obviously let her survive .
9426,it was n't what god wanted .
9427,"i caused something , and i 'm willing to pay the penalty for it ."
9428,i had to do what 's right and try to help her .
9429,''
9430,"`` well , now that 's all useless anyway , since the end result is that she is dead and the rest of us have all been quite inconvenienced ."
9431,"ah , alejo !"
9432,''
9433,"ishmael 's voice sounded sad and he stood up , walking to stand directly in front of nazaret 's brother ."
9434,wara saw that the flash of metal in ishmael 's hand was a gun .
9435,"`` you were a nephew to me , my own family !"
9436,i took you in ?
9437,''
9438,"the older man 's voice cut off as he glanced away , dramatically ."
9439,"`` in my life i have seen so much betrayal , so many that i could not trust ."
9440,"how can i stand this , that i ca n't even trust you , who have been like my own nephew ?"
9441,"you must tell me the truth , son ."
9442,''
9443,ishmael sighed audibly .
9444,`` have you really betrayed us ?
9445,have you told others about the prism ?
9446,about my work ?
9447,''
9448,"`` i have n't told anyone anything the least bit useful to them at all , ishmael , '' alejo replied calmly , as if trying to reason with the other men ."
9449,`` you are all like family to me .
9450,i do n't want anything to happen to any of you .
9451,all i did was try to take the girl away so you would n't kill her .
9452,i simply saw a situation where i had to do what i thought was right .
9453,''
9454,"this seemed to make ishmael very happy , and he raised both arms in the air , a smile plastered on his face ."
9455,`` excellent !
9456,"i do n't know why i should believe you , but i have known you since you were almost a child , alejo ."
9457,i believe you .
9458,"so then , even now , we could talk , we could find a way to bring you back ."
9459,you know all the ways of islam .
9460,allah will forgive you .
9461,''
9462,"then gabriel stepped forward , both hands steadying the gun wara had seen him take from the truck ."
9463,his pale face was twisted but his eyes narrowed with determination .
9464,"`` he 's an apostate , ishmael ."
9465,he told me himself .
9466,he ca n't come back .
9467,''
9468,the change was astonishing .
9469,"wara watched as ishmael 's face crumpled , then darkened , until he was left glaring at alejo with fury ."
9470,"whirling around , he grabbed an object from a bench nearby and the sound of ripping pages knifed through the air ."
9471,a book .
9472,"wara squinted to see better , then realized it was the same arabic bible she had seen in alejo 's tent that night ."
9473,"the onion-skin pages were fluttering to the grass , torn by ishmael 's furious hand ."
9474,`` is that necessary ?
9475,''
9476,alejo asked grimly .
9477,`` you would destroy a book that even the quran calls holy ?
9478,''
9479,"ishmael tossed the destroyed book over his shoulder and glowered at alejo , breathing heavily ."
9480,"`` when i heard you say you did n't mean us any harm , i assumed that my suspicions about you leaving our religion could n't be true ."
9481,"we found this in your tent , but i told the others that it could n't mean anything ."
9482,''
9483,the older man 's voice was hurt and angry .
9484,`` i wo n't believe it until i hear it from your own lips .
9485,are you a christian ?
9486,''
9487,"`` i believe jesus is the son of god , the savior , '' alejo said ."
9488,"stalin looked up at the sky , as if in defeat , and benjamin shook his head ."
9489,"gabriel kept his grip tightly on his gun , staring at alejo , pallid ."
9490,ishmael khan took three clipped steps forward and rammed the gun he held against alejo 's forehead with an echoing click .
9491,"`` even with this betrayal , i wanted to take you back , alejo martir ."
9492,"say the word , and i 'll take you back again , to be one of us ."
9493,"say you will leave this blasphemy , that god has a son ."
9494,say you will return to islam and no longer follow jesus .
9495,''
9496,"alejo looked back at him for a moment and then loudly said , `` no ."
9497,''
9498,wara had never seen one moment pass so quickly .
9499,alejo was on the ground seemingly before the shot even roared .
9500,"wara stared in horror at the sickly crimson mist that hung over his body , crumpled on the grass ."
9501,"ishmael had n't even had time to lower the gun , and alejo was gone ."
9502,"`` oh no , oh no , oh no !"
9503,''
9504,"wara looked one way , then the other , whispering frantically ."
9505,she forced herself to focus on the scene outside again .
9506,alejo martir was still sprawled on grass that was a deep crimson .
9507,he was dead .
9508,she had seen a man die .
9509,"and they are coming back here , to the truck , with his body ."
9510,"that next thought beat urgently against her dazed brain , and she tried to focus ."
9511,gabriel and stalin were pulling alejo onto a gray wool blanket .
9512,ishmael khan wandered off towards a more shaded part of the garden .
9513,gabriel and stalin began to haul the blanket slowly across the grass towards the truck .
9514,something foul tickled the back of wara 's throat and she choked down the urge to gag .
9515,"feeling faint , she crawled in slow motion under the canvas tarps gabriel had pointed out and tried not to move ."
9516,but she was shaking .
9517,with every breath she felt like she was making the whole truck tremble .
9518,the truck doors clanged open and someone grunted as the truck swayed .
9519,they were going to put his body in here .
9520,with her .
9521,"stalin 's voice echoed around her , crackly and breaking ."
9522,`` i ca n't believe this .
9523,how could he be so stupid ?
9524,i do n't think i can do this .
9525,''
9526,"`` the worst is over , '' gabriel said , sounding quite sick as well ."
9527,`` it 's our job .
9528,"we just do what we have to do , stalin ."
9529,''
9530,`` it 's alejo !
9531,''
9532,"stalin hissed , tone suggesting he wanted to yell ."
9533,wara heard a fist slam against the inside wall of the truck near the door .
9534,"the floor bounced as they stepped to the ground and both doors slammed shut , leaving the truck 's interior in utter darkness ."
9535,"the sound of the two voices moved around the front of the truck , obviously still in heated discussion , and then the muffled sound of a door shutting and the truck roared to life ."
9536,"gabriel , or whoever was at the wheel , was driving like a bat out of hell , nearly throwing wara into the corner of the truck every time they took a skidding turn ."
9537,"she supposed they were driving away to get rid of the body , and the thought was horrible ."
9538,"she had n't liked alejo much , but he was nazaret 's brother ."
9539,"somehow , in the middle of all this mess , he had saved her life ."
9540,"her stomach churned , complicated by the wild motion of the delivery truck ."
9541,"she kicked the heavy tarps off her body , desperate for fresh air ."
9542,"it was really dark inside the truck , and that was probably a good thing , because the thought of looking over and seeing alejo covered in blood next to her was terrifying ."
9543,but finally she could n't resist .
9544,she slowly turned her head to one side and made out a still form next to her .
9545,"very , very still ."
9546,"they had left him there on his stomach , eyes staring at her in the darkness ."
9547,his curly hair was wet and sticky and blood splattered over one ear and ran down his chin to pool on the wool blanket .
9548,"she shivered and turned her eyes back to the darkened ceiling , breathing deeply ."
9549,"the sound of her gasping breaths echoed in slow motion around the interior of the truck , slow and rasping ."
9550,"then wara 's skin crawled as she heard a low moan , and the tickle of breath across her cheek sent her scrambling into the corner , arms wrapped around her knees ."
9551,was someone else here ?
9552,"the shallow breathing continued , shuddering in slow puffs of air around the truck , and wara knew it was n't hers ."
9553,"she was holding her breath , heart in her throat ."
9554,"the truth came to her all of a sudden and she crashed forward onto her knees , palms spread out on alejo 's back ."
9555,"his shoulder blades shifted upwards , then fell ."
9556,he was breathing .
9557,"she waited for what seemed like an eternity until alejo 's back rose and fell again , a rasping , choking sound that sent millipedes racing up her back ."
9558,he 's still alive .
9559,"wara threw herself down on her stomach next to alejo and whispered , `` can you hear me ?"
9560,''
9561,no answer .
9562,"she forced herself to feel for the wound on his head , but could n't find any place where blood seemed to be spurting , nowhere that she could put pressure on the stop the bleeding ."
9563,"`` alejo , can you hear me ?"
9564,it 's wara !
9565,''
9566,she was confused to find that she was crying .
9567,how could alejo have survived that ?
9568,i saw him shot point-blank in the head !
9569,she had to tell the guys up front .
9570,alejo needed a hospital .
9571,"wara paused , imagining herself kicking the wall of the truck 's cab like a madwoman to get gabriel 's attention ."
9572,"stalin does n't know i 'm alive back here , and i do n't know how badly he wants me dead ."
9573,"and if either of them finds out alejo is alive , they could come back here and just finish the job ."
9574,sweat pricked wara 's armpits .
9575,the vehicle spun to a skidding stop and two doors slammed .
9576,"wara braced herself next to alejo , waiting like a deer caught in the headlights for the truck doors to open ."
9577,time was up for any kind of decision ; they were coming back here .
9578,"a scraping of metal , then the truck filled with shafts of light , filtered through shadowy eucalyptus branches waving over the truck outside ."
9579,"wara saw that they were stopped near the side of the road , still in the countryside ."
9580,"the two guys peered into the truck , expressions grim ."
9581,`` he 's still alive !
9582,''
9583,"wara blurted out , holding out a hand towards alejo and realizing it was smeared with blood ."
9584,she scrubbed her hand frantically on her black pants .
9585,`` he 's your friend !
9586,take him to the hospital .
9587,there 's still time !
9588,''
9589,"gabriel regarded alejo with pinched lips ; stalin 's mouth gaped open , taking in first alejo lying there , then wara next to him ."
9590,"`` i told stalin that you were back here , '' gabriel clipped ."
9591,"`` he 's a nice guy anyway , kind of a pushover ."
9592,i thought maybe he would help me .
9593,he noticed that alejo was still alive on the ground at pairumani .
9594,''
9595,`` thank god he 's still ?
9596,"we 've got to hurry , wara ."
9597,''
9598,stalin 's voice was heavy .
9599,"`` we 're taking him to univalle hospital-it 's close to the lake where we 're supposedly leaving him , and then the khan is waiting for us at the airport ."
9600,"we 've got to hurry , or he 'll suspect ."
9601,and it 'll be too late .
9602,''
9603,stalin blanched and turned away from the sight of his friend covered in blood .
9604,`` wara .
9605,''
9606,"gabriel snapped his long fingers , calling her attention back ."
9607,"`` when we get to univalle , we ca n't stay ."
9608,we 're going to drop him and you and get away as fast as we can .
9609,"you 've got to run , ok ?"
9610,"invent something to tell the doctors , but do n't tell them the truth ."
9611,"if you tell anyone about us , the authorities and media will find out ."
9612,"and if they find out , the khan and everyone else will know you and alejo are not dead ."
9613,you understand .
9614,''
9615,gabriel had been speaking quickly but concisely .
9616,he suddenly slowed down and his shoulder sagged .
9617,`` please help him .
9618,he did this for you .
9619,''
9620,"gabriel waved his hand unsteadily at alejo 's lifeless form , then looked back at wara once more with tortured eyes ."
9621,`` hurry up !
9622,''
9623,"stalin said loudly , and then slammed one of the doors ."
9624,"the other reverberated like thunder as it too was shut heavily , and then footsteps running on gravel sounded outside ."
9625,"with a gentle jerk , the truck sprinted back into motion , towards cochabamba and life for alejo ."
9626,"an eternal fifteen minutes or so dragged by as wara braced herself in the pitch darkness , trying not to be thrown on top of alejo by the urgent driving maneuvers of his friends ."
9627,she left a palm on alejo 's back .
9628,"finally , the delivery truck careened around a last corner and came to a screeching halt , causing wara to bang a shoulder against the metal side ."
9629,"running footsteps , and then the doors to the truck were opened , letting in florescent light from an overhead street lamp ."
9630,"the sun had already disappeared , and the sky was deep blue ."
9631,"`` univalle , '' stalin 's scratchy voice said , face etched with stress ."
9632,he and gabriel leaped into the truck and began to carefully pull the blanket with alejo 's prostrate form towards the door .
9633,`` still breathing ?
9634,''
9635,stalin asked wara .
9636,"she nodded and scrambled up after them , leaping out onto what she saw was the sidewalk of the hospital ."
9637,"she had heard of this university teaching hospital , located near the poorer south of the city ."
9638,"five tan , modern-looking stories rose out of an adobe house neighborhood , and the truck had stopped right in front of the main entrance ."
9639,"no one was visible at this time of night , but a guard shack just inside the entrance told wara that someone might soon appear to see what was going on in front of the hospital ."
9640,"gabriel and stalin heaved alejo and blanket to the ground as gently as they could , then whirled to face wara ."
9641,"`` go with god , '' stalin muttered , covering his eyes with his hands ."
9642,then he dashed to the passenger side of the truck .
9643,"gabriel was already half in the driver 's side , but leaned back to whisper , `` go !"
9644,run !
9645,''
9646,"the truck pealed away in a cloud of dust , rounding the corner at the end of the short street at break-neck speed ."
9647,"alejo 's ribcage rose shakily , then he gagged and shuddered into the wool blanket ."
9648,"here in the dim street light , wara could see the blood already starting to dry , plastered along one cheek , matting his hair ."
9649,his eyes had closed .
9650,"a hospital guard in a navy uniform stepped questioningly toward her from the shack , eyeing the form on the ground ."
9651,wara ran .
9652,"`` please , help me !"
9653,''
9654,"she cried to the guard , then ran past him into the near-empty waiting room where she saw a door with large red letters : emergencias ."
9655,"`` help , somebody help , please !"
9656,''
9657,"yelling to anyone in sight , wara pleaded for help for the man who had caused noah 's funeral ."
9658,"26 pale blue the pillow beneath her head was prickly with feathers , the pale blue cotton blanket meant to be soft and comforting ."
9659,"but wara shivered on the narrow hospital bed all night , sleeping barely a wink between nocturnal nurse visits and the constant beeping of the blood pressure machine ."
9660,alejo was alive .
9661,"he was lying nearly motionless on the other bed in the hospital room , chest faintly rising and falling under a matching pale blue blanket ."
9662,"a thick ream of gauze was plastered around his head , covering the wound where the doctors claimed the bullet had narrowly missed his brain ."
9663,"but that was impossible ; wara had seen the gun pressed point-blank against the center of alejo 's forehead , then fire ."
9664,he should n't be alive .
9665,and he might not be for much longer .
9666,"`` for now your fianc is stable , but in a coma , '' dr."
9667,"ortega had told her seriously last night , wadding used latex gloves in the pocket of his lab coat after emerging from the emergency room ."
9668,"remembering gabriel 's ominous words of warning not to let anyone find out she and alejo were still alive , wara had told the doctor she was engaged to the man who 'd been shot in the head ."
9669,they were tourists here from the u.s.
9670,", and had been robbed at gunpoint in the country near pairumani ."
9671,dr.
9672,"ortega looked at her over gold-rimmed glasses and rubbed the bridge of his nose with thick , hairy fingers ."
9673,"`` we 're not out of the woods , yet , by any means ."
9674,the bullet 's shock waves could have serious repercussions .
9675,i 'm going to be honest with you .
9676,"if your fianc would need brain surgery , there 's no way we can do it here ."
9677,an airlift to chile or argentina would take too long .
9678,stay with him tonight in the extra bed in the room ; if he 's going to pull through we should know by the morning .
9679,''
9680,and now it was morning ; crisp white light filtered in through the blue checked curtains of the hospital room .
9681,a matronly nurse in a tri-cornered hat and thick stockings was shoving a glass thermometer under alejo 's tongue and smoothing the covers over his shoulders .
9682,as if he would have been able to mess them up somehow ; nazaret 's brother was as motionless as he had been sprawled there on the ground at pairumani .
9683,but he 's still alive .
9684,dr.
9685,"ortega had said that if alejo made it til the morning , his chances were better ."
9686,"wara sat up groggily on the bed and turned toward him , eyes stinging as she took in the bloodied bandage above one closed eye ."
9687,"i have to call the martirs , she realized ."
9688,the idea brought a new chill of shock .
9689,"how could she tell them what had happened , that the son they had just found as a killer had been shot and could die ?"
9690,and that she had seen the whole thing ?
9691,"feeling sick , wara ignored the matronly nurse with clogs and staggered wordlessly into the hall ."
9692,"clean white tiles spread before her , and the air was ripe with the scent of clorox and chamomile tea cooling on breakfast trays ."
9693,"wara stumbled to the silver elevator and punched a button to head down , desperate to get some fresh air ."
9694,"in the pocket of her black pants , she fingered the fat wad of boliviano bills she had removed from alejo 's pants before the nurses carried him into the emergency room ."
9695,it should be enough to last for awhile ; for sure it was enough to make a call to the martirs ' cell phone in lima .
9696,"the doors dinged open on the main floor , but as soon as wara 's eyes hit the lobby she nearly doubled over , remembering the scene last night when she ran across the tiles screaming for help ."
9697,"without stopping , wara did a one eighty and headed down the hall , towards the back of the hospital and away from the lobby ."
9698,"plastic olive chairs lined the scuffed walls , filled with women in polleras and children licking suckers ."
9699,"wara eyed them all blankly , forcing herself to put one foot in front of the other , really hoping there was going to be a back exit to this hospital ."
9700,"and outside the exit , some quiet , grass-covered spot where she could curl up and wail , possibly until next week ."
9701,it was still early ; the call to the martirs was going to have to wait just a little bit more .
9702,the creaky voice calling to her in quechua took her totally unaware .
9703,`` imajnaya kasanki ?
9704,"how are you , wara ?"
9705,''
9706,"wara planted her flip-flops in the center of the hall and whirled around , eyes wild ."
9707,who knew her here ?
9708,she was supposed to be dead .
9709,"the navy cardigan sweater and thin gray braids were nothing out of the ordinary in this row of quechua women awaiting the doctor , but the crinkled black eyes regarding wara immediately flashed familiar ."
9710,"doa filomena , the elderly lady who worked at caf amara !"
9711,"wara felt her shoulders slump with relief and she took the few faltering steps over towards the older woman , overwhelmed to see someone from her old life ."
9712,"her old life , before the trip to coroico , before disaster ."
9713,"wara slowly leaned forward to grasp doa filomena 's forearm , mumbling the usual quechua greeting ."
9714,"the woman smiled , dispersing a legion of crow 's feet across her copper cheeks ."
9715,"`` i have been needing to have some tests done for a while , '' she was saying in quechua , `` and since the caf is closed today i am taking advantage of the time ."
9716,''
9717,wara swallowed hard .
9718,"caf amara , vestiges of another dimension ."
9719,`` the caf is closed ?
9720,''
9721,she repeated .
9722,"her voice faded to a whisper as she asked , `` why ?"
9723,''
9724,`` you do n't know ?
9725,''
9726,"doa filomena 's rheumy eyes flickered , then she cocked her head to one side ."
9727,`` of course you know !
9728,"they said you were on the bus as well , that bus that had the accident ."
9729,"this whole week we prayed for you , and that boy ."
9730,we prayed for you so much .
9731,"what am i thinking , how could i forget that !"
9732,they said that you had been found and that you were all right .
9733,"but then yesterday i went to work , to peel potatoes and make the humintas , and they said that the caf was closed until next week , because they found that poor boy had died and gone to glory ."
9734,''
9735,wara 's words stuck in her throat .
9736,"i ca n't talk about noah , or i 'm going to throw myself into her arms and cry ."
9737,her knees trembled beneath her .
9738,and then she heard herself say something she never would have expected .
9739,"`` doa filomena , can you please pray for another friend of mine ?"
9740,''
9741,the word 'friend ' was spoken rather tightly .
9742,`` he was shot in the head .
9743,the doctors think he might not live .
9744,''
9745,"`` oh , that is serious !"
9746,''
9747,"doa filomena shook her head slowly , thin gray braids scratching her worn sweater ."
9748,"`` we must pray for this poor boy , too ."
9749,"sometimes , when i am not working , i come here to the hospital to pray for people ."
9750,"and if i can not come , i will remember to pray for your friend at church ."
9751,''
9752,"wara felt some kind of relief that filomena would probably be waving her hands around and praying for alejo , because right now , she could n't ."
9753,"all she could do was sit there and watch him , to see if he would live or die ."
9754,"fighting back the bitterness stinging her throat , wara said goodbye to doa filomena and made a beeline for the back door of the hospital ."
9755,"an ample concrete square shaded by a balcony preceded the hospital 's delivery area , currently completely empty ."
9756,filomena 's words echoed through wara 's head : `` they found out that poor boy had died and gone to glory .
9757,''
9758,"barely stifling a cry of grief , wara flopped to the ground behind a huge clay planter and curled into a ball ."
9759,"sometime in the afternoon , wara forced herself up from the ground ."
9760,she wandered the dusty neighborhood and called the martirs on the brand new cell phone alejo had bought for them .
9761,"she could n't call them on her own new cell phone , because the thing only worked for local calls ."
9762,"by the time she left the viva call center across from univalle , dusk had darkened to full-blown night ."
9763,few people passed the hospital on the unlit sidewalks .
9764,"wara sighed deeply and headed across the street to the hospital , resigned to spend one last night here before joining the martirs in lima ."
9765,"yes , she felt bad for alejo ; he was up there all alone , life hanging in the balance ."
9766,"but he was n't hers to care for , not by a long shot ."
9767,"she needed some time , needed to be close to people she actually liked ."
9768,the roll of red boliviano bills she had pilfered from alejo were more than enough to make it to lima .
9769,"with her dark coloring , she 'd likely make it across the border on the bus without showing id ."
9770,"she had also called her parents again from the call center , and they would wire money to lima for her and arrange for a plane ticket back to the u.s."
9771,home .
9772,but not really .
9773,this had been her home .
9774,i loved this city .
9775,i never wanted to leave .
9776,but now cochabamba seemed full of unknown stalkers and haunted memories .
9777,"for the first time since she arrived in bolivia five years ago , wara wanted to go home ."
9778,"chest still tight with emotion , wara exited the elevator upstairs and turned towards the room she shared with comatose alejo ."
9779,"the halls were dim and empty and a faint , urgent beeping drilled the walls ."
9780,from the direction of alejo 's room .
9781,"wara swallowed hard , just as the buxom nurse from this morning pushed past her , practically tearing up the tiles in her white clogs ."
9782,"wara froze , then hurried after her with clipped steps , as the nurse dove into the open door where wara had left alejo ."
9783,she ducked inside to find alejo convulsing on the bed and the blood pressure machine going wild .
9784,dr.
9785,"ortega had his back to wara , punching a syringe into the plastic of alejo 's iv bag ."
9786,"five or six nurses in white were framing the bed , grim and sober ."
9787,"every single set of eyes flickered to wara as she entered , and none of the gazes were friendly ."
9788,`` what 's happening ?
9789,''
9790,"she asked stupidly , knowing they all must hate her for disappearing the whole day while her fianc was hovering between life and death ."
9791,`` he 's dying !
9792,''
9793,"the nurse with the clogs snapped , then turned back to alejo ."
9794,`` it 's the swelling .
9795,''
9796,dr.
9797,ortega 's face shone slick with sweat above a bushy black beard .
9798,"`` it 's gotten worse , making him convulse ."
9799,his heart 's racing .
9800,"it 's like i told you , seorita ."
9801,the only way to relieve the swelling is to operate .
9802,we ca n't do that here .
9803,''
9804,"wara wandered closer , ignoring the cool glances of the nurses ."
9805,"alejo had stopped shaking and lay flat on the bed , face the color of white clay ."
9806,`` he 's dying ?
9807,''
9808,"she repeated , moving so close one hand touched the edge of the bed near alejo 's elbow ."
9809,"`` the bullet did n't enter his brain , '' the doctor said , speaking loudly over the frantic beep of alejo 's heart rate ."
9810,`` but the impact still caused this swelling .
9811,it 's much worse than we thought .
9812,his heart ca n't keep this up much longer .
9813,i 'm sorry .
9814,''
9815,"wara did n't even look at the doctor , but her face crumpled as she watched alejo ."
9816,i should leave .
9817,just leave .
9818,i do n't have to watch this .
9819,"but her heart surged to her throat , vibrating with what she realized was compassion ."
9820,she clutched the bed sheet with white knuckles .
9821,alejo 's heart rate accelerated further and his back arched .
9822,"and then his eyes flew open , leaving wara absolutely shocked , staring into a sea of hazel ."
9823,"he was sitting , suddenly , gasping and leaning forward onto the pale blue blanket ."
9824,the monitor 's beeping dove from a constant beep to deep electronic thuds .
9825,and stayed that way .
9826,dr.
9827,"ortega had flown to the bedside and was leaning over alejo 's shoulder , trying to support him ."
9828,"behind the gold-rimmed glasses , the doctor 's eyes were round and about to pop ."
9829,"`` his heart rate 's normal , '' he stammered ."
9830,`` where did it ?
9831,what happened to the tachycardia ?
9832,''
9833,the nurses had drawn back and were gaping at alejo sitting up on the bed .
9834,and then they jumped .
9835,because alejo grinned .
9836,at wara .
9837,"it was weak and lop-sided , and looked out of place on his pale face ."
9838,"but the smile caused his eyes to spark , and he glued his gaze on wara , who gawked back at him , knee propped against the side of his bed ."
9839,`` you !
9840,''
9841,he croaked .
9842,then coughed and tried another grin .
9843,`` he told me i would n't remember your name .
9844,does n't matter .
9845,they 're coming for us .
9846,two of them .
9847,"and he said we 're just supposed to go , and do whatever they say ."
9848,come with me !
9849,''
9850,"and then the grin faded and alejo hunched farther over , as if just now feeling the pain traveling down the nerve pathways from his head ."
9851,`` what hospital is this ?
9852,''
9853,"he moaned , leaning over onto his knees with head in his hands ."
9854,`` i remember everything .
9855,i ca n't believe i 'm here .
9856,''
9857,"the nurses rushed towards him , firm hands admonishing the patient to lie back down ."
9858,wara forced her mouth to shut and backed up a few feet from the bed .
9859,"she ripped her gaze away from alejo towards the doctor , who was still watching wide-eyed and incredulous ."
9860,`` i ca n't believe ?
9861,i was sure he was ?
9862,dying .
9863,''
9864,"as if realizing he had just said that out loud , dr."
9865,ortega snapped his mouth shut and rubbed his temple .
9866,`` this is really unusual .
9867,we 'll have to run some more tests .
9868,"i 'd say we 're not out of the woods yet , after that little speech our patient just made ."
9869,he 's obviously delirious .
9870,it 's to be expected with the brain trauma .
9871,''
9872,delirious .
9873,of course .
9874,`` they 're coming for us ?
9875,''
9876,that had sounded like a line out of terminator .
9877,"a skinny nurse butted into wara 's line of sight , cutting off the conversation with the doctor ."
9878,"`` doctor , '' she clipped nervously ."
9879,`` the patient he ?
9880,ca n't see .
9881,''
9882,"wara blinked , staying where she was as dr."
9883,ortega moved towards alejo and tried to check his sight .
9884,`` you ca n't see ?
9885,''
9886,the doctor asked with concern .
9887,"alejo was lying still on the rumpled pillow , eyes opened narrowly ."
9888,"`` i ca n't see anything , '' he answered ."
9889,`` there you go .
9890,''
9891,dr.
9892,ortega turned his head towards wara .
9893,`` it 's still the swelling .
9894,"considering the loss of sight and that delirious talk , i 'm going to have the lab come up and do some more tests right away ."
9895,''
9896,but he looked right at me .
9897,"when he woke up , wara thought , stunned ."
9898,"that grin , half-crazed but out of his mind with delight about something ."
9899,he knew she was there .
9900,and now he could n't see .
9901,"`` it 's late , '' the doctor told wara ."
9902,"`` why do n't you try to get some rest , while we draw some blood for the tests ."
9903,''
9904,"everyone shuffled out into the hallway , leaving wara alone with alejo , lying still and pale in the bed ."
9905,staring at the ceiling and seeing nothing .
9906,"`` get some rest , '' the doctor says ."
9907,tomorrow could n't come fast enough .
9908,wara needed to escape to lima .
9909,27 sapphire gabriel shara forced himself to eat breakfast that morning purely out of habit .
9910,his stomach was full of butterflies with razor wings and his hands tingled as he sat at the table near the large picture window in the kitchen .
9911,"he was waiting for manuel , and manuel was not coming ."
9912,"gabriel realized that the hot water in his ceramic mug was getting cold , and he distractedly unscrewed the red plastic lid of the nescafe jar and scooped a generous heap of instant coffee into the water ."
9913,"he added two tiny spoons of sugar and a stream of cream , stirring it around without thinking ."
9914,a tightly-sealed bag of crusty marraqueta bread had been delivered this morning and was sitting on the middle of the white lacquer table .
9915,"gabriel extracted one of them , sliced it open with a serrated knife from the table , and began to spread regia margarine and strawberry jam on each side ."
9916,"as he bit into the chewy , warm bread , the thought crossed his mind : these are exactly like the ones my mom used to make , in the clay oven in the back yard ."
9917,"gabriel 's mouth twitched into a smile at the image of his fashionable , upper-class mother , standing in the backyard in a pink apron and huge oven mitts , waiting for the crust of the marraquetas to reach just the right texture so she could snatch them from the steaming mouth of the oven in the corner of their backyard ."
9918,"the shara family had maids and servants to do every kind of manual labor , but baking bread had been his mother 's hobby ."
9919,"gabriel thought it was in her blood , passed down from her arab ancestors who had baked flat bread in outdoor ovens in palestine ."
9920,he sighed deeply at the memory of his mom .
9921,"it stunk that she could n't know about his work , and especially about the assignment gabriel was on today ."
9922,it was such an honor that the khan had thought of him for this job .
9923,his mom would be so proud .
9924,but she would probably never find out .
9925,"gabriel frowned in frustration and slowly chewed his bread , then glanced nervously out the window , watching for manuel ."
9926,"gabriel was waiting in a large , newly-constructed house on a high slope at the north of cochabamba , one of many rented by the khan 's foundation ."
9927,"no one else was here besides gabriel , and that fact was beginning to make gabriel sweat ."
9928,he swore silently as he took a swig of nescafe and stood up again to try to see over the concrete wall surrounding the house and down the hill where a car could be coming up the cobblestone street .
9929,nothing .
9930,"the morning was silent , except for the sound of a few song birds flitting around the coral and white flowering trees in the neighborhood ."
9931,where was manuel ?
9932,"after the disastrous scene with alejo at pairumani and the subsequent rush to univalle , gabriel and stalin had made it just in time to the jorge wilstermann airport to meet benjamin and ishmael ."
9933,"until the moment that the men were to check in for their flight to asuncion , where they would meet lzaro after his three-day sabbatical and regroup , only ishmael had known that gabriel would be staying behind ."
9934,"as he clapped all his friends on the back good-bye , gabriel had casually explained that he had a contract for a job , and would meet them in asuncion after the weekend , inshallah ."
9935,allah willing .
9936,"okay , so gabriel would n't carry out the actual mission today , of course ."
9937,that was where manuel came in .
9938,"gabriel was the mastermind behind the whole thing , providing all the technical support ."
9939,the client who had hired him was going to pay him a cartload of money .
9940,"last night gabriel had stayed up much later than he should have , playing the violin much too fast while dreaming what he would buy for ambrin with the money ."
9941,"he was thinking maybe a trip to europe for the honeymoon , because what girl did n't want to go to europe ?"
9942,"in two more months , ambrin would graduate from nursing school and ishmael had said the wedding could happen after that ."
9943,the whole idea was enough to make gabriel downright delirious .
9944,but he really did n't feel at peace .
9945,of course he wanted to marry her !
9946,but that was just the problem .
9947,allah had given gabriel back his life that night in peshawar when his throat had been slit .
9948,what right did he have to just marry ambrin and go on honeymoon to paris and live happily ever after ?
9949,"the world was full of people suffering , their daily lives full of misery ."
9950,"a good example was the people of palestine , where his grandparents had lived before immigrating to bolivia ."
9951,"he probably still had relatives there , whom he had never met , trapped in what many considered the world 's largest jail ."
9952,"conditions there were abject poverty , as the palestinians had been forced off their land by the israelis and left with nowhere to go ."
9953,"they belonged to no country , thus had no passport and could never leave that place to study overseas or work ."
9954,"and in palestine , there was no work ."
9955,would n't allah be more than a little mad if gabriel just married ambrin and sat around drinking coffee with her in the mornings and laughing about all their kids ' cute little antics ?
9956,the thought caused gabriel 's stomach to churn .
9957,what if allah was n't pleased with his decision to live out his own desires and marry ambrin ?
9958,what if he would n't let him into paradise ?
9959,"the taste of the fresh bread soured in gabriel 's mouth and he gulped down the last inch of coffee , then glanced once more at the window ."
9960,the brick-colored stones of the street were still silent .
9961,"he carried his dishes over to the sink , where later they would be washed by someone the khan hired to keep this place up ."
9962,"he dropped the margarine and cream off in the refrigerator , carefully tied up the bread in its bag with a perfect little knot ."
9963,"all the rooms of the huge house were absolutely silent , and the slapping of gabriel 's bare feet across the shiny black tiles echoed loud ."
9964,"he pulled a cell phone out of his jean pocket and punched in the number for manuel , holding his breath ."
9965,he 'll probably answer and say that he is just pulling up to the gate any minute .
9966,"he would n't be late for this , would he ?"
9967,not after all the time we 've spent .
9968,manuel choque 's family lived in a one-room hut of adobe out in the mountains around potosi his father had not been home since he was two .
9969,"somehow , while packed into a classroom of seventy kids out in the countryside , he 'd been picked out as having musical talent ."
9970,"manuel had been given a full scholarship to attend the iranian-bolivian conservatory , founded five years back in cochabamba ."
9971,"the short , swarthy seventeen-year old was now a beautiful classical violin player , as well as a devoted muslim ."
9972,"when he was n't studying , he made a small amount of cash playing at concerts and parties ."
9973,"he also took occasional jobs playing at upscale restaurants , who requested musicians from the conservatory ."
9974,"today , beginning at 12:00 , manuel was to play at a luncheon ."
9975,"on his way to the job , manuel was to stop here at the house , to take care of some vital matters with gabriel , who had prepped him for this day in several important meetings ."
9976,manuel was supposed to arrive at 9:30 .
9977,"as the cell phone kept ringing , gabriel pulled the phone away from his ear to check the time ."
9978,9:42 .
9979,"how could he be late , today of all days ?"
9980,there was so much to do .
9981,manuel knew what today meant .
9982,he 'd said he wanted his life to mean something .
9983,"sighing crossly , gabriel hung up and redialed ."
9984,"as the ringing began again , he padded across the wide entryway into a room that lay behind a heavy wooden door ."
9985,"he pushed it open and strode over to a thick table , glancing for the hundredth time that morning at his creations from the past twenty-four hours of work ."
9986,"in the corner of the room , boxes of explosives and electronics were scattered , like a kids ' legos dumped out onto the tiles ."
9987,"the contents of gabriel 's tool boxes were sprawled across the dusty black tile of the floor , signs that a madman/half-genius had been at work , putting together things from raw ingredients with the inspiration of an artist ."
9988,"but the most important item for today 's mission was laid out on a crude wooden workbench , awaiting the arrival of manuel ."
9989,gabriel 's violin was also resting on sapphire velvet in its case on a clean work table .
9990,"he almost choked up , seeing the instrument and remembering last night , how he 'd played for ambrin and dreamed of europe ."
9991,"i 've slept in so many strange places like this house , that are home to no one ; full of generic dishes , fresh instant coffee , and beds that are always mysteriously made up with clean sheets by some unknown hand ."
9992,"but as long as i 'm with my violin , it feels like home ."
9993,things are n't so bad .
9994,"gabriel pressed his lips together as the cell continued ringing , now for the fifth time ."
9995,he felt a little faint as it occurred to him that manuel was not coming .
9996,no !
9997,how could he do this ?
9998,how could he not understand how important this is ?
9999,"ok , yes , it 's a little scary ."
